-1000004384
-1000272496
-1000347386
100122666
1001420313
100144808
1001880498
1002518999
100259552
1002603099
-1002628660
1002868634
1002965936
1003221970
1003232729
-1003612032
1003661358
-1003671793
1004180147
-1004377659
-1004499024
-1004567328
1004605605
-1006170366
100632789
-1006563879
-1006659575
1007082943
1007208093
1007491360
1007986593
-1008021512
1008348829
1008395096
1008411278
1008743091
1008818695
-1008983097
-1009235601
-1009332673
1009432636
-1009711331
100973139
-1009736391
-1009774665
1009913610
1010188704
-1010498619
1010672351
-1011365998
-1011527818
-1011535909
-1011669146
1011750012
1011820492
-1011922897
-1011961658
-1013172329
-1013329517
-1013989796
1014051616
1014777958
1014830415
-1014920850
-1015038989
-1015541106
-1015785463
-1015911613
1016568970
-1016611599
1016862100
-101717262
1017222087
1017277286
1017346954
-101767012
-1017672673
1017868979
-1017962067
1018241619
-1018451429
1018752194
1018816922
1018967665
1019126509
-101916814
1019403977
1019558560
-1019836215
-1019861507
-102029620
1020351486
1020545802
1020546494
1020792667
-1021031806
-1021099648
-1021283708
1021386571
-102159707
1022016636
-1022155675
-1022214592
-1023185914
1023509584
-1023888890
-1023937436
1024278889
1024410876
-1024496064
-102470868
-1025198485
-1025328572
-1025480082
1025511952
-1025771017
-1025870098
1026441576
102646402
102668843
-1027163438
-1027435651
1027678266
-1027939297
1027945929
1028488648
-1028591301
-1028604982
-1029051257
-1029059008
-1029109895
-1029304903
-1029571497
1030022813
-103030030
1030332975
1030446593
-1030488881
-1030743026
1031258904
1031478238
103160255
-1031755767
1031910023
-1032379103
-1032669358
-1032727474
1032834055
1033255796
-1033269740
1033325230
1033381946
-1033464541
1033755183
1033869365
1033912215
103392623
-1034255913
-1034286443
1034328429
-1034407808
-1034423064
1034454934
1034480632
-1034504900
1034607637
1034643845
1034773301
-1035056882
-103513507
1035269156
-1035551212
-1035584202
1035608113
1035919671
1035998481
-1036209507
-1036258053
-1036343733
1036356543
1036514935
1037114316
-1037354728
1037631057
-1037706534
-1038011206
-1038387694
1038877673
-1039036495
-103936970
1039437838
1039465572
-1039541234
1039811075
1040310822
-1040571464
1040909761
1041204320
1041325048
-1041474788
-1041477057
-1041493239
-1041864804
-1042352456
-1042664814
1042806258
1043092510
-1043189755
-104320410
1043240945
1043385337
-1043395457
-1043431239
1043595703
1043757718
-104398397
1044082957
1044193798
-104450581
1044691256
1044740611
10447963
1044810331
-1044926726
-1045007636
1045331479
1045534949
1045679190
1045859956
-1046776971
-1046829836
-1047177973
-1047272281
1047296193
1047401965
1048358820
-1048395369
-1048491136
-1048522033
-104863048
1048837152
1049057437
1049247125
1049268150
-1049699430
1050199433
1050470768
1050486950
1050640679
1050644648
-1050655083
1051029210
1051541041
1051948366
1052328329
1052383203
1052418105
105258808
-1052686735
1052711383
1052784016
-1052838853
1053408732
1053415807
-1053668218
1053952801
-1055003328
-1055295936
1055335064
1055457403
1055689772
1055739329
1056118595
-1056695205
-1057166433
-1057336344
-1057414348
1057521570
1057750383
1057911831
1057992941
105812886
-1058155682
-1058197732
105829068
1058642001
-1058745771
1059057641
105942342
1059471699
1059513749
1059552270
1059908011
1059971086
1060125333
-1060126992
1060281248
-1060313414
1060880547
1060989686
1061005868
-1061393878
-1061562846
-1061661990
-1061972152
-1062422058
1062719774
-1062760676
1062839931
-106287338
1062935957
-1063359091
-1063673093
-1063879929
-1063901412
-1064162863
1064444841
1064491980
1064888075
-1065105223
-1065183990
-1065233239
1065443518
-1065801664
1066370510
1066371962
1066481466
1066998239
1067011920
-1067039805
-1067549832
-1067798625
1067840251
-1067914374
-1068070094
1068099390
1068193926
1068948729
-1069489817
1069591148
1069592680
-1069762144
-1069918997
-106996937
1069998181
1070027367
1070603984
-1070767122
1071299406
1071345109
1071591918
-1071688389
1072159759
-1072518945
-1072599744
1072801393
-1073035718
1073270303
1073436458
-107370457
-1073731724
-1073823457
-1073891411
-1073899924
1074672114
-1075134662
1075314277
107606494
-1076177795
1076465586
1076941316
1077252798
-1077341545
1077362322
-1077548194
-1077611269
107801529
-1078068606
-1078074109
107808769
1078138762
1078423837
-1078503636
1078602126
-1078688930
-1079263630
-1079745566
-1079765303
-1079905112
1079907724
1079983922
1080047380
-1080281062
-1080297244
1080363370
-1080405526
-1081103237
1081188017
-1081212685
108160604
-1081661053
-1081856213
-108187455
1082094230
1082270252
-1082379936
-1082420979
108243974
-1083249310
1083958677
1083994843
1084023405
-1084118684
1084131579
-1084565164
1085068037
-1085076009
-1085346337
-1085419156
1085555557
-1085556703
1085660255
-1085663496
1086285534
1086519426
1086649513
-1086651430
-1087115672
-1087334129
-1087358402
10883712
-1088477192
1088989423
-1089307566
1089357113
1089404229
-1089415638
1089462022
1089590322
108970153
108973058
1089825277
1089981829
-109005864
-1090149578
-1090758664
1090771222
1090944622
-1091018952
-1091862318
1091881741
-1092270005
-1092309332
-1092409131
-1092418780
1092439557
-109253066
1092764897
-1093449827
1093703660
109383920
-1094130166
-1094256814
1094875189
-1094906321
-1094948371
-10951667
1095370739
1095786544
1095891151
1096408750
-1096599872
-1096628840
1097556324
-1097583174
1097799386
-1097878177
1098040538
-1098083759
1098218540
-1098682010
-1099124455
-109916473
-1099176639
-1099180128
1099300385
-1099775636
1100038808
110033161
1100517170
-1101193488
1101355255
-1101363145
-1101493232
1101594831
-1101713401
1102327910
1102593396
1103230952
1103288818
1103380907
-1103556470
-1103576116
-110371225
110385762
-1104011184
-1104720021
1104844926
1104922351
-1104927410
1105109787
1105222381
-1106022796
-1106334706
1106380997
-1106503512
1106693355
1106736049
-1107517492
1107650723
110815313
-1108263966
-1108351708
-1108477148
1108664639
1108680821
-110881758
-1109002438
1109284515
-1109505278
1109516908
-110973855
1109848095
-110998128
1110001785
1110733341
1110787
1110830116
1110909815
-1111312937
-1111385066
-111164151
1111873354
-1112326845
-1112582314
1112637269
1113096321
-1113158097
-1113174970
1113875552
1114053554
-1114065400
-1114120599
-1114314197
-1114768820
1114847351
-1115213507
-111533681
1115403504
1115751215
1115848719
-1116080307
-1116642968
-1116867595
-1116919273
-1117326779
111758228
-1118171656
1118240391
-1118680517
-1118866610
-1118923247
-1118988553
-1119020339
-1119168297
1119760207
1119972224
1120254836
-1120595490
1120674368
-1120885893
1121098530
1121187531
1121348462
-1121889723
1122118297
1122344830
-1122421462
1122706045
1122878223
1122891904
-1122968777
1123184715
-1123567028
1123578977
-1123713858
1124541494
-1124582513
1124712738
-1124917669
-1125442359
1125487123
1125877139
1125932338
-1126113861
1126244715
-1126728586
1126735682
-112674417
1126749363
-1126930707
-1127029431
-1127220166
-1127689012
1127949322
-1128032647
-1128591221
-1128713114
-1129224875
1129417586
1130797105
1131178319
-1131324774
-1131389502
1131476196
113201910
-1132209430
-1132417420
-1132704059
-1133244704
1133305873
-1134395769
113470022
-1134769006
-1134832081
-1134903899
-1135042363
1135275474
1135317524
-1135536505
1136973999
113710612
-1137124724
1137176274
1137565359
-1137667443
1137773349
-1137807252
-1137884058
-1137921000
-1138044129
-1138170189
1138528152
1138605787
1138937518
-1138947889
-1139295600
-1139445848
1139712268
-1140203813
-1140515441
1140563580
-1141357453
1141436491
1141703916
1141767678
-1141814625
-1141979784
1142087820
1142112093
-1142226827
1142322459
-114261704
-1142661514
1142764377
-1143022917
1143212745
-1143370628
1143612838
-1143718339
1144018975
-114463979
-114480161
1144827496
-1145519909
1145989178
-1146139010
1146241873
-1146292005
-1146344189
-1146444478
-1146847738
-1146945242
-1147256880
1147378544
1147532725
1147823570
-1148042551
1148049632
1148154757
1148228147
114829472
-1148662120
-1148840122
-1148921032
-1148969578
-1149168138
-114940666
1149618991
1150113013
-1150302998
1150662124
-1150676235
1151597990
-1151762579
1151830
1152063914
1152740814
1152784740
1152801801
1152825195
1152845894
1153073736
-1153085978
1153096101
1153114779
1153128460
1153209724
1153388613
1153506225
1153879462
1154139234
1154236738
1154418840
1154626754
1154675440
1154757760
1154873023
1154889855
115521256
-1155606357
-1155612416
-1155680322
1155890859
-1156030736
-1156111646
1156118884
-1156883056
1156928433
-1156978823
1156983739
-1157172351
-1157334267
1157421336
115751494
11576494
1157653882
1157745845
-1157823532
1157955198
1158111219
1158363258
1158668468
-1159015448
1159146997
1159257395
-1159515409
-1159518037
1159847145
1159926808
-1160305828
1160732035
1160784219
-116085730
1160940751
-116111949
1161445322
-1161493905
-1161936370
116208831
-1162196544
-1162352350
1162590063
-1162830069
-1163182281
-1163618593
1163772849
1163882080
1164188136
-1164383050
1164561373
1164632432
-1164885502
-1164917866
1165016356
116534079
1165596984
-1165684666
1165698307
1165808412
1165970221
-1166266469
1166322433
-1166361566
-1166460653
1166737720
1167012239
1167343737
-1167627102
-116782726
1167899481
-1168001259
-1168075470
1168251693
-1168302807
1168563117
1168613020
-116866998
1169006664
1169413454
1169426621
-116977734
1170494272
1170649588
1171066314
117120002
117146550
1171511890
1171719792
1171953706
1172063154
1172101787
-1172114097
-1172434319
-1172786531
-1173033618
1173208899
-1173448992
-1173659358
1173895395
-1173956302
1174127141
-1174196235
1174403976
1174632339
1175640457
-1176539293
1176631107
-1176782891
1176845310
117693355
-1176955213
1177230406
-1177335908
1177369337
-1177596562
1177725341
1177825887
-1178031330
-1178737298
-1178800373
-1178967363
1179122490
1179398109
1179422077
-1179441722
1179486585
-1179504797
-1179977787
1180240121
-1180398446
1180463519
1180958148
-1181276847
1181302997
118135808
1181855740
-118216713
1182346130
-1182522215
1182661160
1182697752
-1182759475
-1183125343
11831662
-118357072
1183703936
1183869785
-1184121639
1184158922
-1184251095
-1184307732
1184576133
-1184637839
1184919916
118510846
-1185664426
1185713199
-118582995
-1185933926
-1186561214
-1186617325
1186658471
-1186974312
-1187114121
-1187758462
1187996417
-1188630685
-1188651710
-1189183599
1189537663
1189651988
1189736452
-1189853504
1189883627
-1190569684
1190982313
1191024363
-1191174706
-1191243344
-1191264369
119131652
-11915368
-1191741213
1191786310
1192144074
1192206142
1192319351
1192645481
1192957839
-1193094267
-1193120732
1193140110
1193244806
-1193250819
-1193433090
1193482841
-1194761922
1195159779
1195194227
1195326616
1195906859
1196173049
1196710657
1196770093
1196888659
1197018493
1197070677
-119723438
-1197781572
1197937926
-1197990666
-1198045710
1198658042
1199623183
-1199940471
-1200096976
1200376313
-1201073656
-1201639031
-1201707436
-1201758352
-1201871626
-1201988330
1202016436
-1202183166
1202203943
1202501820
1202570225
-120267019
-1202929411
1203056087
-1203462959
1203756471
1203974090
1204072640
1204619453
1204784703
-120485207
-1205000085
-1205075484
-1205377932
1205767698
1206240685
-120638544
1206509770
1206533197
-1207044046
1207075916
-120715387
-1207171598
1207326123
1207576330
1207795217
1207924041
-1208090931
1208271752
1208614800
-1208664546
-1208803328
-1208940875
1209063638
-1209381311
1209833388
-1210196800
-1210270949
-1210702119
-1210712734
1210762991
1210857246
-1210868867
1210889610
-1211277205
1212528894
1212698347
1212736796
1212966459
1213157487
-1213190293
-1213227490
-1213279813
1213640120
-1213663802
-1213747902
-1214284126
1214395916
-1214542831
1214659375
-1214680794
-121484682
-1215072650
-1215626423
1215908500
-1216042488
1216318980
-1216767060
1216775696
-1217001910
1217062335
121720719
121736901
1217403253
-1217569093
-1217615185
-1218408111
1218467573
-1218482376
121891486
1219245801
-1219451244
121954561
1220142062
-1220262167
1220269263
1220282944
122053906
-1220571293
-1221170592
1221448983
1221643337
1221677060
-1221712029
1221799889
1222112247
1222124993
-1222311328
-1222330436
-1222796188
-1222842927
1222892769
1222917919
-1223078827
-12230917
1223168126
-1223428768
1223533867
-1223804276
1223863548
-122388407
-1224124190
1224324472
1224584646
1224599881
122488370
1224949188
1224971471
-1225417530
1226313838
122638907
-1226561406
-1226595968
1226734844
1226742740
1226979888
1226992947
1227395857
-122749012
-1227715313
-1227767921
-1227818935
-1227851507
-1227908680
-12279463
1228099233
-1228128466
-1228225558
1228231088
-1228235661
1228286287
1228453504
1228500451
-1228886096
1228978813
-1229606385
1229640843
-1229827375
123003449
1230122346
-1230958854
-1231789428
1231910045
1232564008
-123262108
-1232703918
1232732208
1232738376
-1232744961
-123286381
-1233303401
-1233345451
-1233468835
-1233598291
-1234092560
-1234144744
123425326
123426484
1234477124
1235023293
-1235293247
1235335651
-1235358811
1235490714
1235595572
1235692664
123595237
1235960367
1235986086
123603328
-1236281181
-1236492972
1236610802
123668056
-1236879099
-1236955966
1237411383
1237506252
123833697
1238372813
-1238575349
-1238768749
1238796632
1239069514
1239166606
12394135
-1240079546
1240385563
1240697921
1240822667
-1240853523
1240871213
-1240886533
-1241204453
-1241372653
1241444106
12418408
124193983
1242103159
1242535365
-1242605952
1242682247
-1242760681
1243393094
-1243393240
1244434156
1244498884
1245139084
1245238254
-1245552994
-1245649806
1245683219
124588245
-1245991727
1246268219
1246357965
-1246408687
124672140
-1246992233
-1247310429
1247387526
1247774568
1247819097
1247842973
1247897912
-1247966399
1248098000
1248203125
-1248435309
-1248485181
1249704119
1249984178
-125007533
125019851
-1250279827
-125063807
-1250647534
1250679600
-1250986357
-1251000365
1251005735
-125112353
-1251677969
-125180463
1251972940
1252202983
1252371807
-125243538
-1252810155
1252863370
-1253013614
1253016073
-1253172863
1253181356
125334719
-1253404722
-1253416524
1253439180
1254059206
-1254146811
-1254292208
-125442220
125450129
-1254563308
-1254571399
-1254646198
-1254692764
-1254820262
1254888346
1255047541
-1255129789
-1255287547
-1255496071
1255561018
-1255660784
1255665386
-1256202221
1256498092
1256680363
1256835683
-1257655825
-1257686560
1258176539
1258386561
1258448724
-1258470475
-1258482949
-1258729693
1258814685
-1259029762
1259237248
1259257130
1259279298
1259442712
-1259772826
-1259863222
-1259968405
-1260000769
-1260073588
-1260139628
1260228715
1260236806
1260244897
1260585211
1260763219
-1261656830
-1262335613
1262430797
-1262960329
-1263188599
1263384905
1263469005
-1263555621
1263743112
1263762220
-1264040198
1264142825
1264435337
-1265155045
-1265308774
1265488174
-1265791749
-1265846473
-1266086823
1266181190
-1266342695
-1266589782
1266654538
-1266859652
-1267046702
1267352719
1267534990
-126760323
1267605998
1267704545
1267947849
1267968874
-1268228288
1268472064
-1268540067
1268747678
-1268839353
1268858076
126980178
1270227801
1270602558
-1270628030
-1270821539
-1271021674
-1271263908
-127139925
1271463457
-1271595000
-1271942711
-127222011
-1272335512
1272402631
127242954
-1272687724
-1272747795
-1272750799
1272845076
-1273140385
1273496257
-1273528563
1273531022
-1273778770
1273834334
1274303244
1274431941
1274451542
-1274465391
-1274804214
-1275029805
1275375640
1275389321
127574141
-1275822731
-1275851965
-1275892420
-1276101108
-127669441
1276905730
1277425946
-1277483753
-1277661755
1277894988
1277915357
1278538785
-1278552510
1278784731
1278939922
1279292134
-1280732990
1280806107
-1280836330
-1281006241
1281283405
1281347461
1281731773
1281854902
1281904793
-1282165824
-1282255131
1282372368
1282461110
128261351
1282714342
1283074987
-1283083462
1283131601
-1283166967
128344258
1283566288
1283834053
1283864165
1283939178
1284700079
1284918495
1285213
-128553931
1285643956
1285645708
-128581646
-1285841112
-1286205654
-1286370883
1286551837
1287286759
-1287320884
-1287381804
128741422
1287817391
-1287979722
1288023760
1288513802
1288984070
128964716
1290121317
1290169863
-1290218691
1290439194
1290545860
1290860200
-129092420
1291051706
1291170576
-1291958185
-1292080236
-1292116122
1292237737
1292612629
1293045143
-1293519975
1293875647
-129409127
1294100677
-1294207471
-1294221152
1294326739
1294745021
1295076210
-1295418344
-1295837266
-1295921876
1295987887
1296272046
1296467054
1296793020
1297142020
1297719425
-1297867268
-1297889041
-129800736
1298122184
-129830133
-1298667227
-1298861577
1298875904
-1299106474
129927509
-1299276864
-1299506961
-1299899445
-1300001590
-1300265727
1300437694
-1300460835
1300672599
-1300808577
-130137669
-1301556107
130176149
-1301826448
-1302165442
1302170239
-1302240280
-1302346860
1302498571
1302595663
-1302699072
1302700846
1302768157
-1302967184
-1303030259
1303163490
-1303236701
1303791362
-1304161325
1304275997
1304421635
-1304585235
-1304896444
-1304978879
1304987625
130528028
1305410036
-1305519666
1305702548
130570333
-1305810487
-1305890205
-1306142305
1306385803
1306745681
130680731
-1306964018
-130733471
1307441103
1307768484
1308038654
1308194460
-1308244464
-13083255
-130863118
1308871360
-1308939886
-1309346611
-1309364147
1309387569
1309569674
1309575911
-1309658969
1309777576
1309891460
131017374
-1310247912
1311070916
1311135769
1311187953
-1311304548
-1311663204
-1312157833
-1312259110
131278649
-1312927090
-1312967545
1313041762
-1313128484
1313282939
1313449694
-13135439
-1314031981
1314032316
-1314510332
1315070009
1315691052
-131581596
-1315909542
-1316089114
-1316240729
-1316392941
-1316578618
1316628978
1317183509
1317274515
1317372019
1317556746
1317577771
-1317896360
1318014083
-1318016638
-1318049002
1318374040
-1318620595
1318781582
1318919000
-1318968306
1319361445
-1319373800
1320216194
1320654121
1321252039
-1321490580
1321662353
-1322007484
1322228259
-1322229549
-1322718960
1322726056
13235400
-1323542482
1323665863
-132377091
-132438255
1324410080
1324464804
132450003
-1324891703
-1325126342
-1325303334
1325419016
1325597018
-1326465245
-1326520444
1326661609
1327131714
1327345240
1328053556
1328248564
1328791283
1328876776
1328892958
-1328895078
1329337343
-1329509780
-1329591866
133004310
-133014745
-1330192562
-1330321073
-1330353246
-1330539530
1330945156
1331030252
1331296667
-1331344295
-1331368223
133191596
-1331984971
-1332076859
1332220765
-1332305297
-1332579951
1332625812
-1332821547
-1333034381
-13330473
1333214022
13332904
1333483783
1333756378
-1333789184
-1333877574
-133396253
-1333971455
-1334017383
-1334070109
-1334094382
1334160508
-1334283813
-1334361716
-1334492505
1334801525
-1335645260
1335690304
-1335780416
-1335975690
-1336646368
-1337042851
1337452490
-1337549692
1337707269
-1338189915
-1338287950
1338319289
-1338422370
133858076
-133861936
-133864417
-1338977127
-1339021367
1339125109
-1339202624
-1339491761
-1339776170
1339956179
-1340036344
1340182241
1340223441
1340397732
-1340797961
1340805057
-1340921634
-1341357946
1341559086
-1341571568
134157841
1341618125
-134264301
1342742028
-1342834586
-1342892511
1343047638
1343193276
1343205767
1343231486
-1343269273
-1343310316
1343358455
1343372136
-1343850795
1343895559
-1343970605
-1344149182
-1344591627
1344828294
1345118422
1345244572
1345265597
1345392273
-1345470070
1345860437
-1345899865
1345980258
1346176833
-1346228906
-1346358362
1346489216
-1346517959
1346524544
1346715764
1346849632
1347705325
134770769
1347786769
-1347793110
1347878256
-1348139287
-1348202362
-1348218335
-1348512524
-1349011261
-1349053961
1349287104
1349660917
-1349977942
-1350067288
1350116887
-1350142179
1350173524
1350467904
135048271
-1350630797
-1350730921
1350849779
-1351125183
-1351152726
1351845767
135188080
-1352371044
-1352843022
1352866845
1353018952
-1353500430
-1353592313
1353903842
-1354027000
-1354489049
-1354526366
-1354584816
13547804
1355490171
1355570530
1355586712
-1355709152
-1355730177
-1356186754
-135623180
1356949519
-1356990554
-1357258821
-1357265175
1357440456
1357477412
1357846304
1357918917
1357932598
-1358346508
135888776
1359044472
-1359094880
-1359525622
1359679878
-1359877834
-1360290716
1360384302
-1360485724
-1360603283
-1360645333
-1360704156
-1360833435
-1360913587
1360948045
-1361083642
-1361348274
-1361485424
-1361528857
-1361782961
-1362088193
13620943
-1362180331
-1362209558
1362313562
-1362474682
-1362490493
1362659059
1362659431
-1362734856
-1362822197
136316491
1363248863
1363515124
-1363576433
1363665589
-1363881801
1364018216
1364968271
-1365187252
-1365586408
-136566798
-1365681463
1365777820
-1365796774
-1366088788
1366105630
-1366299307
1366344071
-1367011387
1367309517
-1367355743
136742079
-136744082
1367580930
-1367634952
1368180130
-1368248542
1368298775
1368378767
-1368669548
1368721666
-1369165533
1369200028
1369235849
1369418271
1369546018
1369668478
-1369876346
1370090153
-1370416640
-1370917054
-1370983414
1371045188
-1371088597
-1371612476
1371797049
-1371807484
137216111
1372236226
-1372383880
-1372613304
-1372961015
-1373423743
-1373524616
1373540287
-137424879
137439943
-1374422189
-1374651540
1374685302
1374830667
-1374891099
1374992760
-1375038589
1375813169
-1375828173
-1376267146
137636643
-1377129789
-1377315661
1377903970
-1378093118
1378111046
1378296791
-1378609001
1378657103
1378674445
-1379249321
1379448052
137970914
1380041853
1380090476
1380203673
-1380253369
-1380284932
1380292674
-1380348007
1380990238
1381206687
-1381390689
-1381488743
1381652266
1381778824
1382121176
-1382141310
-1382349212
1382783992
1382979000
-1383255485
-1383465851
1383734252
-1383746783
1384073227
-1384579764
-1384617592
-138471884
-1386240355
-1386842701
-1386875065
1386901325
-1387106768
-1387171398
-138730824
1387326894
-1387586685
-1387802190
-1387984416
-1388149901
1388521755
1388590160
-1388676764
1388856164
1389123139
1389212864
-1389431845
1389473215
1389480976
-1389887125
-1390096358
1390315227
1390320387
1390328908
-1390945818
1390965321
1391184174
-139137577
-1392086554
-1392223525
1392559077
-1392765762
139284613
139318307
-1393227290
139333159
-1393648817
-1393658078
1393702842
-1393733948
-1393768476
1393808509
-1394015814
1394164169
-1394353500
139462615
1394745583
-1394925516
-1395533192
1395876867
1395901140
1395925115
-1396495985
-1396732278
1396794489
-1397427700
-1397438022
-1397533638
1397702839
1397739076
1398363792
-139871461
1399085226
-1399098590
-1399255769
-1399340791
1399447901
-1399707073
-1400381868
1401004549
1401044927
1401120144
-1401210216
1401383750
1401539556
-1401564654
-1401916866
1402377015
1402395617
1402840832
-1402906466
1402938336
-1402948771
140348299
-14034853
-1404345513
-1404513671
1406457751
-1406579979
-1406620889
1406634066
1406763157
1406824608
-1406828791
-1406916122
1407112428
1407429087
1407986903
-1408184064
-1409147058
-1409155544
-1409256506
-1409827874
1410136730
-1410188299
-1410348206
-1410396289
141068775
141094403
1411144751
-1411386843
-1411433644
1411792791
1412210644
-1413018198
14131106
1413415407
-1413439204
-1413546334
-1413548652
-1413823613
1414162592
-1414270531
1414640243
-1414813250
-141481954
-1414839032
-1415071151
-1415076351
-1415095424
-1415238211
1415300
1415358428
-1415626723
-1416204094
-1416704508
1416749272
-1416889032
-1416945669
-1417247227
-1418666458
1418717268
1418787900
-1418888278
-141891921
-141957727
-1420241609
-1420339472
1420428654
1420464053
-1420522578
1420574738
1420671597
1421400559
1422155930
-1422182002
1422562320
-142258203
1422615770
-1422839171
1422927328
-1423322738
1423329819
-1423489606
-1423756232
-1423772188
-1423925917
-1423966372
1424003613
1424089135
1424097226
1424121499
-1424244409
1424327156
-1425104771
-1425557705
1425632316
-142603428
-1426224534
1426336740
1426527485
-1426635424
-1426677729
-1427025440
-1427365270
-1428136476
-1428461615
1428492062
1428597187
1428793351
1429081351
-1429290559
1429332412
1429372867
1429397140
1429406736
-1429580960
-1429998954
-143001448
-1431076615
1431126020
143192233
-1432400406
1432536076
-1432632638
-1432653663
-1432691682
1432786283
-1432894222
-1432938995
-1433251353
-1433352720
1433671374
-1433784652
1434688963
-1434840679
1434962608
1434989116
1435012358
143502395
1435410122
1435587324
-1435681609
1435954257
-1436192662
-1436270807
-1436354486
-1436557204
1436582339
-1437223860
1437723075
-1437878981
1438130541
-1438512797
1438528633
-1438709555
-1439055516
1439216023
1439589260
-1439760931
-1439777113
1439839078
-1439945946
-1439993142
-1440488665
1440630933
-1440985552
1441550464
-144172977
1441730862
1441822940
-1441854926
-1442330656
-1442547050
-144267580
-1442769939
1442823742
1442850207
-144294200
1443011468
-1443158987
-1443251474
-1443307692
1443405730
1443446637
1443462819
1443467820
1443568002
-1443621036
-1443715719
144400345
-1444018973
-1444545134
1444986917
144516981
1445271915
-1445369513
1445374790
1445377792
-1445553971
144584527
144616891
1446291813
-1446292486
1446494135
1446496751
1446517776
144673528
-1446736757
144764887
144770620
-1448083108
1448183071
-1448583522
-1448843534
-14489239
-1449724159
1449727431
-1449848803
-1450409305
1450424702
1450893612
1451017811
1451038670
-1451431721
-1451680475
1451827194
145187089
-1452301095
1452317585
1452321872
-1452750599
1453051025
-1453761882
-1453815543
-1453931793
1454006010
1454086920
1454095011
145431655
1454776686
1455391364
-1455563581
1456306038
-1456636074
-1456856206
-1457024406
-1457027928
-1457178793
-1458038992
1458229637
145869617
-1459158703
1459181097
-1459326903
1459386834
1459561733
-1460002786
1460004178
1460036790
1460064152
-1460363391
-1460816982
1460868982
-1460869690
1461243386
146175023
-1462249724
-1462483664
-1462583092
-1462705649
-1462717373
-1462728086
-1462954148
1463046869
1463079445
1463176949
1463502666
146386226
1464122578
-146439160
-1464523530
1464605838
1464610098
1464637364
-1464862383
1465157267
-1465242702
-1465816369
1466447992
-1466806833
1466953957
146717742
1467298111
1467318499
-1467378330
-1467517092
-1467580167
1467696984
1467806432
-1467868016
146795587
-1467989381
1468107660
1468184963
1468295110
1468330601
-1468704359
-1469153670
-1469387593
-1469485627
-1469537811
1469558558
1469575556
1469741153
-1469836198
1469921934
1470019026
-1470587088
-1470943049
1471076798
1471118979
1471144698
1471160799
1471466793
-1471542046
1471554443
-1471727456
1471861180
-1472941382
147318865
1473435572
1473476786
1473714197
1474258332
-1474755770
1474804115
-1474864446
-1475011162
-1475129007
1475466272
1475521350
1475622078
1476050762
-147620157
1476825411
1477023547
-1477143554
1477150650
1477182893
-1477248527
1477543710
1477678497
-147799686
-1478637755
1478744336
-1478779180
-1478986454
1479171655
1479213960
1479408968
1479430920
-147973457
1480062085
-1480170024
1480409796
1480445506
1480473216
1480570308
-1480593688
1480669189
1480710232
1481166619
-1481579161
-1481979947
-1482367685
-1482428203
1482444826
-1483203660
1483509677
-1483609135
-1483646105
-1483828376
-1483958463
1483963340
1483987613
1484198901
-1484565057
-1484885834
1484920292
-1485103527
-1485442350
1485461728
-1485520911
-1485642276
1485789312
-1486203576
-1486721334
1486937710
1486997799
-1487144608
-1487155036
1487189494
148832838
1488845482
1488992173
1489200075
1489344164
1490177579
-1490268737
-14907521
14911323
-1491394280
-1491786102
1491902646
1491926564
1491981763
-1492184139
-1492785124
1492915198
-1493443858
-149357162
-1493615842
1493622814
-149370056
-1494422829
1494538895
1494922862
1495338149
-149559403
-1495670923
-1496091929
-149613150
1496251799
1497294932
1497697842
-1497750582
-1497938620
1498118020
1498268406
1498366095
149847141
1498693466
-1498900209
-1499446832
-1499716046
-1499732915
1499895446
-1500282063
-1500493311
1500521835
1500527981
-1500914529
-1501190337
-1501239785
1501246866
-1501253449
1501369960
1501607273
1501680963
1502121070
-1502136504
1502413093
1502591968
1503081379
-1503222352
1503302276
1503345828
-1503663482
1503735044
-1503852444
1503978115
-1504470469
-1504997314
-1505098305
-1505802729
-1506112891
1506330222
-1506448985
-1506486128
-1506524417
1507073145
-1507083580
1507280244
-1507671952
-1508182444
-1508210351
-1508270949
1508311286
-1508656809
1508661211
1508677393
1508701666
-1508724631
1508759237
-1509267350
-150939029
-1509858458
-1509884923
1510007536
-1510154054
1510956241
-1511506409
1511596178
-1511714221
-1512005796
1512224154
-1512379033
1512466640
1512759351
1513006438
-1513372594
-1513805998
1513825425
1513880149
-1513914031
1513936852
1513961125
1513964955
1514074399
-1514266243
-1514660505
151480957
-1514941124
-1515590991
1515661147
1515766272
1516460909
-1516547715
1516646090
-151685503
1517016955
-151711869
1517507886
-1518214221
-1518463076
1518689093
-1519089730
-1519138276
-1519146367
1519483777
-1519558871
-1520270640
1520676179
-1520721518
1520766736
-1520867156
1521022283
1521149189
1521253557
-1521505885
-1521519566
-1521840145
1522008360
-1522035153
-152214961
-1522347897
1522368674
-1522401852
1522502989
1522734981
-1523217271
1523347496
-1523718509
1523751424
-1524218923
-1524284461
-1524413917
152443750
-1524511842
1524520498
1525384121
-1525404387
152547296
-1525526428
-1525609767
-1525784350
-1525789462
-1526219037
1526335581
-1526667164
1526742906
1527236707
1527653323
-1527742221
1528099623
1528220988
1528241211
1528301898
1528431354
1528464256
-152889471
-1529258798
-1529434588
1529504952
-1529681467
-1529705740
1529788048
-1529902300
-1529928019
-1530474832
-1530552226
1530574815
1530967700
153120650
1531715551
-15321945
1532270708
1532550629
1532595857
-153283576
1532862987
-1533075268
1533201810
-1533243468
-1533800717
1534097099
-1534258054
-1534747757
1534789319
-1534899403
-1534925747
1534974597
1535116734
-1535320102
1535368241
-1536253828
1536615686
1536726084
1536823588
1536845738
1536889661
1536922025
-1536933788
1537018596
1537067663
-1537859819
1537912899
1537921920
-1538158624
-1538322371
-1538479596
1538675178
-1538756555
1538845737
1539188796
1539647581
-1540046935
1540444513
-1540916309
-154114150
1541399135
1541557573
-1541678444
-1542010175
-154292629
1543222195
1543319699
-1543918075
1543918455
-1543932691
-1543986480
1544015121
1544082156
1544223023
-1544330962
1544657909
1544753502
154494468
-1544999852
1545097133
1545418859
1545636557
1546355894
1546482044
1546897331
-1546954085
-1547053237
-1547327166
-1547342453
1547538035
-1547710568
-1547967911
1548090149
-1548350791
-1548513693
154854904
-1548982603
154909755
1549136753
-1549150697
-1549500601
1549574513
15498089
-154988773
-1550144258
-1550804662
-1550873067
-1551132479
-155115546
1551222343
155124885
1551266390
-1551285182
-1551632993
-1551674036
-1551846009
-1552031468
1552579986
1552594471
-1552777942
1552902677
-1552909692
1552983587
-1553468952
-1553482366
-1553667973
1553708724
155410517
-1554164374
1554259883
1554404146
1554688194
1554798383
1554866196
-1555724392
-1555954489
1556069045
-1556088934
-1556108218
-1556158100
1556207231
-1556219021
-1556263225
1556336164
1556435327
-1556808194
1556941018
-1557877553
1557881256
1557930276
-1558099593
1558242634
-1558587798
-1559055962
1559084492
-1559380039
-1559493159
-1559525523
1559544250
-1559654959
-1559727750
1559759620
1560950234
-1561118594
-1561399020
-1561521346
1561555168
1561621774
1561803581
-1561869215
1562072577
-1562119422
1562193597
-1562206007
-1562518365
1562657385
1562667830
-156269472
-1562825407
-1563002516
-1563120830
-1563438828
-156353687
-1563812065
-156411340
-1564650903
-1564985161
1565142384
1565296781
-1565406167
-156596288
-1566006487
1566155952
-15664404
1566921742
1566944083
1566952217
1567041175
-1567131234
-1568347925
-1568477381
1568745782
1568972845
-1569073642
-1569783857
1569898438
1569980163
-1570141533
-1570160362
-1570214352
-1570409287
-1570701799
1570763419
-1570994311
-1571134843
-1571941289
-1571999869
-1572024142
1572074086
1572365362
-1572435918
-1572635362
1572789261
-1572930547
-1573425176
-1573483487
1573997150
-1574017821
157438314
-1574568925
1574582733
-1574830414
-1575179737
-1575429411
-1575489993
1575645120
-1575875159
-1575902824
-1575923849
-1576014968
1576017306
-1576049999
-1576288582
-1577019587
-1577307874
-1577563722
1577592457
-1577615917
-157762420
1577923265
-1578240633
-1578309967
-1578688841
-1578931571
157895651
1579309566
1579384139
1579689545
1579789450
1579915600
1580134159
1580134760
1580264246
1580680972
1580897823
1580904579
1580928852
1581071233
-1581421181
-1581606504
158170562
-15818133
1582176047
158289709
1583179836
1583306464
-158342449
-1583493714
-1583866951
-1584123251
-1584158666
-1584288122
1584443249
-1584457536
-1584884996
-1585086790
1585535180
-1585903579
-1586000820
1586130457
1586244948
-1586336222
-1587205059
158790123
1588062829
1588168012
-1588340457
1588584151
-1588782107
-1589092269
1589143195
1589197919
-1589630896
-158992100
1590140174
1590450336
1590474618
1591248225
159137834
-1591381644
1591764998
-1592531509
-1592997608
-1593045796
-1593086251
-1593094342
1593097389
-1593102433
1593139876
-1593150979
-1593159070
-1593191434
1593195075
1593265651
1593289924
1593427471
-1593442553
-1593865463
1594597993
-1594766585
-1594887950
-1594952678
1594992255
1595595095
-1595941417
1595960795
1596171771
159638248
-1596430737
-1596488230
15965169
1596715598
-1596851017
1596852867
-1596878491
-1596893409
1597496866
1597625939
-1597685478
1598105334
1598134812
1598549383
-1598560984
-1598811191
1598843061
-159885996
1599214462
1599301170
1599423198
-1599464308
1599709091
1599781261
159985959
1599900922
159991699
-1600315617
1600351082
1600701891
-1600757648
-160126867
1601273388
-1601997654
-1602058490
1602112326
1602333065
1602364507
-160272505
-1602735390
1602957412
-160296778
1603376198
-1603428938
-1603694170
1604082103
-1604158610
-1604429766
1604449330
1604614339
1604696160
-1604862087
1605130847
1605144528
-1605230773
-1605286438
1605456086
-1605558438
1605796634
1605931816
-1605965763
160605634
1606450880
1606814902
-1607038656
-1607071020
-160717167
1607633340
-1607864457
1608091319
1608403677
-1608839611
-1609529363
1609678828
-1609742935
-1610077752
-161039527
1610622930
-1610658236
1610727054
-1610820056
-1611139490
1611552976
1611630879
1612061245
1612458989
-1612500390
1612631244
1612751501
-161276840
-1613794199
1613969480
-1614237361
1614363742
1614494285
1614584513
1614602854
1614610945
1614619036
1614652879
1614923433
1614984066
1615467568
1615795901
161580781
-1616095697
1616229927
1616283188
-161695989
-161705040
-161722055
-1617483416
1617764925
-1617784122
-1617840759
1617938880
1618048328
1618092978
1618119869
-1618197484
1619052604
1619260506
-1619537275
-1619569639
-1619618652
1619650522
1619787076
1619913623
1620072679
-1620383990
-162062271
-1620974593
-1621008706
-1621298519
-1621322792
1621765407
1622354155
-1622504800
-1622553043
-1622674864
-1622865579
-1623248465
-1623272299
1623344346
1623603258
1624079222
-1624333903
-1624910008
1624919503
1625000407
1625105590
-1625121544
1625140922
1625260154
-1625746260
1626159527
-1626436613
1626520441
-1626652886
-1626683334
1626799750
1626810197
162712448
-1627203682
1627222000
-1627820137
1628030047
-1628278767
162831832
1628446773
162852857
1628563350
1628576860
1628819736
162908116
-1629452064
-1629789190
-1629859098
-1630301543
1630308412
-1630890308
1630979490
1631257995
1631518169
-1631635834
-1632167007
1632256189
-163253280
-1632904775
-1633295036
1633314414
-1633457316
-1633607394
-1634069811
-1634909010
-1635447158
-1635460655
-1635925520
-1636826075
1637312933
-1638206992
1638629360
-1638882566
-163918719
1639333784
1639468015
1639577463
-1639636865
1640474520
-1640696476
-1640773824
1640843512
1640868782
1641045461
-1641087763
-1641158624
1641682493
1642034719
1642164806
-1642401083
-1642457720
-1642473902
-1642512379
1642612847
1642629029
-1642860090
-1642952415
-1643766746
-1644251328
1644282804
1644366000
-1645029764
1645173670
1645431726
-164564786
-1645834570
-1645931662
1646272882
-1646740110
164701210
1647713387
-1647733653
-1648058329
-1648757130
1648811884
1648958779
-1648991585
-1649009840
1649088866
1649166769
1649456164
1649557776
-1649661607
-1649911814
-1650106822
-1650667014
-1650749100
-1651149955
16512852
1651444926
1651451431
1651562011
165166900
1652005533
-1652498494
-1652813087
-1653041366
-1653138717
1653374495
1654451136
1654641017
-165491677
1654982010
1655062023
1655114863
1655346138
-1655572694
-165567129
-165572419
-1655863461
-1656434398
1656455371
-1656615827
1656677642
1656799891
1657083076
-1657326179
-1657506257
1657656464
1657916747
-1658006671
-1658093678
-1658211824
1658343947
1658691658
-1658926067
-1659039225
-165933411
-1659351583
1659637287
1660082502
1660125764
166022593
1660332709
1660403289
-1660417200
1660435653
1660750480
-1660885863
1660969788
-166099784
1661092917
-1661397379
1661565017
-1661873109
-1661973223
-1662253072
-1662624418
166275065
1662817984
-1663180031
166320470
1663275809
-1663487196
-1663839408
-1663972957
1663993664
-1664015262
-1664089137
1664134234
1664157530
1664740138
-1665085269
1665134400
166522152
-1665297255
-1665390753
1665488034
-1665598743
-1665726618
1665993589
1666112750
-1666743807
-1666799587
-1666900359
1667021610
-1667030446
-1667056165
166711377
-1667115136
-1667131318
1667176531
1667334991
1667399719
1667456356
1667544817
-1667840083
-1668035091
-1668283966
-1668395696
-1668746015
-1668828017
-1668883216
-1668884471
1669169054
1669174117
1669256203
1669730959
1670070581
1670422793
-1670508168
-1670683824
1670841297
-1670878407
-1670961013
-1671261994
-1671455642
-167145622
1671475020
1671563529
-167171843
-1671768000
-1671804713
1672252387
1672294692
-167240520
-1672418435
1672748179
-16727929
-1673000549
-1673024480
167312973
-1673806369
1673843797
-167414573
1674176188
-1674176294
1674355694
1674379967
-1674437219
1674591475
167464517
1674784005
-1674831481
1674838562
1675405587
-167550682
1675585036
-1675587229
1676030303
1676084423
-1676098367
-167633142
1676509072
-167658478
1676655019
1676707203
-1677025902
-1677439755
-1677650618
-1677714964
-1677723055
1677829636
1677895219
1678216809
-1678730135
-1678743816
1678823232
-167886466
-1679476380
-1679540936
1679623244
1679648512
1680041838
-1680182949
-1680427840
1680434936
-1680497488
-1680774198
1680896985
1680910666
-1681075632
-1681099905
1681132399
-1681425379
-1681737737
1681756674
1681766359
1681887202
1682146322
-1682414637
1682511918
-1682519189
-1682548521
1682781221
-1683334375
-1683484330
1683605544
1683633263
-1683682086
1683696338
168373328
1683802984
1683871389
-1684309581
1684386066
1684421787
-1684661793
-1684861317
168493462
1685037247
-1685086268
-1685095772
1685189286
1685216493
-1685267938
168535512
-1685507274
-1685616120
1685851660
-1686322941
-1686838697
1686927879
-1687214395
-1687708071
-1688084001
1688461828
-1688509040
1688652946
-168926482
1689332531
-1689799420
1689875250
-1689922549
1689978292
-1689987035
1690020342
-169005811
169038040
-1690764561
1690771657
1691024233
-169110179
-169188082
1692154227
-1692569869
1692741829
1692835644
1693174438
1693678903
1693713196
-1693808706
-1694105247
1694355803
169445365
-1694907392
1694998573
1695146114
-1695173675
-1695280629
-1695518756
1695539533
1695547259
-169621904
1696286751
1696384255
-1696861008
1697251866
1698541299
1698857093
1698911086
1699513654
-1699824583
-1700216810
-1700433134
1700895719
1700960447
-1700970132
-1701005515
-1701390572
1701556746
-1701707859
1701864014
-1702405343
1702587854
-1702603407
1702847126
-1702874459
1703046800
1703128292
-1703316904
1703466369
-1703543918
-1703617993
-1704002027
-1704123891
-1704176075
1704329206
1704503788
-1704934762
-1705184969
-1705282473
1705345800
-1705373323
-1705532680
1705554334
1705887330
-1705894868
1706032696
1706106632
1706147504
-170619785
-1706251677
-170665037
170696907
-1707021028
17071077
1707260800
-1707453837
1707875967
1707912879
170807305
-1708366816
1708401437
1708698552
1708891701
-1709107294
-1709182482
-1709300648
1709323268
-1709447823
1709635626
1709823304
-1709928606
1709944984
1709987289
-1710500224
-171067569
1710947852
1711037774
1711398455
-1711582120
1711784019
1712031250
1712130638
1712300792
171232271
1712482850
-1712659978
-1712755745
1712759206
-1712761842
1712762841
1713074383
1713623586
1713930735
1714373180
1714487908
-1714563541
-1714701088
-1714725361
1714840033
-1715314490
1716117241
-1716145064
-1716518969
1716601277
-1716722579
1716746915
-1716870513
-1716878385
-1716924762
-1717242927
1717355956
1717441923
-1717638012
1717792268
-1718118393
1718137345
1718443431
1718500068
-1718537796
-1718983011
-1719152921
-1719288417
1719553179
1719700503
-1719847273
1719960986
-1719968638
-1719984820
1719988348
1720002029
-1720823264
1720830360
1720841239
-1720891669
-1721039195
1721169240
-1721319484
-1721472187
-1721496532
1721917373
1721960950
-1722955656
-1723256378
172331040
-1723417705
-1723531581
-172371630
1723798225
-1723906164
172392407
1723941574
-1724351379
1724591151
-1724949297
-1725002840
1725798445
-1725885329
1725991880
-1726015416
1726481844
1726841781
-1726848122
-1727062160
-1727070251
-1727134761
1727257742
1727372839
172740158
1727405389
1727567847
-1727629390
1727799033
1728169116
-1728218505
-1728734403
-172888403
-1729013912
1729340645
1730154527
-1730310525
1730338750
173046274
-1730552284
1730671551
-1730752970
1730755651
1730755957
-1730780022
-1731146304
-1731649396
17319839
-1732006070
1732491000
1732541474
1732566909
-1732696443
-1733043844
-1733277553
1733313154
1733408921
1733631637
-1734188908
1734343173
1734445971
1734712982
-1734880213
1735077680
1735171825
1735213470
-1735802882
-1735828601
-1736521264
1736601293
-1736728830
-17369011
1737206251
-1737258991
1737514137
-1737781398
1737804169
1737970844
-1738327465
-173837849
1738584122
1738719778
-1738952181
1739042310
1739833459
1739918181
-1740305557
-1740443589
1740628162
-1740670523
-1740966019
1741002259
-1741160203
-1741320958
1741347694
-1741529027
174174017
174185879
-1741903630
1742057886
-1742154410
-1742276867
1742324412
1742373176
1742519420
1742783335
1743052301
1743215230
-1743615417
-174370548
1744057200
1744178023
-17443944
-1744698873
-1744705458
1744837818
-1744889526
-1744933159
1744940255
1744953936
1745311894
-1745346863
1745557542
174582312
-1745954890
1746026452
-174627151
174634247
-1746346843
-1746395389
-1746409875
-1746419662
1746468897
1746558607
1746624703
1746662880
-1746839780
1747168414
1747561777
1747761566
-1747843024
1748027597
-1748286089
1749627751
-1749676721
1749708131
-1750026794
17502110
1750614277
-1750677306
1751462402
-1751800486
-1751808577
1751923249
1752068887
1752093160
-1752128204
1752246889
-1752357856
-1753139124
1753212989
1753288589
-1753553639
-1753569821
1753883485
1753913305
1753965489
1753993883
175462578
1755032650
-1755242064
1755292824
-1755314883
-1755325630
1755345008
1755470010
-1755507901
1755527279
1755774743
-1755785178
-1756243287
1756542256
-1756679668
1757025778
-1757077033
1757279800
-1757468534
-1757525401
1757713785
-1757873934
-1757876678
-1757919045
-1758163956
1758338352
1758809196
-1759256197
-1759534664
1759705150
1759752267
-1759817901
-1759969351
1760082562
1760309662
-1760493432
-1760574342
-1760606706
-1761000843
-1762156467
1762451339
176311192
176315482
1763169408
-1763337316
-1763394754
-1763551306
1763716897
1764013129
-1764072557
1764235775
1764268139
1764350679
1764425213
-1764825664
-1764983009
-1765464824
-1765771293
-1766000245
1766007341
1766013201
-1766027607
1766061747
1766102202
1766175021
1766191203
1766344932
1766455709
176663193
-176676570
-1766857157
-1766883300
-1767039428
1767188893
1767379807
-1767417043
1767501251
1767631338
1767683522
1767701626
1767782536
1768231739
1768250034
17685958
176912788
-1769380562
1769471156
1769822992
-1770041329
-1770389040
1770843622
1771223828
1771280751
-1771499691
-1771750517
1771769449
1771922152
-177194230
-1772974230
1773017722
-1773118789
1773488237
177355233
-1773739113
1774307437
-1774770475
1774803239
-177505788
1775597817
1775611498
1776117188
-1776417447
1776595098
1777294552
1777731162
1778341909
1778850507
-1779027506
-177940475
177971562
1779766802
-1779972245
1780114513
1780200245
1780256245
1780264973
178064345
1780907439
-1781063799
-1781595996
1781601349
-1781620269
-1781668815
-1781724265
1781985762
1782022355
-178232593
1782998232
1783353606
-1783535242
1783560913
1783597531
1784209471
-1784731186
-1785338463
-1785468550
-1785492755
-1785804313
1785872897
-1786660006
1786790231
-1786968729
-1787138808
1787208964
1787390859
1787492909
1787632243
1787892363
-1787950386
1788001468
1788349179
-1788406333
-1788439797
-1788512317
-1788746155
1788898147
-1788956672
1789087375
1789384672
1789469411
1789652950
1789819359
1789887405
-1790180385
1790295636
1790872892
-1791020557
-179107605
1791136837
179139475
1792497357
-179260308
-1792782353
-1793095975
-1793152949
-1793441787
1793448868
-1793588173
179361080
-1793819521
1793967754
-1794062251
1794160741
1794565672
179485535
1795400903
-1795720028
-1795774949
1796043350
1796056662
-1796141034
-1796616764
-179694735
-1796974358
1797244313
-1797358191
1797701650
1797806775
179795767
-1797963616
1797996326
1798376289
1798399720
1798574274
1798945787
1799050155
-1799119435
1799215623
1799420732
1799525383
1799674871
1799920047
-1800012174
-18003391
-180056728
-180098778
1801189535
1801229990
-1801335319
1801393213
1801416083
1801539145
1801549019
-1801670136
1801757205
-1802089313
1802121551
-1802225749
1802553731
-1803013940
1803015507
-1803293124
-1803951719
1804230154
-1804613533
-1804994543
-180534916
1805427402
-1805595621
-1805622062
-1805679721
-1806026864
-1806407141
1806755483
180686803
-1807099901
180710371
1807375780
1807463673
-1808071293
-1808250330
-180849696
-1808560492
-1808602542
-1808651190
-180866277
-1809082465
1809280066
-1809573046
-1809927889
-1809945811
1810003846
-1810116515
-1810348895
-1810562304
1811340410
-1811626145
-1811629465
1811797454
1812625193
-181292141
-1813452117
-1813559748
1813689777
-181376928
1814329978
-1814648677
-1815052696
1815082824
1815206952
1815360397
-1816482569
1816807891
-1816896562
1816946987
-1817980993
-1818017567
181806148
1818078274
1818154821
-1818266886
-1818974291
-1819967852
-182021225
1820474320
-1820497093
-1820726659
1821199769
-1821336960
-1822380093
1822389191
1822815828
-1823603437
-1823783149
1824303221
1824311815
-1824466359
1824858834
1825028799
1825366876
-1825643278
-1825764643
1825952134
1826054670
-1826284572
-1826900336
-1827542069
1827640559
1827753833
182823643
-1828548981
-1828551025
-18287679
-1828848902
-1828862583
-1829262858
-1829327586
1829479714
1829558158
1829571714
1829620260
-1829718276
1830182333
1830324706
-183039221
1830690513
-1831007920
1831156231
-18313318
1831660351
1831813054
1831881680
1832254917
1832421023
1832442942
-1832720618
1832850267
1832953691
183307622
-1833604349
1833722639
-1834133551
1834163152
-1834822606
1834855446
1835154342
1835219788
1835345938
-183572649
1835769947
-1835854056
-1835896106
-1836185243
-1836275470
-183725352
1837522285
-1837762291
-1837946186
1838272751
1838331834
1838402207
1838460155
1839078308
-1839522864
-1839633991
-1839692775
1840157860
1840255622
-1840558569
1841191580
1841427967
1841448240
-1841494474
-184155547
-184170567
1841841474
-1842996098
1843512227
1843621675
1843653575
1844220252
-1844688796
1844739938
-1844795511
1844889624
1845325818
1845673731
1845903608
-1846181658
1847208427
-1847291207
1847307346
1847394647
-1847824639
1848002768
1848429930
1849042490
-1849087657
-1849101338
-1849197105
-1849217539
1849652569
-184986558
1849939536
-1850310387
-1850391718
-1850597058
1850746523
1850771370
185109321
1851377636
-1851764184
1852048139
1852233329
1852272804
1852338430
1852362703
-1852549809
1852581160
1852672855
1853102703
-1853902909
185391974
1854000190
-1854105832
1854218038
1854393083
1854547003
185481507
-1855132232
1855235095
-1855454943
1855561980
-1855770519
1856063426
185625527
-1856297405
1856429708
1856541560
-1857401400
1857614071
-1857796152
1858031188
185843488
-1858555004
-185899608
-1859063038
1859076567
-1859317280
-1859451740
-1859954832
-18602077
1861236608
-1861269414
1861315257
1861346925
1861601150
-1861713741
-1862027909
1862570050
-1862774383
-1862823586
1862867927
1863007134
-1863195746
1863425743
1863594564
1863996392
1864048350
-1864520102
-1864576739
-1864585898
-1864681665
1865082912
-1865252165
-1865450117
-186565810
1865778334
-1865889959
1865896259
-1866297284
-1866310965
1866473756
1866571260
1866918971
1867055271
1867173754
-1867587664
-1867601345
-1867722332
1867809401
-1868034499
-1868063394
1868152576
1868205808
1868230081
1868259082
1868560022
-1868688103
-1869001173
186902929
-1869326412
1869442956
1869773055
-1870119806
-1870209467
1870393379
1870519529
-1870603111
-1871056880
-1871239151
-1871395167
-1871476077
1871493262
-1871605533
1871930571
-1872328178
1872458403
-1872776546
-1873245412
187350689
-1874232644
1874508709
-1874922619
-1875018386
-1875664486
-1875716741
-1876068953
1876265259
1876533371
-1876720513
-1876729772
-1876783692
-1876897356
1876987755
1877044392
1877695132
-187773756
-1877861150
-1877958654
187801874
1878185532
-1878464416
1878923984
1878937392
1879272180
-1879412643
1879666442
-1879907272
1880494061
1880551366
1880723078
-1881380565
1881436256
1881775079
-1882124451
-1882156815
-1882164906
188217161
1882295760
1882685676
-188290877
-1883099586
-188331044
-1883588997
-1883638818
-1883756239
-1883934241
-1883955279
1883976056
1884166311
1884187336
1884250411
1884351846
-1884385292
1884518523
-188468591
1884889545
1884891760
-1884957184
-1885112990
-1885358089
-1885695485
188590398
1886198525
1886231577
-1886666764
188680355
-1886943941
1887236307
-1887278727
1887636129
-1887638319
-1887950677
-1888180737
-188872454
1888784975
188912479
1889381191
1889558582
1889599625
1890338832
-1890475584
-1890963035
1891008534
-1891061274
1891077707
-189132889
1891562545
-189182616
1892246675
-1892716188
1892871315
1893124335
-1893807576
-1893937663
-1894093169
-1894538384
1894581757
1894664923
1895685243
-1895776525
1895925883
1896071496
-1896117311
-189639953
1897262892
-1897894737
-1897983738
-1898032284
-1898050501
1898486605
-1898675217
1898932804
-1898961123
1899006953
-1899018833
-1899155643
1899189224
-1899214860
18993784
1899595178
1899761756
-1899777346
-1899942931
1899963708
-190012446
-1900159104
-1900322894
-1900686783
1900731548
1900939450
-1901433257
1901645171
-1901720894
1901792456
1901831264
-1902075323
1902232790
1902333987
1902571830
-190262199
1902775509
-1903186560
1903438779
-1903461470
1903495416
190360689
1903640139
-1903714729
1904166353
1904283216
190441599
1904573409
1904678534
-190491674
1905124026
1905183841
190526132
-1905601939
1906360884
-1907000781
-1907213251
-1907644168
1907698662
1908085951
-1908280412
-1908575475
1908742091
1908779148
1908794419
-190885814
1908976690
-1909239750
-1910182990
-1910312446
-1910380387
-1910649189
1910707754
-1910953407
-1910961547
1911058828
-1911094302
-1911190069
-1911618528
-1911631422
-1912073118
1912261181
-1912315347
-1912383280
1912414910
1912453436
-1912819592
1913219615
-1913688743
-1913759993
-1913923935
-1913939303
1913967409
-1914085127
1914382696
1914424746
-1914497720
-1914558117
-1914853977
-1915011028
-1915386448
-1915693556
1915743214
191593614
-1915973688
191639369
1916586445
1916832368
-1917234644
-1917389786
1917601550
-1917755520
-1918030029
-1918223684
-1918377740
-1918850263
1918966807
-1919062029
-1919073162
-1919231940
-1919420873
1919563141
1919623327
1919805598
-1920213799
-19202353
-1920254384
-192042400
-1920888844
1920989751
-1921006725
1921043128
-1921191458
1921447678
192162388
1921768549
1922057686
-1922202561
-1922276667
1922451948
-1922607854
1923047102
1923082556
1923137168
1923527429
-192357737
1923707321
-1923924777
-1924066507
-19243529
-1924450944
1924778806
1924962075
-1925096306
-1925616654
1926130661
-1926466374
-192651428
1926517361
1926599639
1926625290
1926755377
-1927048357
1927102731
-1927230628
-1927282812
192755403
-1927565060
-1927803160
-1927869242
-1928308656
-1928413377
1928507840
-192863342
1928814117
-1929142108
1929306425
-1929351789
1929410793
1930676999
-1930992840
-1931423580
-1931544466
-1931548453
1931699593
1931885686
-1932230981
-1932592898
-1932669441
-1932773700
-1932853072
1933070784
1933091809
1933468928
-1933520173
-1933524321
1933670083
1934016680
-1934897043
193514217
1935343446
1935367719
1935371314
-1935534207
1935735856
-1935881399
-1936070624
1936725114
1936918597
1937004765
-1937479472
1937915182
-1938183896
-1938352096
1938547078
-1938697681
1938711389
1938729349
-1938739986
193938345
193939814
-1939450782
-1939477713
-1939647045
1939926597
1940267412
-1940302140
194035849
1940372813
-1940796555
-1940859630
-1940880655
1941280397
1941567036
1941697123
-1941710821
1941739335
-1941885382
-1942077103
-1942095748
-1942186551
1942207328
-1942510451
1942512067
-1942662311
1943337408
-1943832719
-1943856992
1944060665
-1944790882
-1944879228
-1945070362
-1945201998
-1945596702
1945708635
1945789545
1945802892
1945886637
1945969020
1945975638
194646290
-1946834843
1947090803
-1947252304
-1947280058
-1947612547
1947867541
-1948231126
1948604776
-1949035541
-1949132633
1949246125
1949271618
1949295851
1949745512
1949867522
-195004807
-1950604465
1951065186
1951089459
-1951558131
1952069034
1952179882
1952358171
1952447382
-1952619202
1952785975
1952842612
195286884
1952963977
-195301583
1953372380
1953386061
-195367929
1953724981
1954145987
1954269116
-1954392092
-1954526790
-1954573578
1954649079
1954660668
1954798040
-1954921699
1955076333
-195521658
-1955374915
-195537840
-195562113
1955864479
1955871054
-1956015138
-1956070337
1956216691
195634595
195673971
-1957113470
1957252302
-1958003581
-1958078436
-1958254107
-1958440709
-1959090381
-1959463618
-1959547447
1959879497
1960033226
-1960147017
1960803145
1961114660
1961155703
1961272055
-1961461341
-1961493705
-1961512851
1961656923
-196174207
-1961867490
1961875380
-1962078928
1962309273
1962729477
-1962864801
-1963066862
-1963206403
-1963246858
1963302009
1963484280
1963562183
1963741807
-1963963487
-1963984512
-1964011715
-1964012491
-1964089618
1964291267
-1964512905
-196463344
-196484369
1964915983
-1964937661
-1964983829
1965202622
1965260321
1965300529
-1965413391
1965503051
-1966405251
-1966736982
1966856552
-1966946882
-1967042691
-1967159633
-196754235
-1967559464
1967597118
-1967758932
1968408572
1968661444
-1968673606
1968685717
1968790900
-1969272905
-1969436058
-1969637132
-1970082454
-197011979
-1970216090
-1970258875
1970413557
1970616872
197138155
1971424019
1971527685
-1971972168
-1972053078
-1972109715
-1972237391
197242523
-1972652579
-1972821263
1972959388
-1973108176
197330633
-197331448
-1973620138
-1973717230
1974238378
1974365372
-1974694028
1975031304
-1975438874
-1975454947
1975531718
1975743527
1975781925
-1975945063
-1976084872
1976265239
1976965502
1977039076
-1978004531
1978321658
197874768
1978800136
1978946374
-1979061568
1979221023
1979278498
1979423092
1979651735
-197977317
-1979964892
1979996762
1980013535
1980065719
1980246969
-1980503294
1980887192
-1981277914
-1981530228
-198185938
1981985524
-1982102760
-1982106245
-1982434449
-1982588178
-198266454
1982694670
1982746854
1983131673
198335403
1983626575
-1983834361
1983904517
-1984219966
-1984317058
1984569277
1985024228
1985376440
-1985511321
1986121291
1986122914
-1986134939
-198627598
1986281975
1986290066
1986894898
19870887
1987201189
-1987214519
-1987807182
-1988037562
1988099856
-198816734
1988362336
1988689537
1989358556
-1989454881
-198971327
1989844918
1989853009
1989853185
-198992925
1990233084
-1990383328
-1990827347
-199116965
1991717498
199175000
-1991838042
199191182
-1992021960
1992482136
-1992514942
1992573191
-1993067512
-1993144261
-1993291436
199402564
1995112468
-1995199671
1995215455
1995351245
199556920
1995574957
1995579989
199579550
-1995806895
-199596415
-1996193232
1996412703
-1996897656
1996995077
1997114987
1997509249
1998104580
-1998148621
-1998473860
-1998479829
-1999423814
1999432416
-199955718
-1999881447
2000192342
-2000249164
2000395454
-2000509089
2000574202
2000582293
200060833
-2000633614
2000681753
-2000735151
-2000740618
2000889407
-2001150438
-2001164068
-200122968
2001444446
-2001625508
2001749852
-2001923994
2001931090
-2002023062
2002217418
2002365777
2002382355
2002488906
2003085497
-2003193436
-2003200693
2003317237
-2003499656
-2003593650
-2004283509
200455528
2005037064
2005133008
-2005557169
2005801297
-2005835315
2005857934
2005898389
-200589976
-2005975124
2006382440
-2006573042
-2006683440
2006694798
-200707992
2007319514
-2007358868
-2007629069
-2007705717
-2007952804
-2007968569
2008106154
-2008107123
-2008636203
-2008756812
-2008762353
2008881304
-2009014929
-2009071566
-2009226468
2009396604
2009399494
2009404695
2009473858
2009747205
-2009840014
2010231186
-2010258054
-201049344
-2010628538
2010832643
2011149757
2011277858
2011327759
-2011438693
2011965580
-2012386625
-2012416052
2012528893
-2012610236
-2012722764
2012749181
2012959547
-2013262222
-2014222684
-2014322934
2014510425
2014639881
2014916976
-2015170457
-2015223512
2015261638
2015805364
2015902987
-2016176247
-2016663405
-201751125
2017647054
2017829168
-2017829560
2017958397
2018008640
-2018156353
-2018177378
2018342476
-2018387376
-2018389218
2018439980
-2018701576
2018704871
2019140717
-2019339139
-2019655212
2020078496
-2020676490
-2020858688
-2021352499
-202145999
2021506457
202166914
202180595
-202196340
2022469250
-202293844
2023011857
-2023055268
-2023074588
-2023517033
2023588595
2024384323
2024411685
-2024818649
-2024852957
2025053616
2025143993
2025255891
-2025261094
-2025599171
-202582816
-20258989
-2026047570
-2026489822
-2026490073
2026668998
-2026700188
202689397
-2027282241
2027848138
-2028420977
2028456236
2028872962
2028955920
2029070113
2029165880
-2029424464
-2029504019
-2029689863
2029696944
2030304459
-2030449164
-203086770
2031319642
-2031565929
-2032160550
2032204532
-2032472108
2032478869
2032724890
2032787965
2033684065
-2033688527
-2033745164
-2033774445
-2033799128
2034054020
203429932
203440991
-2034542625
-2034605019
2035145841
2035685808
-2035780766
-2036128477
-2036343248
2036369554
-2036397972
2036499310
-2037227197
-2037291925
-203730479
2037422779
2037544144
-2037838002
-2038027227
2038143816
2038217983
-2038250043
20384401
-203860566
2038868418
-2038924008
-2038956077
203905662
2039273024
-2039436075
-2040255431
-2040282793
-2040690118
2040872448
-2041573173
-2041734158
2041861911
2041876426
2042083361
-204222695
2042245040
2042356540
-2042374142
-2042374381
-2042430019
-2042591839
2042738875
2042819785
-2042837258
-2043168445
2043267895
-2043527912
2043559782
-2043722920
2043892611
-2043956969
2044620949
2044710524
204474914
-204477614
2044857699
2045085127
2045251961
2045410366
-2045558979
2045954501
2045998435
2046334464
2046911823
2046994587
2047244881
-2047647248
-2047970349
-2048187964
2048291342
-2048432398
2048635638
-2048636506
-2048688378
-2048785882
204947105
-2049507359
-2049555524
-2049612542
2049751487
-2050041744
2050068787
-2050130103
2050217674
2050585567
-2050985796
-2051187693
2051417326
-2052513199
-2052762844
-2052892300
2052898809
-2053005574
2053047888
-2053135030
-2053254998
2053275775
-2053348430
2053614695
2053941537
2053965970
-2054181543
-2054196555
-2054422249
2054590686
-2054791091
2055043310
2055061248
2055186948
-2055632441
2055788130
-2056028730
-2056087813
-2056243083
205630729
2056577792
-2056809998
2056829376
-2057228450
2057298286
20573506
-2057437696
2057821082
-2057872383
-2058476156
2058501070
2058664058
2058755708
2058784255
-20590071
-2059117724
2059210902
-2059843173
-2059912634
-2060115849
2060440316
2060942214
-2061068009
-2061585246
-2061757204
2061842589
2061860067
2062131726
2062278901
2062686275
2063164128
-2063444943
2063475686
206349432
-2063670130
-2063806818
2063906167
2063977227
2064033502
-2064280174
-2064364067
-2064448167
-2064530381
-2064775500
-2065193657
-2065207338
2065341691
2065651229
2065804958
2066447583
-2066597464
-2066811655
-2067200709
-206723972
2067347745
-2067434063
2067538947
2067684003
2067728022
-2067846896
2068360903
206858851
2068673261
-2068706067
-2068800417
-2068824406
2069063522
-206911591
2069186392
-206924485
2069428064
-2069499484
-2069513165
2069561304
-2070057300
-2070235947
2070403316
-2070528031
-2070601832
2070616265
2070865365
-2071003446
2071341095
2071641035
2071748420
-2071975982
2071979112
-207225571
-2072272092
-2072395440
-2072411622
-2072500623
2072623386
2072688114
2072793297
-2073261350
2073908143
2074038473
-2074075774
2074264535
-2074326595
2074433176
-2074503602
2075225916
-2075601934
2075925683
-2075962539
2076352124
2076378589
2076404308
-2076589868
2076923621
-2077241764
207735759
-2077687263
2077971846
2078483585
-2078980512
2079305841
-2079327142
2079716908
-20798311
-2080003139
2080056730
208024960
-2080355396
2080464962
208097150
2081057371
2081271949
2081558588
2081939525
-2081971130
2081989374
-2082684274
208280587
-2082903865
-2083003359
-2083084269
208314097
-2083272658
2083276184
2083393844
2083402883
2083495548
2083770813
2084655703
2084979696
-2085002440
-2085365409
-208598037
-208598120
208605133
2086234357
-2086274424
2086769975
2086980341
2087274023
2087316169
-2087421828
-2088262818
2088693039
2089457634
2089772697
2089868464
2090122341
2090252428
2090339964
2090397646
-2090558945
-2090621294
-2090622020
-20907759
2090877144
-2091079357
2091853937
2092227174
2092774463
2092883911
-2093202054
-2093226543
2093376008
-209345568
2093863497
2093920134
-20940045
2094020182
2094065772
2094135409
-2094354390
2094365266
209454833
-2094574520
-2095009207
-2095320765
2095535740
-2096283650
-2096635862
-2097004310
209701920
2097046401
-2097166130
-2097410223
2097507350
2097563987
209782919
-2098024654
2098394
-209899736
2099113640
2099674731
-2099708158
-2100136712
2100254376
-2100526798
2100846881
2101016707
2101237142
2101419413
-2101551018
-2101582306
-2101772665
210179288
-2102076935
2102096313
2102099536
-2102441771
-2102642039
210264382
2102685899
2102718263
2102782991
-2102883922
-21029046
2103060668
-2103620861
2103939515
-2103961533
2104317687
2104366233
-2104394468
2104725264
2104777448
-2104829155
2105402164
2105689653
-2105761984
-2105818621
-2106004714
2106287571
-2106372044
2106378298
2106561318
-210675705
2107373009
2107888721
-2107917072
2108013232
2109462818
2109627351
2109654283
2109669401
2109970409
-2109976994
2110014060
2110269805
2110436900
211128887
-2111296537
-2111312719
2111467846
-2111674699
2111753443
-2111864401
21120319
2112091769
2112253292
-2112612003
-2112871688
2112881186
-2112931562
2113374728
-2113399766
-211348581
-2113544738
2113841549
-211389036
-2114240160
-211429491
-2114367226
-2114803538
-2115240988
2115319717
-2115742784
-2116289597
-2116386085
-2116402267
-2116466995
-2116631832
2116718901
2116759669
2116832488
-2116849900
2116952763
2116993806
2117193865
-2117851387
2117859590
2118188419
-2118309149
2118380002
2118402257
2119139984
2119250284
-2119256625
2120187358
-2120662609
2120988937
2120994345
2121384606
-2121400867
-2121639595
-2121647954
-2121651867
2122127964
2122358950
-2123225447
-2123261150
212340075
2123432025
-2123600972
2123715644
2123764190
2123780372
-212398600
2124202946
2124301399
-21243188
2125075006
2125116049
2125493070
2125576630
2125597655
-2125951936
2126356615
-212658774
-2126957372
-2126978397
-2127083522
-2127123460
-2127186621
-2127296069
2127475960
-2127951211
2128172539
-2128182208
2128360850
2129064104
2129309000
-2129612081
-2129822105
-2130202068
21302590
-2130565038
-2130944704
-213117916
-2131473007
2131615275
-2131699507
2131848972
-2132204917
2132421046
-2132431465
-2132473835
-2132506494
2132586592
2132618956
2132830967
-2132992239
-2133638521
-21336650
213370135
2134509656
-2134617343
2134686659
-213469259
-2134963549
2135045445
2135092385
2135493813
-2135499987
213563042
-2135646948
-213570129
-2135907723
2136580733
2136962965
2137562264
213797497
-2138024570
2138026776
2138304868
-2138524731
2138666999
2138808125
2138825216
2139269186
-2139306530
-2139442393
-2139655734
-2139742912
-2140110583
-214018514
2140614290
2140963447
2141076339
-214116196
-2141329603
-2141350628
-2141490249
214243839
-2142654958
-2142794310
2143162147
2143202602
2143275421
2143382250
214355790
-2143758250
-2143984312
-214428554
-2144792537
2144931482
2145020483
-2145534150
2145749276
2145913731
2146169454
-2146466885
-2146513326
-2146771340
2146814302
214682387
2147011466
214734571
-2147406520
-215896878
-21595570
-216299274
-216713223
216844077
-217760870
-21804495
-218288374
218352780
-218384415
218412521
-218426465
218520848
218538671
-219140389
-219178980
-219525151
-219624195
220150148
-220252500
-220707937
22109468
221115289
221172355
-22129734
-221406070
-222159601
-22230299
222337264
222353143
223396276
223474852
-223841008
223994236
-22402557
224339766
-224435198
-224742356
224782211
225190030
225601751
225735299
-226742804
-227079426
227249272
-227478007
-227510303
-227573774
-22773841
-227871755
228140246
-22830745
-228511978
228830207
-22887382
229294150
229389678
-229470501
230066578
-23027273
230893215
-23094875
231002667
231081555
231328881
23196238
-231973532
-231989147
23230941
-232441696
-232475418
232979481
233081310
233573276
-233782842
-233998312
-234204298
234453776
234480790
234714012
23509296
235246577
-2356396
-235869108
236001923
236137800
236306762
-236657216
236748397
236790447
236938769
-237259952
-237492147
-237705167
237987096
238097642
-238129139
-238142789
238173189
-238400589
-238439301
23848844
238890568
239124960
-239638730
239699794
239801860
-240016349
240388903
-240407198
240426576
240478760
-240816494
-241127909
241185191
-24120153
241285639
241464354
242422877
-242878527
243063100
243079111
-243148065
243198551
243643014
24371677
243945025
-244077591
-244269371
244441050
24459656
-244957855
245038968
245085761
245197822
245811210
245853260
-246426382
246595833
246778104
247090462
247168365
24786964
-248253795
-248286159
248813472
-248874224
-248945232
-249058137
-24906033
-249163262
249517330
249606655
-249867686
-249930251
250161858
250437169
-250612779
-250704847
251520
-25153120
-251683669
-251921921
252048387
-25207818
252088190
252449234
-25305322
-253058070
253091520
-253254658
-253682786
-25448234
254958123
-255270295
255583354
255639991
255648082
255656173
-255895011
25697797
257232248
-257238017
257401235
257554964
257815002
-258164917
-258262421
25850500
-258732698
-258853623
-258970737
-258983079
-259047807
259178661
-259653265
-25973512
-259852043
260001508
-260267961
260496137
-260507547
-260631049
-260752414
260808495
-26150958
-261596104
-261979470
-262545351
263208418
263593998
-263636009
263684148
-264070696
264173559
-264186402
-264271012
-264274902
264373392
-264408117
26490723
-265333714
-265443162
265534909
-266151387
266191273
266231728
266344458
-26645482
26664860
-266857692
267027857
267161644
-267163098
267194968
267237273
-267302907
267445175
-267862118
-268119462
268383619
268488308
26864364
-268832522
-268988328
-26904068
269225631
-269389173
269476616
-269639509
269682566
-269943597
-270194993
270471090
270700329
-271019028
271196539
271350764
-271383570
271466914
-271499620
271533035
271611826
272157751
-272170861
-272206620
272211125
-272268460
-27263892
-273103356
-273409002
-273867111
-273909416
-273951721
27407798
274246692
274373470
274510280
-274712910
27478657
-274828423
274835519
-275222067
-275342565
2753768
275541505
-275563177
-275592772
275595231
-275745475
-277006014
277376091
277597924
-27817011
-278203034
-278389127
278587182
-278781649
27914292
27920035
-27934307
27941060
279533903
-279918007
-280118007
-280158462
280240770
280343452
-280676407
280779764
-280935670
-281082845
281138230
-28146841
-281614257
281646127
-281665665
-281961968
-282186013
-282584384
-2827625
283350373
-283481120
-283567676
-283603019
-283729496
283774698
-284230348
-284268408
284764915
-285178825
-285385557
-285519639
285532593
-285856406
2863216
-286414481
286517344
286578403
-286681400
-286923567
-287418196
287835086
-288433173
288533641
288704460
289545976
290257864
29039746
290431067
-290467014
-290588379
-290620743
290816325
290920238
-291097169
-291168676
-291202294
-291713305
-292143091
-29227647
292452471
2924906
-292519534
292634206
-292907424
293180685
-293215654
-293441716
-293673744
-293962128
294321421
294736708
295206856
-29527808
-295773959
-295839747
-295847838
295898469
-296001567
-296107721
296476743
-2967208
296737509
-296760838
296895108
297042915
-297075575
-297665719
-297736548
297878146
-297943780
-298041582
-29825565
298292201
-29867630
-29908085
-299289416
-299432128
299671720
299672889
-299779839
299896874
-300039045
-300187655
300263156
-300377757
-300420062
300617529
300660978
-301123479
-301325754
301440426
301472790
-301926255
-302194367
-302311320
-302361090
302843916
-302965633
303051506
303053047
-303229978
303298762
303323035
303347008
303379672
-303505006
303704623
303966829
304147977
304247342
304582159
-304647793
305033990
305092370
305327009
305346348
-305690926
30574744
-306636555
-306653236
307012506
307200704
307363847
-30814750
-308314093
308406980
308609552
-308820325
-309049547
309068925
309329099
-310099610
310395742
-310524376
-310904968
-310906591
-311254302
311763648
311784673
-311788035
312177801
312189496
-312418941
312946434
313129579
-313605916
313692908
-313988191
314104735
-314285126
314313232
-314830203
-315213431
-315407615
315446172
315570833
31589330
315992985
-316129413
-316441771
-316692748
316699829
316720854
317094091
-317128404
-317145136
317530403
317600169
317711327
-317717668
31784001
-317854509
31799580
-3181359
-318827045
-31892411
319044376
-319196456
31921548
319238959
319279936
319428923
-319696870
-320239589
32041205
-320691347
-320699438
-320731802
-320888459
32109742
-321282103
321384966
32151603
-32163558
322057874
-322613526
322640082
322769538
-322923773
-323143980
323558401
323883640
-324141016
-324246199
324474145
-324530725
324530782
32482979
324843377
-325107543
325545996
-325663156
325663431
-325900469
325902928
-325958897
-325983170
-326333835
-327817492
328031499
328721760
328916738
-328936837
-329197011
-32944826
-329509369
-329627786
-330159804
330740873
330910691
-33127097
331741718
331897524
332508975
-332621002
-333020055
333053110
-333202400
333345093
333395582
-333412296
333437632
33438692
334448572
-334692224
334735211
334865298
-335053910
335073288
335918454
-33608081
336613876
336738125
33731338
-337431033
337442065
33771191
-338133876
-338287605
-338505411
-338765776
-338839881
339120287
339353259
339803686
33987662
-3399529
-340040758
-340462026
-340832216
-341310578
341439525
-341462180
341527954
-34152858
-341742472
341789358
-341842457
-341895175
-342242886
-342342512
342778616
-342811238
343099744
-343218813
-343239606
34335373
-343571337
343783101
344429705
-34485617
345120928
-345373036
-345374135
-345395160
-34540816
345486341
-345518276
345673801
-34568145
345751866
345772109
345862264
345943678
345964703
346110186
-346288734
-346384501
-346430771
346752694
-34688887
347058100
-347093825
-347126189
347281316
34743426
34764451
-347704782
347788838
-347972758
-34846222
349058742
-349141907
-349266572
349631886
350153289
-35019853
-350454493
-350648677
350730218
351190021
-351192904
35122716
-351430027
351584283
-35216090
-352292266
-352304738
352629776
-352781677
352829816
353108996
353250822
-353610008
-353664732
-354058376
354350565
354499840
-354941200
-354955490
355003251
355335071
-355577684
-355742400
-355980955
356105642
356127991
356184291
-356193631
356279950
-35729906
-357453786
-357901206
358032149
-358116964
-358309479
-358530104
-358771528
359270290
-359301168
-359301982
-359314212
360137409
360164771
-360203703
360668121
360765293
3609461
361441470
-361759613
361780390
-361869061
362171277
-362203337
-362527225
362692201
-362858412
363334787
-363541811
364040740
364049592
-36433362
364430756
364513589
364540054
-364706265
-364816103
364829028
364845210
365071758
-365076809
-365326917
365541227
365760978
365763021
-365781233
36582413
366086217
366387737
366419518
366622636
367512537
-368320410
-368607049
36875145
-369058938
369198959
370363581
37045923
370487811
37051323
370766545
371181832
371286957
-371652726
372525613
372678316
-373036462
-373384173
373448534
-373676685
-373835082
374166664
-374281677
374306473
-374786542
375061377
-375098100
-375306093
375550487
375655404
-376429523
376532386
-376857406
-376903588
-377197267
-377244173
377295283
-377733584
-378747671
378856822
379034618
-379065007
-379201502
379251084
-379357308
-380034208
-380216539
-380314344
380701403
-380817436
380968181
-381076120
-38131067
-381388008
38151844
381663603
382261521
-382351069
-382446736
383826298
-383950493
384097580
-384205519
384274666
-384385221
-384592809
3847203
-384800508
-38511030
-38552485
-385546982
-385652107
-385873557
-38592940
38600212
-386139082
-38615844
386434053
-386440631
386587385
-386708743
387047011
-387334918
387366788
38745218
387567423
-387580894
387588448
387672194
387789928
388104763
388172608
-388327841
38893705
38911770
38912108
-389234225
-389242316
389268520
389475658
38951190
-389743771
-390610022
390752407
39081277
391092848
391360962
391486492
-391588844
391793849
391819568
392262013
392332246
392342185
-392724349
392776872
393027668
-393116847
-39325680
-393752241
394017577
-394582685
394766223
395020997
39550187
395572043
395724746
396114762
396336454
-396432930
-396912292
396999567
397096380
-398074053
-398778477
-399130689
-399249038
399326995
399810789
-399979691
400530806
400787708
-400833887
400982318
-401118746
-401207124
-401509753
-401684298
-401788755
-401848473
401981704
402101663
-402291847
-402524730
-402573922
-40312094
-403502179
403608760
-403714658
-404057957
-404855394
40512980
405295057
-405305492
405459005
-405796705
-40603012
40638767
-406403824
40673168
-406784654
-40702110
407155521
407179794
407204067
407249072
-407384962
407748459
-407819649
407922512
40832951
-408692889
-408693987
-408716385
-408794002
409305133
410109628
-41018299
-410433881
-410474974
-410482427
-410506700
-410579519
-410580099
-410876139
410888375
410979002
411711566
411834695
412149303
412359675
-412806825
413125075
413138561
414043031
-415168285
415819696
-415855160
416064798
416074098
416180198
416547847
-41722723
-417260400
-417286996
417417221
417520141
-417592131
-418128939
-418142630
418177147
419356200
419524684
419702686
419880688
-420016149
-420737130
-421033709
-421098437
-421171817
421181966
421294019
-421606504
422578741
-422712908
-422941249
422972385
-423192542
423680830
42383829
-423984382
42400011
-424717718
42472830
424994509
-426797490
427005842
-427586014
427603760
427761295
-427819773
428071457
428092862
42820246
-428914097
-42898943
-42941079
-429830709
-430009840
430108330
430116421
-430387898
430422619
430787161
43080790
-430897870
-431087532
-431522219
-431568809
-431641628
43167957
-431689223
-431730629
-431926536
432015212
-432038992
432166680
-432426950
-432641931
-43292587
433049688
433442577
433443950
-433467600
433612351
-43425921
-434708224
-434931310
-434958431
435107989
-435204571
-435365997
43538127
435509903
436097247
-436260140
436351915
436365596
436936758
437086505
437137124
-437211289
437221289
437242307
-43763398
437729684
-437810588
437869493
-438225875
438338081
438369907
438930732
439168655
-439360266
439692601
-439760873
-439904068
-440131791
-44046583
440493403
-440541198
-440555249
440859083
440901388
441097915
-441253821
-441362236
44136982
441408077
-441817897
442509857
-442683694
-442900585
443238502
443253237
443295287
444010565
444062786
444384375
44573738
-445891054
-446073325
-446127488
-446190002
446197083
-446695221
-446725406
-447034141
-447537233
-447598007
447785326
447785498
447868502
447879256
-448283478
448411221
448996245
449019992
-449238973
-449326887
-449351160
449425377
-449483544
449668107
449717764
449971503
-450008545
450247280
450882441
-45101069
451040206
-451097518
451275622
451301464
451507157
-451856741
-45208006
-452168299
-452209342
-45231156
-452509553
-452663282
452808773
453239141
45362262
453693663
-454221098
-454382777
454935657
-455053804
-455320677
-455632114
-456053120
-456167489
-456460445
-456516513
456604351
456713083
-456850888
457005144
-45718826
457299004
457315306
457446363
-45751190
-457579133
-457754654
-457949662
-458044106
-4581187
458328689
-459048260
4591064
-459166642
459472659
459496669
460178196
-46063862
46087711
46108736
-461176565
-46122680
-461308707
-461392807
461770267
461883541
-461952145
463028889
-463275725
-463483842
463663400
464155720
-464208460
46460948
464851142
464906196
46499966
-465050006
-465072900
-465097173
-465169992
-465349097
465608304
465878732
467078272
-467117512
467143000
-467231853
467285119
46736136
467392705
-467553824
-468128589
468231452
-468459479
-468478496
468583225
468855698
469207941
469816600
-469839975
470131514
-470233619
470363844
470546801
47075056
471123770
-471297166
-471307219
-471607895
-47191089
471979463
472019163
-472553524
47270497
472750372
-472828060
473586222
-473694161
474281644
474527798
-47469846
474934753
474994910
475076996
47605510
476184185
-476477165
476497568
476539618
-476865865
-477215973
-477694298
477856102
-478351313
-478524872
-478944395
-478954721
47896102
-479122397
-479251853
479497309
479625437
479693714
479906762
479997723
-48016659
-480245471
-480584021
481394772
481546455
481559899
481954161
-482730094
483067015
483107470
-483137557
483171877
-483313878
-483485268
-483832979
-483843670
-484551767
484763531
484836350
484892987
-484903529
484982107
-486059054
486080793
48608569
486103818
-486180228
-486313011
-486353466
486435774
-486614667
-486862236
487097741
48744227
-487644906
-488001062
-488114710
-488190963
-488229034
-48834070
-488933458
-48902475
489087714
489213864
489251783
48936933
-489519950
489876238
489998717
-490472374
49051014
-490925793
490974924
-491274719
49136682
491411236
491459292
-491469727
-491564379
-491762754
491776366
491840871
-491927836
491932918
492031560
492088724
492327666
492530947
-492755257
-492763067
-49289860
-493318680
493319471
493361521
493496932
493699207
49372168
493893391
-494031956
-494056407
494822043
494894745
495436816
495889204
-495892466
-496503268
-496530630
496699629
-496718655
497011329
497116512
-497119258
497633265
497760395
-498082051
-498576991
-498771658
499091124
499354338
499635259
499648940
499769625
-500049169
-500162502
-500273507
-500509018
501641735
-501726725
502009047
-502034751
-502664340
-502793886
503099074
-503389789
-50340514
503412261
-504095502
504096760
504153397
-504335034
-505403149
-505743332
506118353
506238281
506593016
-506646550
506819078
506901809
506966253
-507214226
-50883233
508844842
508997545
509345256
509396674
-509896479
510049682
-510108207
510430511
510485893
-510524933
-51075910
511038940
-511071746
511198373
51125321
511262360
511663656
-511727153
511944484
51198140
-512015190
-512553669
512572159
512600730
512973746
513001108
-513220101
-513262151
513299439
-513319251
-513765536
51400415
-514126141
-514403914
-51442192
-514517188
-514529037
-514568588
-514613661
514648042
514930380
-515030637
515047410
515261567
-515711993
-51582684
516049269
-516181340
516449741
-517162354
-517556983
-517783045
518330543
518397078
518474186
-518802793
-518923781
518972912
519032002
519373676
519721387
-519760465
-519889921
520069098
-520155847
520166602
520336324
-520524748
520729707
521049347
-521226278
-521424617
-521618801
-521796286
521807653
522155364
522308067
-522761276
-523339590
-523412409
523446171
523717792
524282330
-524359349
524392431
-524627461
-524654975
-5248482
525007779
-525142495
-525774683
-526204509
526521752
-526887908
527203298
527542476
-527609198
-527634382
-527653185
-528070694
52825775
528261459
-528355804
528376220
-528619605
-528776449
528972633
529936972
530067059
530128649
530631741
530951949
531043147
-531192745
-531346094
531460072
531780874
532288403
-533082276
533182156
-53326745
-533327813
533345143
533685268
-53378929
-533979873
534062181
-534105561
534172546
-534837419
-535225272
535429329
535481513
53556982
-535616130
-535684480
535806942
-535904580
535999852
536551324
-536672157
-536711567
-537340541
537454648
-537506744
-537518554
-537922031
538136929
-538379368
538484887
538595285
-53859929
538790293
-539093240
-53957433
539594351
-53995590
540531425
541139521
541357978
-542375342
-542519090
542587844
-542616182
542712618
542844128
-542963337
-54312869
-543604686
543755751
543901823
543970228
-544156202
-544572701
544743685
544857628
-546300490
546550988
54673458
-54686106
-547090593
547097050
-547436107
5475954
-547794393
-547798909
-547878552
-548036222
-548037461
-548328734
-54847863
548513307
-548717327
548776408
-549266316
-549426519
-549612612
-549701613
-550247329
550326361
-550386027
550540283
550807475
-55101393
551021510
-551165621
-551202320
-55122418
-551471027
-551526763
-551543767
551681019
55185139
-551942050
552051428
-552153555
552156014
552253518
552505397
552581882
-552965189
-553001680
-553032832
553143948
-553605364
553702645
553941466
-554044813
-554087118
55428261
-554491634
554727955
-555037067
-555073460
-55513251
555180927
-555385283
555415566
555498890
555569967
555583648
-556038601
-556336478
-55679614
-556892227
557063536
-557223573
-557328981
557342649
-557582655
557761695
-558082744
55809839
-558435014
560184260
-560748826
560869209
561207217
-561291545
-561847158
-562082524
-562192141
56244526
562822836
562865395
-56294381
-563767292
564114827
-564716208
564791727
-565136891
565203435
565801353
565969150
-566359858
-566464226
566857380
566883824
567462098
567671455
567736183
-567744154
568040322
-568073027
568355747
568540023
-568703874
-569665709
569681373
-570094718
-570344925
570544258
-571071693
571153488
-571277660
571489214
-571728824
-571834719
-57230847
-572711059
572882368
-57294734
573076552
57347896
573951409
-574035516
-574237664
-574267250
-574483884
-574798820
574994072
575031963
575482062
576037675
-577023601
577140145
577460610
-578043337
578117554
-578360295
578379673
578430525
578742083
579200645
-579414822
57966827
579915744
579919253
580545024
580566179
-580676888
580696266
581045438
-581301604
-581412096
581503547
-581549643
581672406
581688588
582075785
582310240
582533786
583089399
-583205704
-583254250
-583262341
58343851
-584165010
584827954
584883300
-585436307
585511723
585824081
586118081
-586143526
-586559353
-58695061
587408461
588114955
-588445602
-588460119
-588537982
589065295
589554534
-589615843
589945631
-59001963
-59129748
591434463
591438579
-591473548
-59170791
-591866286
592248128
-592335328
592595874
-592840346
59333109
593347138
593494079
-593839584
-593845987
594076222
594135338
594363453
594881812
-59493229
-595639595
595649311
-596283579
596416810
-596451340
596509526
59671186
-596910770
-597206655
-59752141
597704139
-5986209
-599170174
599388163
-599594954
-599874572
-600236760
600531372
600585492
-600783448
-600808257
-600907145
-601265416
601286175
601547917
-601683523
601810594
602403610
602855880
603006430
603050064
603082420
-603115226
603646653
-603748319
-60380892
603965650
604183401
604189372
-604316359
604358317
605425478
-605761679
-606198968
606289367
606388271
-607150709
607513779
-607782210
-607829620
608147703
-608374338
608465519
-60868148
-608789854
609210029
609303878
-609737638
-609770002
61024986
610310679
610345303
-610696610
610851080
611620454
-612169783
612324039
-612355879
-612405062
-612719554
-612842683
-612892582
613034850
613132354
61353591
613544709
-613683214
613980479
61406046
614140159
614211249
-614388180
-61448657
6152854
-615327676
615351985
-615453740
615621530
616077434
-61610477
616914870
617114563
-61724189
-617460068
61749422
-617588062
61773695
-617955544
618598226
-618901173
61951697
619533772
-619739648
-619760673
620184734
620236391
-620313193
620757485
621407877
-621725166
-622013258
-622085771
622172927
622312649
-622394357
62275420
-623161856
-623641497
-623795226
624401413
624973945
62499964
625156216
-625596925
-625795540
-625813738
626234974
626405648
626587919
626609272
626650315
-626745823
-627204440
6272307
627505205
627529478
62769047
627723322
628231268
-628289370
628321240
-628492299
-629111322
-629179800
629234085
629258358
-629343898
-629562034
-629874392
630073087
63030551
-630551292
-630798555
-63086545
631377148
631757111
631950189
-632224669
632419099
632652808
632667528
-63290811
-632929093
-632950118
633104374
-633118318
-63347448
-634047754
-634429675
-634963478
635203856
-635227511
63543030
-635970205
636021895
-636231524
636557656
636687743
636721503
-637264136
637442546
637472124
637705919
637937175
638088851
63862673
-639013212
639056520
-639167229
639186607
639596578
-639670695
-639958841
-639983759
640123681
-640188796
640462504
-640541008
640894035
-641307380
-641328016
-641405919
64148566
641619430
-641794900
642577391
-642587826
642980301
-643177001
-643193183
643299445
643438936
643818899
64394131
-644269325
-644357478
644385584
644496693
-644599091
644816360
-64486267
-644946336
-644962518
645158100
645363333
645526320
645631445
645798309
-645971557
645980580
646046732
-646419925
6465212
-646662854
646707618
647056891
-647166170
647166443
-647262818
647412283
647731082
647786767
-647947886
647954967
-648137093
64815137
648293470
-648484110
-648526160
-648568210
-648642337
648672497
648737225
648818135
649021462
-649312243
649336603
649468940
-64954963
650152339
650393286
-650581570
-651063298
-651140792
651172662
651214967
-65146961
651547498
-651628312
-651818101
-651906684
-652156178
-652447755
-652598623
652807048
-65283917
653299927
-653306512
-653582645
-653663555
-653754880
-653835578
653907683
654010859
-654733691
65476660
-654811594
-6549132
-655149671
-655190160
655442698
655487043
655587907
655790409
656210491
-65622691
656233288
65636005
656549314
656763742
657101880
657174030
657433067
-657612339
657779171
65790385
658158516
-658771759
-659027747
659151800
659256168
-659366877
659386255
-659549148
-659601332
66037112
-660679994
-660928667
-660939344
-661053231
661885119
-661918166
662197477
662359949
-662672728
-662854999
663201961
-663313678
663677364
663785732
664235433
664427985
664507511
-664591123
-664848676
-665679858
665823764
-666160850
-666162174
666301119
-666343121
-666629014
666709259
667018377
667167368
668029999
-668087182
66825996
-668373639
-66869936
-66872028
668798168
-668818854
668861363
669100931
-66926573
-669636116
66984608
67011972
670144064
-670158094
-670403775
670536916
67057427
670664562
670813414
670862155
670865598
-671385513
671731529
672035322
672297301
6724413
-672783484
-673165015
6734356
673621174
67409578
-674277831
-674326776
67450621
674812219
674842743
-674924949
-675011242
67506601
-675199400
-675272660
675291111
-675815379
675860143
-676126027
-676681092
-676734398
676795764
676876674
-676885390
-676937574
677006130
-677320640
-677727959
-678176333
-678227346
-678312880
-678346860
67857946
-678652266
678684136
6787488
-679139786
-679389107
-679615169
-679932712
680226762
-68106826
681618527
681633563
681715649
682092947
-682311928
-682482160
-682509522
682551262
683044458
68306314
-683556157
68445094
-684710319
-68477451
-685374038
685626257
-68583414
-686289014
68713639
-687200010
687297240
-687427659
688126506
68833936
-688669978
-688807525
-688815616
688878740
-689025982
-689376108
-689396109
-689409790
-689515917
689633543
689641787
689660008
689810530
-690406347
690408806
-69049013
690720947
690877625
691100910
691155634
-691228139
692002320
-692492613
692655051
692711688
693190494
-693280930
-693310277
-694205028
694239486
-694277350
694456750
69510836
695568345
695841424
695950872
-695979735
-6963367
696401797
-696915352
697112819
697169602
697213890
697655538
-697816020
697958126
697987329
-69825836
-699112016
-699114992
699493124
-699569173
699681183
699741804
-69986087
-700390889
700514635
701132648
701317259
701359309
701382855
701550272
-702134950
702218086
702373895
-702693553
-702826439
70292104
703091402
-703590289
-704038657
704408280
704965550
-705301675
-705388617
705390857
705444989
705903098
706098106
-706099184
-706108541
706348313
-706507962
-706553756
-706633098
-706638049
-706670786
707041964
7076625
707739157
708406304
708676158
-708694468
708971224
708977298
709179911
-709190205
-70923161
709325009
709717698
-710178355
710423341
710502130
710579739
710858434
-711359931
711577252
-712549338
-712570363
-712702938
7128000
-713343576
-713464961
-713732124
-714421280
-714872860
715337278
7155362
-715682409
-715826518
716189627
71619439
-71648389
-716887582
-716920144
-717100703
-71721990
717320558
717352922
717408432
717571379
-718195295
-718295068
-718570938
719162712
719311124
719408628
-719461368
-719536898
719658835
-720119203
720358644
-720559700
-720736465
720883501
-72177941
-723353314
723737717
-723893623
-724308910
724339232
724731278
724836403
-725024744
-725372455
-72538819
726252450
-726318084
726371401
726444262
-726758582
726765663
-72692941
-727175774
727405981
727481791
-727619621
-727795951
728279636
-728477390
-728862459
-72886530
729017862
729070046
729339544
72973599
729778722
-730294625
-730490616
73071103
-730838327
-731132806
-731153326
-731287747
731328306
-731543962
-731964968
-731983900
7323712
732447794
-73291938
-732984263
-733006954
-733272304
733365938
734025366
734356553
-734721234
735111000
735305830
735353730
-735846090
-735870360
-736151496
736243763
-736346504
-736444008
-736458205
-736755250
736801093
-737582455
-7377053
738044001
738076244
-738239137
-738369224
738533412
-738811669
738961547
-739378399
-739720929
739796430
-740126331
-740281723
740412445
740720528
-741004663
74102403
-741050359
741051320
741199824
-741528082
-741675075
-741867575
-741879484
-741944212
-741987433
-742169704
742336147
742747570
742811877
-742846604
-743632637
-743674155
743834653
-744054118
-744570891
744662227
-745006645
745306576
745369651
745529258
-74569886
745751283
-746332619
-747155125
747172761
-747333447
747609073
748408450
-748843550
749095769
-749276035
-749406122
-749614721
749743370
750024497
-750482763
-750601785
750658044
-750709977
750744923
-75076357
7507963
750831484
751083561
751213017
751481919
75165539
-751770674
-752519767
752569711
-752665772
753093874
753225980
753312753
753356067
753583285
-753630913
-753942471
754017177
754059015
754495539
-754622484
-754693495
-754775187
755280990
755307471
755322033
755349395
75572864
-755763305
756165018
756197901
756270201
-756361039
756427463
756636199
756643116
756671886
-756958957
-75710523
-75716611
-757306154
-757512223
757796647
757845352
757930155
758206884
758364842
758405979
-758724028
75895096
759420956
759638960
75985012
-759959684
759980461
-760312933
-760355125
760840568
761087114
-761236986
-761269350
761352927
761400204
761556024
-761576704
762002329
-762187081
762831175
-76285431
763347541
763533794
763768249
764055445
-764065880
764346876
-764358392
764367901
-764630018
764657038
76469600
-764998303
-765044219
765642397
766006939
-76600953
766107122
-76628202
-766536900
-76656152
766708209
-766742364
76677333
767311747
-768246099
-768667105
-768671464
768687882
768868200
768922529
769067845
-769226346
769950900
770005624
770182151
770254970
-770731092
771107192
771172875
771499296
-771662189
-772160737
-772416992
-772453249
-772508448
-772729350
773035367
773243357
-773407619
-773444329
-77348399
773736154
773995915
-774004501
-77485946
-775234937
77536147
-775498968
77608709
776851168
777158065
-777168500
-777779262
777783408
-778669742
778701612
779230343
779271556
779409103
779439339
779444556
-779750071
-780184758
780260259
-780307887
-780311303
780976163
780979554
-781085113
-781198535
-781571772
781747053
-781923506
781952090
782474737
782824714
782845739
-782861285
782931591
-783064720
783221855
-783268610
783613238
-784019884
784172442
-784197886
7844124
784765402
785210617
78543499
785460824
-785721466
-785837765
-785861275
786049529
-786215652
786253750
-786486928
-78654208
786704259
786780564
787174208
787387658
-787401602
-787655029
-788000901
788002539
788045412
788393093
-788458238
-78866913
-789078562
789272751
790436629
790584
79079694
-7908192
790872941
-791002666
-791113406
-79166280
-791943521
-792174195
792245757
-792304282
-792937082
-793084804
-793111269
-793205511
793248234
793750689
-794011331
-79423227
794510166
794543615
794696318
-794757259
795264969
-795344079
79580108
-796052578
-796405229
-796417120
796616993
796649357
796673630
796696672
-797433242
797538291
797581562
797633257
797685930
-797796639
-798263565
798358706
798426783
798518636
-798712127
798716147
798719223
799235996
-799670787
799684364
799698045
800162190
800344304
-800443872
-800491918
800809510
-800901209
-800972403
801857799
801928855
801957362
802215494
-803004273
803178287
-803401659
-803571570
-803612025
803933090
804301749
804808860
804922348
-805069891
805203122
805364793
80547734
-806916456
-807310100
807337419
807440325
807621371
-807636289
808006840
808299352
808625330
-808774392
-808928121
-808963624
809083248
809165273
-809297721
-809551940
-80967979
80970952
-809964022
809993723
-810027097
810093106
-810339228
-81040798
810554590
810755491
-810759869
810779764
-81093570
-811384585
81139288
-811615927
-811842096
812124173
-812232112
-812392669
812523308
812835666
813225927
81325381
813540486
-813554430
814059379
-814163307
814189466
814215185
814397456
-814484916
81511474
815322571
-815514429
-815998889
816047314
-816061964
816249589
816401691
-816414176
-816557347
-816905058
817339838
817849013
818051288
-818152093
-818240703
-818937201
-819131133
-81949263
819523608
819529347
819734007
819969615
-820648587
820710407
820716089
821067155
-821096955
821139245
821194451
8214743
-821952648
-822373654
-822864344
823157018
-823206161
-823237567
824132738
82432089
824641769
-824674134
-824755044
-824815979
825007263
825121996
82556804
825830884
-825976376
-825987849
826025507
-826354468
-826693162
826727620
826768663
826823387
-827127849
-827159037
-827182573
827308502
-827476197
-827726404
-827783753
827975792
-828148076
828411391
828507411
-828546985
828578297
-829163272
829859550
830153448
-830160381
830215214
830458547
-830550621
830770905
830887673
831355950
831603037
831963238
-832736692
-832737737
832826919
83287782
833261606
833327260
833573164
-833577446
833627056
833637422
833886302
-834083097
-834313740
-834976114
-835079778
-835291135
-835412426
835420810
835421360
-835668558
-836137875
-836165235
837017580
-837051388
837122705
837160108
837190333
837392608
837451877
837471666
-837546656
-837559816
-837571219
837720684
837806104
-837885576
83801401
-838039383
838423303
839100203
-839445367
839940401
840089461
-840252354
-840341504
-840557694
840582880
840769458
-840786719
841186262
-841553970
841721913
841873260
842069624
842676340
-843958423
844020028
-844104455
-844112546
-844313008
-844361333
844792940
844957102
845199023
-845275801
845399547
-845484537
-845562440
845648633
845758081
-845926982
-846031262
846053190
84608388
-846447599
-84655404
846600805
846742767
846868917
846910967
84710322
-847129948
847401062
847425098
-847461135
-84751009
-847545931
-847691671
847883207
84791232
847980711
-848035585
-84823465
848311479
84855960
-848706996
-848738204
-849412460
849648497
-849947364
-85007616
-85056415
851678948
-852174142
-852623891
-852789310
-852959778
852987884
853000507
-853249116
-853601127
-853631564
-853970387
-854725190
854786591
854875094
85556134
-855614487
-855695987
855973780
856094802
856176271
856347017
856389067
856488446
856596381
856636836
-857044360
-857718683
-857964367
-85806722
-858312078
858509545
858616537
85929371
-859355211
85936469
85971421
-859835717
-860036561
860110778
-860705091
-861149967
-861544229
861572335
-861649250
861880113
-861896441
-861981790
861993387
862122843
862713071
-863027329
-8632340
86344272
-86350857
-863550958
863633266
-863783651
863843632
864374219
864706456
-864997237
-865231292
-865255565
865418783
865562149
-86567526
866240404
866380463
866390480
-866406935
-86676096
-866809845
-866874672
-866903535
867236664
867381140
-86744501
-867705246
868342957
-868506095
868563915
868577596
868774959
868874088
869054545
869111182
-869261269
869323841
-86936876
869712033
86977165
-869833518
-870369386
-870587843
-871028131
-871915978
-871960719
872080810
-872113616
87211620
872149121
-872203449
-872211540
872233221
-872292450
-873024225
-873180777
873194981
873405919
-874053694
-874209280
874267316
874322095
874451551
-874514686
-874654495
-875022400
-875169986
-875237196
875568932
875644888
-875653118
-875705360
-875947835
-876295546
-876838265
-87686871
-877086387
-877154792
-877560000
878273873
-878508094
87869973
878761393
878874783
879098662
879513949
879686737
88028296
880306486
-88098637
-881098670
-881224182
881278070
-881405895
-881718811
881753371
-882031169
-882053930
-882291343
882543909
88265174
-882651848
883217316
-883551968
-88387482
884469481
884492180
884510524
884792467
884802342
884865417
884930014
884939672
88499980
-885284836
885366217
885746180
885922053
-886105366
-886228673
-886299813
-886398584
886423559
-886577346
886936639
-887002102
887351926
887830288
-887830433
887933296
887946977
-888590687
888650004
-889120813
-889211030
-889929163
890111760
890124745
890174835
890358847
89085768
890926658
890978842
891431692
-891450452
-891471477
-891687892
-891789838
891821708
892201538
-892261080
892474825
-892639352
892766469
893420454
893597043
893647233
-89366304
893663415
-893822870
-893876104
-894147211
-894268652
894303110
-895124486
895421178
-895572713
895689257
-896061560
896080938
-896352386
896531269
-896712991
-896885138
-896941775
897342779
897371996
-897756124
897835330
-897921631
-898341148
898397531
898649980
-898688859
-898689130
898691023
-898743474
-898841562
-898883867
-899244472
-899367411
-899443853
-899731992
89985963
900193776
900273259
-900480445
900627481
900676027
900709571
900948579
900956658
-901736188
-9018104
90215412
902452715
903393675
-903404110
-903438122
903445218
-903541211
-90368006
-903857295
-904043388
-904417323
-904702972
904899278
905035698
905348056
-90547236
905687843
905764036
-905772268
905975941
906476326
-906860894
906881671
-907026494
-907068544
-907089122
-907131427
-907525421
907696730
907872639
-908069188
-908660248
-908967486
909441792
-910144135
-910690991
-910821939
-911088364
911308577
-911679460
-911809547
-912616534
-912798805
913104822
-913237522
913685196
-914244147
-914570397
914741706
914757888
91499786
915063146
915438601
-91551625
-91559716
915760238
916106279
916225889
916519132
916564388
916591951
916592944
916745680
91675101
-917088167
917530018
-917906792
-917957541
918284821
918296558
918399324
918883818
918940322
-919072430
919193373
919443580
919482069
-919879417
-920094238
-9203841
-920579344
-920983438
921043859
-9212253
-921393994
-921469735
921529846
922420276
-922528215
922572979
-922711736
-922846445
-923146423
-923201147
923314041
-923571348
-924510771
-924830403
-92535431
-92619531
-926818195
-926971924
927106745
927135142
-927353864
927566823
927577658
927593636
927928453
927962438
928233859
-928280581
-929612004
929785220
-930461538
-930502503
-930650763
931350364
-93138378
-931708510
-932059611
932354146
-932361627
93258221
-932700960
-932738279
933004309
933897565
-933909808
-933947479
934007013
-934008809
934131572
-934405588
934428019
-934794698
934866260
935126434
-935194530
935777615
-936252120
936340499
936382549
936578923
-93736296
937524552
-937772300
937809748
937840153
937848244
-937925003
938054377
938164775
-93846694
938474796
938558896
93878564
939154852
-939260177
-939472995
-939514038
939603220
939733901
-940502100
-940651492
941314606
-941432586
941667207
941735612
-941953213
942180581
-942242135
-942265571
942396391
942415036
-942628936
942769628
-943072558
943131976
943140067
943432002
943825655
-943933594
944157451
944234286
944304626
944343734
-94473100
-944896844
944933675
-944946706
944966292
945356308
-946019860
946163332
-946196138
-946305153
946357136
946460280
-946638583
-946794269
-946976660
-947242637
947353597
-947497754
-947742757
-948090670
-948194097
-948319052
-948551341
-948617099
-94866744
948930922
-949022428
-949319718
949571994
-949594474
-950094888
950255393
-950621334
-950751421
-951082822
951322594
-951610592
951920512
-952125955
-952135522
952479658
952663015
-953026489
-953211393
-953680856
955147415
955484957
-955488975
-955515680
955875068
955943473
956043173
-956824071
-957529040
957654859
-957884339
-958552951
-958579761
958606214
-958612555
-958641952
958944291
959074378
-959277063
959379926
-959705387
-96016169
960274930
-960472886
-961475961
961807697
961809123
961951890
-961980952
-962401958
962521842
962614684
962929639
-963747682
964145539
-964247306
-964495173
964522718
-964838559
-964955356
96527182
965736059
965882510
966044330
-9660621
-966177331
966872085
-967033024
967119346
-9671221
-967191152
967206902
-967454030
-967496718
967579026
967659936
967676118
-967775305
-968042751
-96810496
968175982
-968352913
-96927524
-969309637
-969649453
969668831
969851102
970767616
97079485
-971049672
971150060
971336153
971929377
972037608
-972235587
972622646
-972793607
972844595
972903213
973139419
-973489029
97389347
974022474
-974077618
-974409022
974664457
974713003
974753458
974864486
975005382
-975117186
-9751685
975473546
975724822
-976065684
-976134089
-976270574
976797887
-976935058
977150712
-977692858
-977875129
978076778
-978088455
978227400
978649310
-97868510
-979034824
-979160974
979509233
-979590787
-979687879
979877201
979893504
979932400
97998735
979996735
980127408
-980269625
-980569822
980965903
981330445
981371110
-981546215
981675589
981963467
982111713
-982126605
982217026
982464113
-982711629
-982809244
-983061719
-983237399
-983712457
983938189
98398807
984104236
-984302192
985264285
985495467
-985900265
986097943
-98628965
-98669420
-986870402
-986939360
986967317
987009347
987268259
987473983
987857631
987874554
-988313030
-988591191
988604105
-988635610
-988672101
988678703
-989025626
-989406656
989452310
989686208
-989934625
990294322
-990624372
990669382
-990681807
990693655
-991436610
-992842594
-993802104
-994092026
994165462
994223685
-99442922
-994606734
994765122
995007474
995096309
-995326729
995517388
-995652349
-995688527
995799385
-996522565
996589257
996869351
997012544
-997111238
-997181475
-997308410
-997423596
997568720
998497492
998518517
-998816733
-998829580
998848958
999588876
999596178
999710241
999760313
