-2147406520	AboutHeaderAbout
-2146771340	serv27
-2146513326	Serv21
-2146466885	linkmenu1
-2145534150	UserDuckingPreference
-2144792537	О программе
-2143984312	Recycle Item
-2143758250	Language Hotkey
-2142794310	Control Panel\\Mouse
-2142654958	Systemsicherung
-2141490249	Diese Optimierung wird die automatische Ausführung von Wechseldatenträgern (Flashlaufwerken, Wechseldatenträgern und anderen Geräten) deaktiviert, die Windows-Explorer sofort zu öffnen versucht, wenn eine Verbindung mit der möglicherweise gefährlichen Datei «autorun.inf» hergestellt wird. Diese Optimierung erlaubt nicht, dass Viren ins System hineinkriechen und ihre Skripts ausführen.
-2141350628	HKLM
-2141329603	\\luafv
-2140110583	Перед посещением категории Службы настоятельно рекомендуется посмотреть поясняющее видео.\r\n\r\nБудем смотреть?
-2139742912	Check75
-2139655734	CortanaConsent
-2139442393	UmRdpService
-2139306530	RestoreInterface7
-2138524731	служба-управления-корпоративными-entappsvc
-2138024570	\\Windows Defender
-2135907723	Directory\\shell\\runas
-2135646948	NoDriversFound
-2135499987	смарт-карта
-2134963549	" && mklink /h "
-2134617343	sShortDate_bak
-2133638521	\\Default\\Service Worker
-2132992239	SOFTWARE\\Classes\\WMP11.AssocFile.MPEG\\shell\\Enqueue
-2132506494	exefile\\shell\\Firewall_Allow
-2132473835	Shift1
-2132431465	StatusFont
-2132204917	Deaktivieren der Sammlung von Daten über die installierten Anwendungen
-2131699507	Добавить в библиотеку
-2131473007	NcaSvc
-2130944704	explorer shell:AppsFolder\\Windows.ImmersiveControlPanel_cw5n1h2txyewy!microsoft.windows.immersivecontrolpanel
-2130565038	Shutdown
-2130202068	\\Explorer\\MyComputer\\NameSpace\\
-2129822105	Стати власником і отримати повний доступ
-2129612081	Эта кнопка восстановит оригинальный размер папки WinSxS
-2128182208	Автоматично оновлювати антишпигунські правила кожні
-2127951211	C:\\Windows\\System32\\config\\systemprofile\\AppData\\Local
-2127296069	0.
-2127186621	узел-системы-диагностики
-2127123460	диспетчер-платежей-и-nfc
-2127083522	RestoreSystem10
-2126978397	Sketch
-2126957372	StartupService
-2125951936	Version:
-2123600972	служба-компоновщика-объемного-звука
-2123261150	Provider Name : 
-2123225447	Check76
-2121651867	Почати очищення
-2121647954	SysInfo6
-2121639595	energy-report-latest
-2121400867	XboxGameCallableUI
-2120662609	ContextMenu17
-2119256625	0 GB
-2118309149	\\Microsoft\\Internet Explorer
-2117851387	Value
-2116849900	TrkWks
-2116631832	DriverDesc
-2116466995	You have the latest version
-2116402267	Dieser Tweak deaktiviert den Dienst für bedeutungslose Themen. Wenn Sie das Thema bereits angepasst haben und mit den Sounds und Cursorn zufrieden sind, dann brauchen Sie den Service nicht mehr. Das Hintergrundbild kann jederzeit geändert werden.
-2116386085	SOFTWARE\\WOW6432Node\\Microsoft\\Windows\\CurrentVersion\\Run
-2116289597	Файл, що сканується:
-2115742784	@M3;VTXT<Wt?ona6zZO=5)wq$
-2115240988	Control Panel\\Keyboard
-2114803538	SettingsItemlabel10
-2114367226	Services ready to be disabled:
-2114240160	\\shell
-2113544738	AgreeButton
-2113399766	SafeModeNetwork
-2112931562	ServBonus2
-2112871688	Layout Hotkey
-2112612003	Видалить всі діагностичні звіти всіх діагностик Windows.
-2111864401	%SystemRoot%_system32_cmd.exe
-2111674699	SaveZoneInformation
-2111312719	Очистить память
-2111296537	Skype
-2109976994	Check63
-2107917072	Не удалось активировать Pro-версию.\r\n\r\nВозможно, на этапе покупки, вы не подтвердили платёж или закрыли страницу раньше времени.\r\n\r\nНажмите Да, чтобы завершить оплату.\r\nНажмите Нет, чтобы восстановить уже купленную активацию.
-2106372044	Перемикач увімкнено
-2106004714	Check22
-2105818621	panelChoice
-2105761984	Код активації, який ви вказали не відповідає вказаному e-mail.\r\n\r\nПереходимо до оплати?
-2104829155	OptBack
-2104394468	SysInfo6
-2103961533	\\Sensor\\Permissions\\{BFA794E4-F964-4FDB-90F6-51056BFE4B44}
-2103620861	Ram
-2102883922	ServNetFramework
-2102642039	EmailOkIdNot
-2102441771	AboutHeaderAbout
-2102076935	AutoConfigURL
-2101772665	DesktopBackground\\Shell\\cmd
-2101582306	checkBoxCleaner17
-2101551018	GetFileHash1
-2100526798	\\Internet Settings\\Zones\\3
-2100136712	\\Apple Computer\\iTunes\\SubscriptionPlayCache
-2099708158	Serv4
-2098024654	.lnk
-2097410223	yyyy-MM-dd HH:mm:ss
-2097166130	Serv17
-2097004310	cmd.exe /c takeown /f "%1" /r /d y && icacls "%1" /grant 
-2096635862	OptChooseFolderDialog
-2096283650	Check41
-2095320765	\\Microsoft.NET
-2095009207	restore1
-2094574520	Ich verwende nichts von Xbox-, Controller- oder Xbox-Spielspeichern
-2094354390	ProgramsAndFeatures
-2093226543	Сделать скролл-бар (полосу прокрутки) тоньше
-2093202054	Стандартный монитор
-2091079357	RestoreConfidentiality7
-2090622020	services.msc
-2090621294	StartupYellowTip7
-2090558945	SourceHash*
-2088262818	Remove arrows from shortcuts
-2087421828	Software\\Classes\\CLSID\\{20D04FE0-3AEA-1069-A2D8-08002B30309D}\\shell\\SerServices
-2086274424	ProgramsAndFeatures
-2085365409	Directory\\shell\\EmptyThisFolder
-2085002440	Якщо ви не використовуєте локальну мережу, цим пунктом ви зможете відключити відразу пачку служб, які періодично працюють у фоні.
-2083272658	MenuItem7
-2083084269	\\Fonts
-2083003359	Terminating background process, to empty memory and increasing PC speed. Currently opened programs will not be affected.\r\n\r\nPro version additionally clearing the RAM itself, unloading RAM cache and frozen libraries.
-2082903865	\\winevt\\Logs
-2082684274	SOFTWARE\\Classes\\.rtf\\ShellNew
-2081971130	Deaktivieren der Aufzeichnung des Nutzerverhaltens
-2080355396	LeftMenu11
-2080003139	PageSpaceControlSizer
-2079327142	Präfix «Verknüpfung für ... » / postfix «-Verknüpfung» löschen
-2078980512	Feedback_text
-2077687263	Disabling all types of Windows synchronization
-2077241764	UninstallString
-2076589868	This tweak disables your step by step behavior activity such as:\r\n\r\n • Making screenshots\r\n • Typing text\r\n • Launching of programs\r\n • Webcam access on a Lockscreen\r\n   and much much more...
-2075962539	Якщо ваш комп'ютер не використовує авторизацію через Смарт-карти та взагалі ніяк із Смарт-картами не пов'язаний, обирайте цей пункт.\r\n\r\nЯкщо ви не знаєте, що таке Смарт-карти, тим паче обирайте.
-2075601934	PersonalMSI
-2074503602	Не рекомендується запускати декілька копій програми одночасно
-2074326595	IPShow
-2074075774	Zurück
-2073261350	Виконую
-2072500623	SettingsItemlabel02
-2072411622	The export file successfully saved\r\nnext to Win 10 Tweaker
-2072395440	Ваш прошлый код активации:
-2072272092	stisvc
-2071975982	System
-2071003446	Wenden Sie die Konfiguration an, damit Ihr Internetanbieter den Verbrauch Ihres mobilen Datenverkehrs auf Ihrem PC nicht verfolgen kann. Somit zahlen Sie nicht mehr für das Überschreiten des Limits.
-2070601832	YouTubeMiniLabel3
-2070528031	Confidentiality16
-2070235947	StickyNotes_
-2070057300	ElementName
-2069513165	Наведите мышь на любой пункт, чтобы получить его подробное описание.\r\n\r\nНажимая на значок стрелки рядом с чекбоксом, вы восстанавливаете системное значение, которое заложено в Windows по умолчанию.
-2069499484	Serv16
-2068824406	Alle Optimierungen, die Win 10 Tweaker angewendet hat, haben Sie erfolgreich zurückergestellt.
-2068800417	AboutGetBeta
-2068706067	Replace duplicate files with hardlinks. Safe operation for JPG, MP3 and stuff like that, but be careful with program files, because of risk to damage them.
-2067846896	Ram70
-2067434063	ImportExtsDone
-2067200709	IKEEXT
-2066811655	checkAll
-2066597464	vmicheartbeat
-2065207338	Отображать расширения
-2065193657	SeDebugPrivilege
-2064775500	Активировать Pro-версию
-2064530381	ie4uinit-userconfig.log
-2064448167	Check57
-2064364067	Я не використовую локальну мережу (ні дротову, ні бездротову)
-2064280174	SysInfoConnectionError
-2063806818	Tipps
-2063670130	\\LogFiles
-2063444943	\\Uploadee.exe
-2061757204	schtasks /change /tn "\\Microsoft\\Office\\Office ClickToRun Service Monitor" /enable &schtasks /change /tn "\\Microsoft\\Office\\OfficeTelemetry\\AgentFallBack2016" /enable &schtasks /change /tn "\\Microsoft\\Office\\OfficeTelemetry\\AgentFallBack2016" /enable &schtasks /change /tn "\\Microsoft\\Office\\OfficeTelemetry\\OfficeTelemetryAgentLogOn2016" /enable &schtasks /change /tn "\\Microsoft\\Office\\OfficeTelemetryAgentFallBack2016" /enable &schtasks /change /tn "\\Microsoft\\Office\\OfficeTelemetryAgentLogOn2016" /enable &schtasks /change /tn "\\Microsoft\\Office\\OfficeTelemetryAgentFallBack" /enable &schtasks /change /tn "\\Microsoft\\Office\\OfficeTelemetryAgentLogOn" /enable &schtasks /change /tn "\\Microsoft\\Office\\Office 15 Subscription Heartbeat" /enable &schtasks /change /tn "\\Microsoft\\Windows\\Device Information\\Device" /enable &schtasks /change /tn "\\Microsoft\\Windows\\Device Information\\Device User" /enable
-2061585246	null
-2061068009	YouTube4
-2060115849	Check55
-2059912634	Software\\Microsoft\\Internet Explorer\\Main
-2059843173	\\OneDriveSetup.exe
-2059117724	PersonalDefender
-2058476156	Если вам повезло быть знакомым с PotPlayer и другими замечательными плеерами, стоит отключить недоразумение под названием Windows Media.
-2057872383	PersonalApplied
-2057437696	\\RemotePackages
-2057228450	SysInfo4
-2056809998	MemoryWasReleased
-2056243083	Skriptdatei VBScript.vbs
-2056087813	Serv23
-2056028730	...
-2055632441	Учитывая то, что у вас ноутбук, возможно, вы захотите использовать Windows Hello и авторизовываться по отпечатку пальца / распознаванию лица. Если нет, смело отмечайте для отключения.
-2054791091	При досягненні 90%
-2054422249	%SystemRoot%\\System32\\display.dll,-1
-2054196555	Disk Management
-2054181543	CommandWindow
-2053348430	This tweak removes «3D objects» menu item from the left column of Explorer.
-2053254998	Legacy
-2053135030	Interface4
-2053005574	Screenshot has been saved on the Desktop.
-2052892300	Entfernt Müllelemente aus dem Kontextmenü
-2052762844	SOFTWARE\\Microsoft\\Windows NT\\CurrentVersion\\PasswordLess\\Device
-2052513199	https://google.com
-2051187693	Language Hotkey
-2050985796	diagnosticshub.standardcollector.service
-2050130103	FaviconURL
-2050041744	dllfile\\shell\\runas
-2049612542	Getstarted_text
-2049555524	Правила не существует
-2049507359	Хочете скопіювати помилку в буфер обміну та повідомити про неї розробнику?
-2048785882	Все плиточные приложения удалены.
-2048688378	Serv26
-2048636506	Enabled
-2048432398	мс
-2048187964	System5
-2047970349	DisagreeButton
-2047647248	PersonalNC
-2045558979	PersonalApplied
-2043956969	SysInfoPC
-2043722920	System
-2043527912	ToastEnabled
-2043168445	del %systemroot%\\system32\\tasks\\OneDrive* /q /f
-2042837258	ContextMenu16
-2042591839	confidentiality11
-2042430019	The System will be inaccessible during this maintenance.
-2042374381	Відеокарта:
-2042374142	false
-2041734158	мс
-2041573173	При досягненні 80%
-2040690118	В вашей Windows выпилена система резервного копирования / восстановления.
-2040282793	Clearing temporary folders, IE installation cache, online installation cache, and such other files from IE catalogs. It will also remove shortcuts from Navigation pane.
-2040255431	StartupForCurrent
-2039436075	Interface12
-2038956077	Показати
-2038924008	-
-2038250043	Ja
-2038027227	SYSTEM\\CurrentControlSet\\Services\\WinDefend
-2037838002	Оновити оболонку
-2037291925	RAMContextMenuClear
-2037227197	RAM Cache Cleaner
-2036397972	One-time access (required to get privileges on trash catalogs)
-2036343248	\\WinSxS\\InstallTemp
-2036128477	Microsoft.
-2035780766	cmdfile\\
-2034605019	Es sieht so aus, als ob Sie kürzlich eine Reinigung durchgeführt haben oder das System zu frisch ist.\r\nVersuche es später.
-2034542625	_ram
-2033799128	\\Drivers\\
-2033774445	SOFTWARE\\Classes\\Directory\\background\\shell\\cmd
-2033745164	Win10HomeSuggestion
-2033688527	imageres.dll,222
-2032472108	Bloody7
-2032160550	Готово
-2031565929	Правило вже існує
-2030449164	DotDark
-2029689863	-270
-2029504019	NtfsLog
-2029424464	Users\\Username
-2028420977	DarkSkin
-2027282241	ОЗУ:
-2026700188	checkBoxCleaner9
-2026490073	BlockexeSuccessCreated
-2026489822	Wecker und Uhren
-2026047570	Personal10minutes
-2025599171	RestoreSystem9
-2025261094	PersonalHiberfil
-2024852957	UploaderSkySkin
-2024818649	.glb
-2023517033	confidentiality10
-2023074588	Kill
-2023055268	Add item «Create symbolic link» to files and folders context menu. Works only with UAC disabled.
-2021352499	-210
-2020858688	Verdana
-2020676490	ImportSuccessful
-2019655212	ServAppsNotVisited1
-2019339139	LeftMenu1
-2018701576	Скинути конфігурацію?
-2018389218	Тут ви можете видалити будь-яку програму простим натисканням на хрестик у кутку значка.\r\n\r\nЩоб повернути будь-яку програму, просто натисніть на її значок.
-2018387376	Geben Sie den Ordner mit den Treibern an, die Sie installieren möchten:
-2018177378	Apply
-2018156353	Firewall_Allow
-2017829560	PopupCopied
-2016663405	%systemroot%\\regedit.exe
-2016176247	Es wird nicht empfohlen, mehrere Kopien des Programms gleichzeitig zu starten
-2015223512	Wurde gelöscht: 
-2015170457	Вы можете очищать ОЗУ колесом (средней кнопкой мыши) и в режиме плавающего виджета, и в трее.
-2014322934	\\LogFiles\\WMI
-2014222684	SystemPaneSuggestionsEnabled
-2013262222	SysInfoConnected
-2012722764	Import Win 10 Tweaker settings
-2012610236	Загрузить на Upload.ee
-2012416052	OfficeHub_
-2012386625	SysMain
-2011438693	installiert
-2010628538	ResAllButton
-2010258054	:
-2009840014	BlockexeSuccessDeleted
-2009226468	\\LogFiles\\Scm
-2009071566	Если хотите, чтобы ваша Windows Home\r\nполучила поддержку Групповой политики,\r\nкликните на это сообщение.
-2009014929	imageres.dll,236
-2008762353	Enabled_old
-2008756812	Запустить
-2008636203	system16
-2008107123	seguisb.ttf
-2007968569	StartupForAll
-2007952804	WindowsSettings
-2007705717	SELECT * FROM Win32_VideoController
-2007629069	Очистить кеш ескізів (прев'ю) провідника Windows (у всіх папках), а також застарілу інформацію живих плиток рідного Меню Пуск. Буде необхідний Вихід / перезапуск Провідника.
-2007358868	Переместить в корзину
-2006683440	Fehler beim Aktivieren der Pro version.\r\n\r\nEs kann sein, dass Sie während der Kaufphase die Zahlung nicht bestätigt oder die Seite vorzeitig geschlossen wurde.\r\n\r\nKlicken Sie Ja, um die Zahlung abzuschließen.\r\nKlicken Sie Nein, um eine schon gekaufte Aktivierungscode wiederherzustellen.
-2006573042	ContextMenu15
-2005975124	Restoration
-2005835315	VBEFile\\
-2005557169	Сброс конфигурации
-2004283509	Створює ярлики на Робочому столі\r\n• Перезавантаження\r\n• Оновити оболонку\r\n\r\nОновлення оболонки — це авторський скрипт, який правильно оновлює оболонку Провідника, не провокуючи його перезапуск. При цьому і кеш ярликів оновлюється, на відміну від стандартного Оновити, і кеш значків по типу розширень оновлюється з першого разу.
-2003593650	MaxSize
-2003499656	SysInfo1
-2003200693	\\Package Cache
-2003193436	system1
-2002023062	\\Explorer\\Serialize
-2001923994	Файл реестра.reg
-2001625508	Открывать .nfo и неизвестные файлы Блокнотом
-2001164068	00000000
-2001150438	Confidentiality13
-2000740618	If you've already configured the Internet, LAN, set DNS, and configured other network settings, then you don't need constantly running services.
-2000735151	Serv7
-2000633614	Check56
-2000509089	SYSTEM\\CurrentControlSet\\Control\\Class\\{4d36e972-e325-11ce-bfc1-08002be10318}\\0001
-2000249164	HKLM\\Software\\Policies\\Microsoft\\PCHealth\\ErrorReporting\\DW!DWNoSecondLevelCollection
-1999881447	Конфигурация служб осталась без изменений.
-1999423814	.cmd\\ShellNew
-1998479829	SettingsItemlabel03
-1998473860	MenuText
-1998148621	Xbox_
-1996897656	Сбросить подсказки и предупреждения
-1996193232	\\Common Files\\microsoft shared\\ink
-1995806895	N/A
-1995199671	compact /u /i /a /f /q /s "%systemroot%\\*.*" && compact /u /i /a /f /q /s "%programfiles%\\*.*" && compact /u /i /a /f /q /s "%programfiles(x86)%\\*.*" && compact /u /i /a /f /q /s "%programdata%\\*.*"
-1993291436	Твік інвертує кольори Командного вікна, замінюючи білий на чорний, а чорний на білий, додаючи cmd і PowerShell 5% прозорості.\r\n\r\nТакож твік робить більш акуратним вигляд контекстного меню, замінюючи гігантські стрілочки невеликими, замінюючи жирні розділові смуги акуратними та тонкими смужками.
-1993144261	SOFTWARE\\Classes\\SystemFileAssociations\\video
-1993067512	{0}\\steamapps\\temp
-1992514942	\n
-1992021960	Кино и ТВ
-1991838042	OptOldDriversDeleted2
-1990827347	Ich verwende keine Windows-Designs / verwende sie jedoch, ohne zu ändern
-1990383328	Пожалуйста, подождите
-1989454881	VirusTotalFilename
-1988037562	\\s+
-1987807182	Add item «Get Hash» to files context menu
-1987214519	Wenn Sie "Ja" klicken, Tweaks werden automatisch angewendet.\r\n\r\nWenn Sie "Nein" klicken, das Programm wird einfach Häkchen in Übereinstimmung mit der Importdatei gesetzt.
-1986134939	Serv14
-1985511321	There is no dupes at all
-1984317058	Запам'ятати вибір встановлених галочок у Очищенні
-1984219966	Versteckte / Stille Schlüssel Win 10 Tweaker
-1983834361	530
-1982588178	HKLM\\Software\\Policies\\Microsoft\\Windows NT\\CurrentVersion\\Software Protection Platform!NoGenTicket
-1982434449	Reinigung den NVIDIA-Installationscache (Installer2) und MS Office (MSOCache)
-1982106245	User Data
-1982102760	PopupReboot
-1981530228	Обнаружены дубликаты драйверов.\r\nУдалить их перед экспортом?
-1981277914	RemoveAllAppsPleaseWait
-1980503294	AutoDownload
-1979964892	DefaultTTL
-1979061568	Добавляет в контекстное меню Компьютера следующие ссылки:\r\n\r\n• Администрирование\r\n• Безопасный режим\r\n• Диспетчер устройств\r\n• Панель управления\r\n• Программы и компоненты\r\n• Редактор групповой политики\r\n• Редактор реестра\r\n• Службы\r\n• Управление дисками
-1978004531	AboutAuthor
-1976084872	HKLM\\SOFTWARE\\Policies\\Microsoft\\FindMyDevice!AllowFindMyDevice
-1975945063	Videovorschau korrigieren
-1975454947	Ви ввели некоректний e-mail
-1975438874	StartupShortcut1
-1974694028	DeviceAssociationBrokerSvc
-1973717230	Confirm Extensions Import?
-1973620138	Wiederherstellung des ursprünglichen Zustands der Windows-Dienste
-1973108176	Rebofresh1
-1972821263	Microsoft хотіла б знати, чи добре у вас виходить користуватися програмами. Висновок вона робить на зборі всіх даних усієї активності в будь-якій встановленій програмі.
-1972652579	Check76
-1972237391	interface4
-1972109715	DropFileHereVT
-1972053078	SmCaptionFont
-1971972168	Clearing installed games cache, Steam cache (if any there), NVIDIA/AMD/Intel videocard cache.
-1970258875	MixedRealityOpenXRSvc
-1970216090	Add to Desktop «This PC» icon, not a shortcut.
-1970082454	Нормальный цвет всплывающей подсказки
-1969637132	SaveCleanerCheks
-1969436058	Dadurch wird die Größe Tasten reduziert Minimieren/ Maximieren/ Schließen in Fenstern auf 20%
-1969272905	%WINDIR%\\system32\\unregmp2.exe /HideWMP /SetShowState
-1968673606	*\\shellex\\ContextMenuHandlers\\ModernSharing
-1967758932	, 
-1967559464	Даний твік видаляє ваш рекламний ідентифікатор та можливість взагалі показувати вам рекламу.
-1967159633	0200
-1967042691	winlogon.exe
-1966946882	MenuLabel2
-1966736982	SeaSkin
-1966405251	\\wuauserv
-1965413391	Reinigung RAM
-1964983829	распространение-сертификата
-1964937661	Clearing Windows system journals
-1964512905	\\Microsoft\\Windows\\Power Efficiency Diagnostics
-1964089618	Данный пункт содержит в себе следующие службы:
-1964012491	Contact
-1964011715	Specify the directory you'd like to scan to:
-1963984512	ShowCortanaButton
-1963963487	Folder\\shell\\pintohome\\command
-1963246858	Переключать раскладку клавиатуры по Ctrl + Shift
-1963206403	\\NVIDIA Corporation\\NV_Cache
-1963066862	checkboxcleaner2
-1962864801	contextmenu9
-1962078928	ProgramsAndFeatures
-1961867490	GBSize
-1961512851	system9
-1961493705	Количество удалённых объектов
-1961461341	Serv16
-1960147017	Завантажити на ImgBB
-1959547447	DevQueryBroker
-1959463618	Переключатель включён
-1959090381	Getstarted_text
-1958440709	Ich habe schon ein Pro Version
-1958254107	StartupConfirm1
-1958078436	Безпечний режим з підтримкою мережі
-1958003581	Объекты, которые вы здесь видите, запускаются при каждом включении компьютера
-1957113470	TMP
-1956070337	https://win10tweaker.ru/changelog
-1956015138	serv19
-1955374915	\\Steam\\logs
-1954921699	Центр отзывов
-1954573578	RAMCleanMode3
-1954526790	Default monitor
-1954392092	SOFTWARE\\Policies\\Microsoft\\Windows\\Windows Search
-1952619202	"=
-1951558131	Interface8
-1950604465	Check53
-1949132633	SettingsItemlabel05
-1949035541	is running in Windows 7 compatibility mode
-1948231126	, false
-1947612547	Download speed:
-1947280058	.gif
-1947252304	Check35
-1946834843	Firewall_Allow
-1945596702	WdiContextLog
-1945201998	dllfile\\shell\\runas
-1945070362	Interface13
-1944879228	.obj
-1944790882	Ця кнопка відновить оригінальний розмір папки WinSxS
-1943856992	https://www.microsoft.com/en-us/IEGallery/GoogleAddOns
-1943832719	агент-политики-ipsec
-1942662311	wuauserv
-1942510451	BDESVC
-1942186551	LeftPanel
-1942095748	SOFTWARE\\Classes\\WMP11.AssocFile.WMV\\shell\\Enqueue
-1942077103	рабочие-папки
-1941885382	Windows 10 hat von Microsoft ein signiertes Modul. Seine Aufgabe ist: es kramt in den Ordner Ihres Profils herum und sucht nach interessanten Informationen. Dieser Tweak verhindert solches Verhalten von Microsoft.\r\n\r\nDer Tweak deaktiviert auch «Chronology» und «virtuelle Desktops». Entweder einfach so oder mit einem Spion.
-1941710821	у середньому
-1940880655	ChooseCompressionMethod
-1940859630	\\Acronis\\TrueImageHome\\Logs
-1940796555	is currently installed
-1940302140	\\Microsoft\\Windows\\WER\\ReportQueue
-1939647045	StartupConfirm1
-1939477713	Я не користуюся Магазином Windows та його програмами
-1939450782	Додати Очищення в контекстне меню Кошику
-1938739986	.wrl
-1938697681	Der Programmentwickler: ХрисТ
-1938352096	RestoreSystem8
-1938183896	Ні
-1937479472	TipOptimization
-1936070624	Export von Dateiendungen
-1935881399	Трей-очистка ОЗУ
-1935534207	HKLM\\Software\\Policies\\Microsoft\\PCHealth\\ErrorReporting!DoReport
-1934897043	YouTubeMainLabel3
-1933524321	LabelTextBox
-1933520173	Вимкнення
-1932853072	{0}: {1}
-1932773700	Если вы отключили Защитника Windows и сопутствующие ему приблуды, стоит свести на нет дополнительные службы, работающие в фоне, напрямую не связанные с Защитником, но связанные с безопасностью Windows.
-1932669441	people
-1932592898	SafeModeCMD
-1932230981	LeftMenu9
-1931548453	Deaktivieren die Überprüfung der Anforderungen durch Feedback
-1931544466	Отключение сбора данных через события планировщика
-1931423580	Я не позволяю удалённо управлять своим компьютером
-1930992840	HKLM\\Software\\Policies\\Microsoft\\Windows\\LocationAndSensors!DisableWindowsLocationProvider
-1929351789	SysInfo3
-1929142108	RAMContextMenuClose
-1928413377	\\WinSxS\\amd64_microsoft-windows-edgechromium_31bf3856ad364e35_10.0.19041.985_none_dd6cab49bac9dc87
-1928308656	RemovePermanently2
-1927869242	Serv10
-1927803160	Client-ID 7476316c320ba07
-1927565060	Given that you have a laptop, you might want to use Windows Hello and sign in with your fingerprint / face recognition. If not, feel free to mark this to disable.
-1927282812	Show/Hide System data
-1927230628	GBSize
-1927048357	Отключение всех типов синхронизаций Windows
-1926466374	LocalGroupPolicyEditor
-1925616654	Эта кнопка восстановит оригинальный размер всех системных файлов
-1925096306	system1
-1924450944	Serv15
-1924066507	Я не використовую режим планшета, у мене настільний ПК / ноутбук
-1923924777	{0}\\{1}{2}>1000
-1922607854	serv2
-1922276667	segoeuil.ttf
-1922202561	MenuLabel5
-1921191458	PersonalF8
-1921006725	Check45
-1920888844	Hier können Sie Objekte sehen, die bei jedem Einschalten des PCs mit Windows ausgeführt werden.\r\n\r\nWenn Sie mit der Maus über das Objekt fahren, wird der vollständige Pfad angezeigt.\r\n\r\nUm ein Objekt zu aktivieren oder-/deaktivieren, klicken Sie einfach auf seinen Namen.
-1920254384	StartupGrayTip
-1920213799	OptBack
-1919420873	\\Microsoft\\Diagnosis\\ETLLogs
-1919231940	RemoveAllPermanently1
-1919073162	.exe
-1919062029	for
-1918850263	contextmenu3
-1918377740	MainPanel1
-1918223684	WindowsCamera_
-1918030029	No
-1917755520	Serv30
-1917389786	Segoe UI
-1917234644	AbandonedMutexException
-1915973688	У Планувальнику завдань є цілий ряд служб, які після своєї роботи збирають дані про свою роботу та відправляють їх у Microsoft. Даний твік зупинить та відключить цю поведінку.
-1915693556	GlobalError1
-1915386448	автономные-файлы
-1915011028	Dieser Tweak ist schon angewendet
-1914853977	BingWeather_
-1914558117	serv18
-1914497720	Останнє вимикання:
-1914085127	aab7c4
-1913939303	UploadOnImgur
-1913923935	RAMContextMenuWidget
-1913759993	Recent Command
-1913688743	OptCloseConfirm
-1912819592	*\\shell\\
-1912383280	YouTubeMainLabel3
-1912315347	serv17
-1912073118	OptFreeUp1
-1911631422	Informationen über diesen Laptop
-1911618528	Это ваше первое включение нейросети на этой Windows. Искусственному интеллекту Win 10 Tweaker необходимо обучиться, чтобы самому определять мусорные каталоги. Обучение может занять несколько минут.\r\n\r\nПриступаем?
-1911190069	ShowFrequent
-1911094302	Ram30
-1910961547	System9
-1910953407	Confidentiality12
-1910649189	ContextMenu14
-1910380387	Win 10 Tweaker обнаружил, что у вас есть FastStone Capture. Можно сделать его редактором изображений по умолчанию по пункту Изменить на изображениях.
-1910312446	Поставити всі галочки
-1910182990	Prozessor:
-1909239750	CortanaConsent
-1908575475	*
-1908280412	System16
-1907644168	EnableVirtualization
-1907213251	\\Acronis\\SyncAgent\\logs
-1907000781	system9
-1905601939	Segoe UI Light (TrueType)
-1903714729	vbox
-1903461470	47556D
-1903186560	system9
-1902075323	serv31
-1901720894	Invalid e-mail
-1901433257	\\RegEdit
-1900686783	lmhosts
-1900322894	"%programFiles%\\Windows Mail\\Wab.exe" /CreateContact "%1"
-1900159104	Music
-1899942931	Системна інформація
-1899777346	vmicvmsession
-1899214860	Check23
-1899155643	MaxSize_old
-1899018833	\\CrashDumps
-1898961123	NeuralNetworkTryLater
-1898675217	First Run
-1898050501	HideDrivesWithNoMedia
-1898032284	CaptionFont
-1897983738	ShutdownItem
-1897894737	serv8
-1896117311	serv27
-1895776525	serv17
-1894538384	Виджет
-1894093169	wait
-1893937663	Отказаться
-1893807576	*.regtrans-ms
-1892716188	7
-1891061274	Магазин Windows
-1890963035	SCardSvr
-1890475584	By default on Windows startup, temporary delay for startup programs is on. Tweak disables this disservice.
-1888180737	служба-системы-push-уведомлений-windows
-1887950677	*.inf
-1887638319	;
-1887278727	https://win10tweaker.com/InfoChecker.php?key=uploadee
-1886943941	EnableExpressiveInputShellHotkey
-1886666764	E:\\
-1885695485	MenuFont
-1885358089	NgcCtnrSvc
-1885112990	_os
-1884957184	NeuralNetworkNeed
-1884385292	RetailDemo
-1883955279	{0}\\steamapps\\libraryfolders.vdf
-1883934241	{e2bf9676-5f8f-435c-97eb-11607a5bedf7}
-1883756239	compress1
-1883638818	Calibri
-1883588997	If you don't use passwords, pin codes, fingerprints and Windows Hello, you can disable the basic service responsible for authorizing in Windows.
-1883099586	StorSvc
-1882164906	SOFTWARE\\Classes\\SystemFileAssociations\\video\\shell\\Play
-1882156815	schtasks /create /tn "
-1882124451	Imageres.dll,109
-1881380565	\\catroot2\\edbres00001.jrs
-1879907272	RAMCleanMode1
-1879412643	SysInfoUSB
-1878464416	\\Notifications\\Settings\\Windows.SystemToast.SecurityAndMaintenance
-1877958654	ttcfile\\
-1877861150	Microsoft hat eine neue Funktion experimenteller Aktionen auf dem Benutzer-PC entwickelt. Wenn Ihnen das nicht gefällt, dass an Ihnen experimentiert wird oder experimentiert werden kann, verwenden Sie dieser Tweak.
-1876897356	AppInstalled1
-1876783692	English
-1876729772	Schalttafel
-1876720513	RestoreContextMenu10
-1876068953	VirusTotalPNG
-1875716741	Interface2
-1875664486	interface11
-1875018386	Wenn Sie etwas aus Sicherheits- oder Schutzgründen deaktivieren, erhalten Sie ständig eine Benachrichtigung darüber. Dieser Tweak wird lästige Sicherheitsbenachrichtigungen vom Benachrichtigung-Center deaktivieren.
-1874922619	notepad.exe %1
-1874232644	MenuItem11
-1873245412	Отказано в доступе
-1872776546	checkBoxCleaner11
-1872328178	Software\\Classes\\Local Settings\\
-1871605533	Check21
-1871476077	duplicates can be replaced with hardlinks:
-1871395167	Dadurch wird genau der Ordner «Volumenobjekte» aus dem Benutzerordner entfernt
-1871239151	SuperButtonUnblock
-1871056880	PleaseWaitVT
-1870603111	cmd /c echo @echo off>>%%windir%%\\Symlinker.cmd & echo set IS_MINIMIZED=1>>%%windir%%\\Symlinker.cmd & echo set "myCommand="(new-object -COM 'Shell.Application')^^.BrowseForFolder(0,'',0).self.path"">> %%windir%%\\Symlinker.cmd & echo for /f "usebackq delims=" %%%%I in (`powershell %%myCommand%%`) do set "dir=%%%%I">>%%windir%%\\Symlinker.cmd & echo setlocal enabledelayedexpansion>>%%windir%%\\Symlinker.cmd & echo mklink /d "!dir!\\%%~nx1" %%1 ^& del /f /q %%windir%%\\Symlinker.cmd>>%%windir%%\\Symlinker.cmd & start /min Symlinker.cmd "%1" ^& exit
-1870209467	OptLaptopWarning
-1870119806	Feedback_text
-1869326412	S-1-5-20\\Control Panel\\Colors
-1869001173	Objekte ziehen\r\nHier
-1868688103	Personal20minutes
-1868063394	YouTubeHeader
-1868034499	SOFTWARE\\Microsoft\\Windows\\CurrentVersion\\CapabilityAccessManager\\ConsentStore\\microphone\\Microsoft.549981C3F5F10_8wekyb3d8bbwe
-1867722332	OptTip3
-1867601345	Serv31
-1867587664	Software\\Microsoft\\InputPersonalization\\TrainedDataStore
-1866310965	Netlogon
-1866297284	SoftLandingEnabled
-1865889959	LastCleanup1
-1865450117	Filename
-1865252165	Wecsvc
-1864681665	Відмовлено в доступі
-1864585898	, 
-1864576739	Оперативная память прибавила:
-1864520102	{0}\\{1}{2}>1000
-1863195746	SettingsItemlabel10
-1862823586	contextmenu8
-1862774383	taskkill /f /im OneDrive.exe & %systemroot%\\
-1862027909	EntAppSvc
-1861713741	SysInfoMonitor
-1861269414	Original File Name : 
-1859954832	Das hält der Windows-Ereignisprotokoll/Datenerfassungsdienst an, sowie die Hintergrundverarbeitung dieses Protokolls.
-1859451740	Подождите, идёт очистка:
-1859317280	OptMoveTrash
-1859063038	HKLM\\Software\\Policies\\Microsoft\\Windows Defender Security Center\\Notifications!DisableNotifications
-1858555004	"
-1857796152	Apply a configuration in which your mobile provider will not be able to track the consumption of your mobile traffic on your PC. Thus, you will stop paying for breaking the limit.
-1857401400	Wurde freigegeben:
-1856297405	Bitte, warten
-1855770519	PersonalEventlog
-1855454943	MinimizeButton
-1855132232	Confidentiality14
-1854105832	ContextMenu7
-1853902909	.3mf
-1852549809	Clean
-1851764184	Sie müssen sich abmelden
-1850597058	EnableInstallerDetection
-1850391718	checkBoxCleaner4
-1850310387	PersonalTemp
-1849217539	The rule doesn't exist
-1849197105	Ich benutze kein VPN (Sonder-VPN-Clients)
-1849101338	Передать на устройство
-1849087657	ServTooltipEmpty
-1847824639	SysInfoPC
-1847291207	0 
-1846181658	Sauber
-1844795511	Sketch_text
-1844688796	\\System32\\Tasks
-1842996098	OptCleanedUp
-1841494474	system2
-1840558569	uk-UA
-1839692775	Software\\Classes\\SystemFileAssociations\\.bmp\\shell\\UploadOnImgur
-1839633991	Здесь вы видите объекты, которые запускаются вместе с Windows при каждом включении компьютера.\r\n\r\nПри наведении мыши на путь объекта вы увидите полный путь.
-1839522864	Authorization
-1837946186	Идёт замена дубликатов...
-1837762291	sublime_text.exe
-1836275470	сміття
-1836185243	Create symbolic link
-1835896106	Microsoft.Personalization
-1835854056	If you don't use a remote connection to databases at your work (AnyDesk and TeamViewer do not count), you should turn off corporate junk.
-1834822606	notepad++.exe
-1834133551	ZuneVideo_
-1833604349	Добавить пункт «Получить Hash» для файлов
-1832720618	Visit website
-1831007920	Відновлення служб до початкового стану
-1829718276	Serv24
-1829327586	Confidentiality17
-1829262858	Dim
-1828862583	HKLM\\Software\\Policies\\Microsoft\\Windows\\AppCompat!DisableUAR
-1828848902	\\CbsTemp
-1828551025	YouTube2
-1828548981	Ви впевнені, що хочете відмінити усі твіки, застосовані за допомогою Win 10 Tweaker?
-1827542069	System5
-1826900336	Проверка на вирусы
-1826284572	OptDragText
-1825764643	MenuLabel8
-1825643278	3D Viewer
-1824466359	ServCancel
-1823783149	In die Zwischenablage kopieren
-1823603437	OptWaitCompress
-1822380093	Отображать конфликты слияния папок
-1821336960	Disabling ads and ads ID of this PC
-1820726659	B
-1820497093	Check65
-1819967852	\\Microsoft\\VisualStudio\\SettingsLogs
-1818974291	Driver version: 
-1818266886	https://win10tweaker.ru/files/APIru.mhtml
-1818017567	YouTubeMiniLabel3
-1817980993	Очищення кешу браузерів Cent, Chrome, Opera, Firefox, Яндекс та інших
-1816896562	Запускати очищення оперативної пам'яті разом із Windows
-1816482569	PSA
-1815052696	ControlPanelName
-1814648677	Löschen Cache, der Verlauf, die Berichte und temporären Dateien von Windows-Defender.
-1813559748	ImportSuccessful
-1813452117	CleanerLogQT
-1811629465	Оптимизацию рекомендуется выполнять после того, когда все драйверы обновлены, а программы настроены.
-1811626145	DesktopBackground\\Shell\\Display
-1810562304	SkySkin
-1810348895	Start Page
-1810116515	ButtonEmail
-1809945811	PersonalLetsFinish
-1809927889	Check52
-1809573046	Я не использую корпоративные инструменты управления Windows
-1809082465	ShowFrequent
-1808651190	IPShow
-1808602542	{0}\\steamapps\\common\\Steamworks Shared\\_CommonRedist
-1808560492	Дата та час установки Windows:
-1808250330	Отключение сбора статистики использования приложений
-1808071293	This tweak disables rarely used Internet protocols: Teredo, ISATAP and IPv6. Do not use this, if your computer is connected to the corporate network.
-1807099901	Ordner von «Computer» löschen
-1806407141	ExportFileNotice2
-1806026864	sc stop wuauserv
-1805679721	Musik
-1805622062	Check38
-1805595621	LeftMenu6
-1804994543	Deleting from Files and Folders, Recycle Bin and This PC context menu items:\r\n\r\n• Restore previous versions\r\n• Edit with Paint 3D / Print 3D\r\n• Pin to Start\r\n• Pin to Quick access\r\n• Shop for music online\r\n• Share (e-mail)\r\n• Cast to Device\r\n• Include in Library
-1804613533	CloseButton
-1803951719	This tweak stops Event Viewer collectors service and background data processing of this service.
-1803293124	.exe
-1803013940	SOFTWARE\\Classes\\SystemFileAssociations\\image
-1802225749	HKLM\\Software\\Policies\\Microsoft\\Windows\\WindowsUpdate\\AU!**del.AutomaticMaintenanceEnabled
-1802089313	Remove «shortcut» prefix / postfix from shortcuts
-1801670136	serv1
-1801335319	Recorder_
-1800012174	ServTooltip
-1799119435	Заблокувати
-1797963616	Зняти всі галочки
-1797358191	Не вдалося активувати Pro-версію.\r\n\r\nМожливо, на етапі покупки, ви не підтвердили платіж або передчасно закрили сторінку.\r\n\r\nНатисніть Так, щоб завершити оплату.\r\nНатисніть Ні, щоб відновити вже куплену активацію.
-1796974358	SpecifyDriversDirectory
-1796616764	Removing all files of all existing diagnostics in Windows
-1796141034	помощник-по-входу-в-учетную-запись
-1795774949	dmdskres.dll
-1795720028	ZuneMusic_text
-1794062251	Interface5
-1793819521	Shift + RMt
-1793588173	RestoreConfidentiality5
-1793441787	AboutGetBeta
-1793152949	VirusTotalFilesError
-1793095975	free space!
-1792782353	Interface12
-1791020557	Removing stillborn folders of NVIDIA / AMD / Intel...
-1790180385	Getstarted_text
-1788956672	Hauptplatine:
-1788746155	Serv30
-1788512317	uncheckAll
-1788439797	Point mouse at any item to get its detailed description.\r\n\r\nBy clicking the arrow icon next to the checkbox you'll restore the system value, that is stored in Windows by default.
-1788406333	sc config NlaSvc start= delayed-auto & sc config EventSystem start= delayed-auto
-1787950386	w10t\\shell\\open\\command
-1787138808	Solitaire_
-1786968729	\\Yandex\\YandexBrowser\\User Data
-1786660006	SettingsUri
-1785804313	*.bak
-1785492755	InitialKeyboardIndicators
-1785468550	Ram101
-1785338463	Fügt Punkt «Symbolischen Link erstellen» ein
-1784731186	 (Original)
-1783535242	Перепроверить
-1781724265	Разрешить доступ в интернет
-1781668815	Directory
-1781620269	годин
-1781595996	Upload on ImgBB and copy to clipboard
-1781063799	Check2
-1779972245	@%systemroot%\\system32\\themecpl.dll,-10
-1779027506	Toggle04
-1776417447	MenuLabel7
-1774770475	ActivateLink
-1773739113	HKLM\\Software\\Policies\\Microsoft\\SQMClient!**del.CorporateSQMURL
-1773118789	\\WindowsApps
-1772974230	ddd, 
-1771750517	checker3
-1771499691	Я не использую сканер, ни виртуальный, ни сетевой, ни локальный
-1770389040	Serv28
-1770041329	WbioSrvc
-1769380562	SOFTWARE\\Classes\\WMP11.AssocFile.WMA\\shell\\Enqueue
-1767417043	Mail und Kalender
-1767039428	ms-settings:display
-1766883300	Добавить «Стать владельцем и получить полный доступ»
-1766857157	Получить Hash
-1766027607	contextmenu13
-1766000245	AboutGetBeta
-1765771293	%ProgramFiles%\\Windows Mail\\wab.exe,1
-1765464824	LangShortcut
-1764983009	Disabled
-1764825664	DesktopBackground\\Shell\\Display
-1764072557	Serv32
-1763551306	deviceassociationbroker
-1763394754	; 
-1763337316	SuperButtonFreeze
-1762156467	confidentiality2
-1761000843	contextmenu3
-1760606706	contextmenu12
-1760574342	Check32
-1760493432	Очищення кешу інсталяцій NVIDIA (Installer2) і Microsoft Office (MSOCache)
-1759969351	ShutdownItem
-1759817901	Wiederherstellung
-1759534664	\r\n[.ShellClassInfo]\r\nLocalizedResourceName=@%SystemRoot%\\system32\\windows.storage.dll,-21825\r\nIconResource=%SystemRoot%\\system32\\imageres.dll,-198
-1759256197	*.*
-1758163956	Virus scanning using an API key
-1757919045	Manuell muss man hier nichts eingegeben werden.
-1757876678	Serv12
-1757873934	C
-1757525401	Microsoft
-1757468534	Program Developer: ХрисТ
-1757077033	PanelDragnDropArea
-1756679668	\\MusNotifyIcon.exe
-1756243287	_ip
-1755785178	Xbox
-1755507901	_
-1755325630	VirusTotalLastScan
-1755314883	PersonalExplorerNetwork
-1755242064	HKLM\\SOFTWARE\\Policies\\Microsoft\\Windows\\Windows Search!AllowCortana
-1753569821	Мбит/с
-1753553639	Здесь вы можете применить конфигурацию, при которой пятикратное нажатие Shift не будет мешать своим уведомлением и залипанием этого самого Shift.
-1753139124	Выполнить перезагрузку сейчас?
-1752357856	Startupdelayinmsec
-1752128204	\\Performance
-1751808577	PersonalHiberfil
-1751800486	OptRadioButton3
-1750677306	sShortDate
-1750026794	\\drivers\\etc\\hosts
-1749676721	LogoutRestartRequired
-1748286089	OptReplacing
-1747843024	PimIndexMaintenanceSvc_
-1746839780	Serv18
-1746419662	Check1
-1746409875	Erledigt
-1746395389	Хочете видалили всі Metro програми без можливості відновлення?\r\n\r\nЯкщо натиснете Так, всі програми будуть видалені назавжди і ви не зможете їх відновити. Ви виграєте від цього близько 2 ГБ вільного місця на системному диску.\r\n\r\nЯкщо натиснете Ні, програми будуть видалені, але їх завжди можна буде повернути.
-1746346843	Please, wait, not finished yet...
-1745954890	I don't use encryption of files, folders, drives
-1745346863	Очистка кэша Защитника Windows
-1744933159	contextmenu4
-1744889526	Монітор:
-1744705458	Управление службами в Windows
-1744698873	HKLM\\Software\\Policies\\Microsoft\\Windows\\LocationAndSensors!DisableWindowsLocationProvider
-1743615417	.tmp
-1742276867	\\DefaultIcon
-1742154410	Win 10 Tweaker розвивається в ногу з оновленнями Windows, отже, деякі твіки можуть втратити свою актуальність через методи їх застосування. На Вашому комп'ютері виявлено кілька таких. Щоб уникнути конфліктів Win 10 Tweaker відмінив їх. Все, що вам потрібно – просто застосувати їх знову.
-1741903630	Software\\Classes\\CLSID\\{20D04FE0-3AEA-1069-A2D8-08002B30309D}\\shell\\LocalGroupPolicyEditor
-1741529027	Операційна система:
-1741320958	DisableAutoplay
-1741160203	SharedRealitySvc
-1740966019	Відновлення системи
-1740670523	Я не пользуюсь счётчиками производительности Windows
-1740443589	WalletService
-1740305557	Bitmap image
-1738952181	GetHelp_
-1738327465	SOFTWARE\\Microsoft\\Windows\\CurrentVersion\\Explorer
-1737781398	Делает из пункта Персонализация меню подпунктов:\r\n\r\n• Параметры Windows\r\n• Параметры экрана\r\n• Персонализация\r\n• Режим Бога\r\n• Выход\r\n• Перезагрузка\r\n• Выключение
-1737258991	serv31
-1736728830	/
-1736521264	Treatment
-1735828601	Das Objekt, das gelb markiert ist
-1735802882	vmicshutdown
-1734880213	\\shell\\CreateSymbolicLink
-1734188908	HKLM\\Software\\Policies\\Microsoft\\Windows\\WindowsUpdate\\AU!NoAutoUpdate
-1733277553	] 
-1733043844	Удалит историю подключённых к компу USB-накопителей. Полезно для тех, кто не хочет оставлять следы и кому не нравится, что буква флэшки запомнилась и распоминаться не хочет, а вам нужно.\r\n\r\nОчистка не затрагивает другие USB-устройства. Только флэшки и внешние диски.
-1732696443	@%CommonProgramFiles%\\system\\wab32res.dll,-10203
-1732006070	\\MusNotification.exe
-1731649396	Це зупинить службу збору даних Журналу Подій Windows, а також фонову обробку цього журналу.
-1731146304	checkBoxCleaner13
-1730780022	Тут ви можете отримати корисну інформацію про свій комп'ютер, а також скопіювати необхідні дані.
-1730752970	Antispy Rules Auto Update FQ
-1730552284	Прибрати мовну поп-ап панель (праворуч)
-1730310525	Вхідна швидкість:
-1729013912	StartupAddItem
-1728734403	Remove useless items from context menu
-1728218505	Витягти
-1727629390	BrokenShortcutDeleted
-1727134761	SOFTWARE\\Classes\\SystemFileAssociations\\video
-1727070251	MenuLabel10
-1727062160	Serv31
-1726848122	Minuten
-1726015416	Ram90
-1725885329	Control Panel\\Desktop\\WindowMetrics
-1725002840	Der Tweak stellt den klassischen «View Windows Photos» in der Liste der Programme für die Arbeit mit Bildern wieder her.
-1724949297	служба-хранилища
-1724351379	Сейчас ваша система не нуждается в сжатии.
-1723906164	\\DBG
-1723531581	\\FNTCACHE.DAT
-1723417705	OptDropfiles
-1723256378	Windows Settings
-1722955656	ToggleDisabled
-1721496532	ex 
-1721472187	RegRegistry
-1721319484	Mbps
-1721039195	Segoe UI Bold (TrueType)
-1720891669	Твік не дасть Microsoft дізнатися, чим вам подобається користуватися, не дозволить збирати дані про використання та відключить можливість відправляти ці дані в Microsoft.
-1720823264	Импорт настроек Win 10 Tweaker
-1719984820	Copied
-1719968638	Відключення та повне видалення шпигунських модулів від Microsoft
-1719847273	SYSTEM\\CurrentControlSet\\Services\\Tcpip\\Parameters
-1719288417	%WINDIR%\\ehome\\mcspad.exe hideicons
-1719152921	Під час операції дії будуть недоступні.
-1718983011	Посилання на скріншот результатів сканування скопійоване в буфер.
-1718537796	serv6
-1718118393	SkinPro
-1717638012	Serv18
-1717242927	Вам краще не застосовувати цю категорію, тому що на вашій Windows 7 без служби Теми все буде виглядати вкрай жалюгідно.
-1716924762	CloseIcon
-1716878385	linkmenu6
-1716870513	Control Panel\\Desktop
-1716722579	catalogfile
-1716518969	Feedback_text
-1716145064	StartupGrayTip
-1715314490	checkboxcleaner15
-1714725361	Serv28
-1714701088	\\dmwappushservice
-1714563541	exefile\\shell\\runas2
-1712761842	Розморозити
-1712755745	',
-1712659978	serv26
-1711582120	x2
-1710500224	SysInfoMbps
-1709928606	Check36
-1709447823	_mother1
-1709300648	служба-кошелька-walletservice
-1709182482	служба-предварительной-оценки-windows
-1709107294	\\Temp
-1708366816	диспетчер-скачанных-карт
-1707453837	Alle Anwendungen löschen
-1707021028	BlockerMenu
-1706251677	Скопіювати
-1705894868	.vbs\\ShellNew
-1705532680	SOFTWARE\\Classes\\SystemFileAssociations\\
-1705373323	RemoteRegistry
-1705282473	Copied
-1705184969	\\Explorer\\Advanced
-1704934762	dword:{0:x8}
-1704176075	Upon reaching 50%
-1704123891	\\dmwappushservice
-1704002027	Kopieren
-1703617993	messagingservice
-1703543918	Подождите...
-1703316904	IconsPanel
-1702874459	\\Cache
-1702603407	Додає можливість Створити:\r\n\r\n• Сценарій Windows.cmd\r\n• Файл реєстру.reg\r\n• Файл сценарію VBScript.vbs\r\n\r\nу контекстному меню будь-якої папки, включаючи Робочий стіл.
-1702405343	long5
-1701707859	SCPolicySvc
-1701390572	ex 
-1701005515	SOFTWARE\\Classes\\SystemFileAssociations\\video
-1700970132	Nach Viren prüfen
-1700433134	In vielen Programmen gibt es Popup-Tipps des alten Musters mit der hässlichen gelben Farbe. Diese Einstellung ändert die Farbe in ein blasses-blasses, kaum wahrnehmbares Blau.
-1700216810	CopyImageToClipboard
-1699824583	*\\shell\\runas\\command
-1696861008	Blockierung\r\nDie ausführbaren Dateien werden im Task-Manager blockiert. Wenn Sie beispielsweise iTunesHelper.exe eingeben, wird der Prozess iTunesHelper.exe auch nach der Aktualisierung von iTunes niemals im Task-Manager angezeigt.
-1695518756	DisableWindowsLocationProvider
-1695280629	autotimesvc
-1695173675	4096
-1694907392	MainPanel3
-1694105247	\\Logout
-1693808706	Ускорить запуск Windows и запуск программ из автозагрузки
-1692569869	Extended
-1690764561	Трей-очищення ОЗП
-1689987035	If your PC is connected to the Internet via cable or Wi-Fi, you can get rid of unnecessary services by checking this item.\r\n\r\nIf you plan to use a USB modem or USB router on this PC, don't use this category.
-1689922549	\\Explorer\\CommandStore\\shell\\Display
-1689799420	hex(0):
-1688509040	GodMode
-1688084001	Russian
-1687708071	Win 10 Tweaker – это небольшая, но очень мощная программа, позволяющая сделать полную оптимизацию и очистку Windows всего в несколько кликов.
-1687214395	ВиджетОчистить
-1686838697	Move to Recycle Bin
-1686322941	Zusammen mit Windows ein RAM-Reinigung-Widget starten
-1685616120	EnableWebContentEvaluation
-1685507274	WMPNetworkSvc
-1685267938	PersonalConcentration
-1685095772	Users\\
-1685086268	Interface13
-1684861317	Убрать всплывающую панель языка (справа)
-1684661793	Toggle03
-1684309581	StartupBottomTip7
-1683682086	InfoWindow
-1683484330	WholeFileSystem
-1683334375	Folder\\shell\\pintohome
-1682548521	Loslassen
-1682519189	PersonalEdge
-1682414637	I don't record games and broadcasts using Windows itself
-1681737737	\\Explorer\\CommandStore\\shell\\SafeMode
-1681425379	\\Code\\CachedData
-1681099905	Завершит фоновые процессы, чтобы разгрузить оперативную память и повысить быстродействие компьютера. Ваших программ это не коснётся. Завершаются только фоновые системные и временные процессы.\r\n\r\nPro-версия дополнительно очищает саму оперативную память, выгружая кэш и зависшие библиотеки.
-1681075632	SOFTWARE\\Policies\\Microsoft\\Windows Defender
-1680774198	compress5
-1680497488	Применяя эту конфигурацию, вы отключите сразу комплекс служб-датчиков устройств, от которых нет толка, если у вас стационарный компьютер или ноутбук.
-1680427840	Gruppenrichtlinien-Editor
-1680182949	cmd.exe /c regedit.exe /s "
-1679540936	OptTip4
-1679476380	*\\shell\\VirusScanner\\command
-1678743816	{0} {1}/{2}
-1678730135	webBrowser1
-1677723055	MenuLabel9
-1677714964	Serv27
-1677650618	Erstellen Verknüpfungen zum Neustarten und Aktualisierung des Explorer-Shells
-1677439755	Add-AppxPackage -register 'C:\\Program Files\\WindowsApps\\*
-1677025902	Вкажіть папку з драйверами, які ви хочете встановити:
-1676098367	Layout Hotkey
-1675587229	segoeuib.ttf
-1674831481	Сканируемый файл:
-1674437219	\\ServiceProfiles\\LocalService\\winhttp
-1674176294	" && ren new.exe "
-1673806369	RestoreSystem13
-1673024480	Firewall_Block
-1673000549	CleanerException1
-1672418435	SYSTEM\\CurrentControlSet\\Control\\Session Manager\\Memory Management
-1671804713	Зачекайте, виконується пошук дублікатiв...
-1671768000	Я не использую шифрование файлов, папок, дисков
-1671455642	Interface13
-1671261994	Virus Scanner
-1670961013	 task" /sc onlogon /tr "wscript.exe '
-1670878407	checkBoxCleaner15
-1670683824	RAMCleanMode1
-1670508168	RestoreInterface2
-1668884471	DimText
-1668883216	DisplayName
-1668828017	Restore is in progress:
-1668746015	OptNotRequired
-1668395696	Deaktivieren experimenteller Eingriffe von Microsoft
-1668283966	\\Drivers
-1668035091	ContextMenu9
-1667840083	C:\\Windows\\System32\\Windows.Media.Streaming.dll
-1667131318	.png
-1667115136	Unable to get section '{0}'
-1667056165	PeopleExperienceHost
-1667030446	OptReplacing
-1666900359	Serv19
-1666799587	, false
-1666743807	%USERPROFILE%\\AppData\\Local\\Temp
-1665726618	Applications
-1665598743	https://win10tweaker.ru/W10TServicesRu
-1665390753	Safe Mode with Network
-1665297255	Freeze\r\nLiterally freezes the entire process/program. This doesn't mean the program will hang. This means that the process/program will be "paused". You can type explorer to test.
-1665085269	Даний твік відключить покрокове протоколювання ваших дій, серед яких:\r\n\r\n • Знімання скріншотів\r\n • Набір тексту\r\n • Запуск програм\r\n • Доступ до веб-камери на\r\n   заблокованому екрані\r\n   та багато іншого
-1664089137	Перемістити у кошик
-1664015262	службы-удаленных-рабочих-столов
-1663972957	SYSTEM\\CurrentControlSet\\Control\\DeviceGuard
-1663839408	Software\\Classes\\CLSID\\{20D04FE0-3AEA-1069-A2D8-08002B30309D}\\shell\\DeviceManager
-1663487196	WindowsMaps_text
-1663180031	Даний пункт відключить безглузду службу Теми. Якщо ви вже налаштували тему і вас влаштовують звуки і курсори, служба вам не потрібна. Фоновий малюнок можна буде змінити в будь-якому випадку.
-1662624418	AboutFeatures
-1662253072	W10T
-1661973223	Interface14
-1661873109	Stop and disable User Account Control
-1661397379	</div><br><div class="box"><div class="programs">
-1660885863	HKLM\\SOFTWARE\\Policies\\Microsoft\\Windows\\Windows Search!DisableWebSearch
-1660417200	FontSize
-1659351583	\\Tracing
-1659039225	SeaSkin
-1658926067	PersonalPanel
-1658211824	system13
-1658093678	checkboxcleaner4
-1658006671	SuperButtonRun
-1657506257	Check4
-1657326179	interface4
-1656615827	WerSvc
-1656434398	Чтобы выбранный скин сохранился, переходите на Pro-версию!
-1655863461	Serv25
-1655572694	\\Microsoft\\Windows Security Health\\Logs
-1653138717	Start
-1653041366	Serv29
-1652813087	OptOldDriverRemove1
-1652498494	taskschd.msc
-1651149955	ServAppsNotVisited2
-1650749100	enabled
-1650667014	YouTubeMainLabel3
-1650106822	Перезагрузка
-1649911814	Serv22
-1649661607	StartupBottomTip7
-1649009840	Початково Windows відключає живлення дисків кожні 20 хвилин після бездіяльності. Постійно смикати живлення недобре. Тому рекомендується Застосувати відключення цієї ведмежої послуги.
-1648991585	Get Hash
-1648757130	ContextMenu16
-1648058329	Software\\Microsoft\\Windows\\DWM
-1647733653	)
-1646740110	Wetter
-1645931662	If you don't use or plan to use Bluetooth, you don't need Bluetooth services.
-1645834570	RestoreInterface3
-1645029764	imageres.dll,229
-1644251328	reg add "HKCR\\CLSID\\{8E74D236-7F35-4720-B138-1FED0B85EA75}\\ShellFolder" /v Attributes /t REG_DWORD /d 0xf080004d
-1643766746	RAMCleanMode2
-1642952415	\\Locktime\\NetLimiter\\4\\Stats\\nlstatsV4.db
-1642860090	%temp%
-1642512379	Serv25
-1642473902	DevQueryBroker
-1642457720	.ico
-1642401083	Microsoft wants to know, how often you use Feedback service. This tweak disables such counting.
-1641158624	\\shell\\
-1641087763	C:\\Windows\\servicing\\LCU
-1640773824	.inf
-1640696476	inprochandler32
-1639636865	*.*
-1638882566	Number of deleted copies and duplicates:
-1638206992	Aufladen auf ImgBB und in die Zwischenablage kopieren
-1636826075	powershell.exe -command foreach ($serv in ('WinDefend','SgrmBroker','wscsvc')) { stop-service $serv; reg add "HKEY_LOCAL_MACHINE\\SYSTEM\\CurrentControlSet\\Services\\$serv" /v Start /t reg_dword /d "2" /f };foreach ($serv in ('Sense','SecurityHealthService','WdNisSvc')) { reg add "HKEY_LOCAL_MACHINE\\SYSTEM\\CurrentControlSet\\Services\\$serv" /v Start /t reg_dword /d "3" /f }
-1635925520	Communications_
-1635460655	Blockexe
-1635447158	System7
-1634909010	Software\\Win 10 Tweaker
-1634069811	служба-совместного-доступа-к-данным
-1633607394	StartupShortcut2
-1633457316	Відмінити усі твіки, застосовані за допомогою Win 10 Tweaker
-1633295036	Недоступно
-1632904775	Reset configuration
-1632167007	High
-1631635834	\\Installer\\$PatchCache$
-1630890308	Are you sure you want to remove all tweaks made by Win 10 Tweaker?
-1630301543	Communications_text
-1629859098	.bmp
-1629789190	Menu
-1629452064	EnableLUA
-1628278767	Please, wait
-1627820137	служба-обмена-данными-hyper-v
-1627203682	У мене вже є Pro
-1626683334	ContextMenu1
-1626652886	_1 BackupSystemIcon
-1626436613	Letzter Shutdown:
-1625746260	 task" /f
-1625121544	\\Explorer
-1624910008	StartupBlueWorking
-1624333903	Учитывая то, что вы используете твик Нормальные шрифты, вы можете применить эту рекомендацию, чтобы дополнительно видеть день недели в трее (там, где часы).
-1623272299	Serv19
-1623248465	aab7c4
-1622865579	Beschleunigung Cursorblinkgeschwindigkeit
-1622674864	checkboxcleaner2
-1622553043	HKLM\\Software\\Policies\\Microsoft\\Windows Defender!DisableAntiSpyware
-1622504800	FontSmoothingType
-1621322792	Superform
-1621298519	Software\\Microsoft\\Personalization\\Settings
-1621008706	TweakAppliedNot
-1620974593	Show
-1620383990	Superexe
-1619618652	служба-установки-microsoft-store
-1619569639	AllowTelemetry
-1619537275	.reg\\ShellNew
-1618197484	\\ControlPanel\\command
-1617840759	RAMContextMenuClose
-1617784122	{0}\\{1} ➜ {2}>1000
-1617483416	DarkSkin
-1616095697	OptRadioButton1
-1614237361	Position
-1613794199	P
-1612500390	*.txt
-1611139490	Credentials
-1610820056	VirusTotalRecheck
-1610658236	(get beta)
-1610077752	Если вы пользуетесь удалённым доступом, но сами к себе никого не пускаете с помощью инструментов Microsoft, вам стоит отключить службы, отметив этот пункт.\r\n\r\nAnyDesk, TeamViewer и прочие будут работать и без лишней пачки служб от Microsoft. Однако VPN после этого работать не будет.
-1609742935	Ich benutze kein LAN (weder verkabelt noch kabellos)
-1609529363	installer.
-1608839611	TipServices
-1607864457	Цей твік допише у ваш файл hosts і Брандмауер домени, на які звертається Windows при відправці даних про вас і ваше використання комп'ютера.\r\n\r\nhosts — це системний файл, який дозволяє перенаправити будь-яку адресу в мережі на будь-яку іншу. Твік перенаправляє шпигунські мережеві адреси в нікуди.
-1607071020	Wenn Sie Cloud nicht über WebDAV verwenden oder nicht wissen, was WebDAV ist, können Sie sicher markieren, um es zu deaktivieren.\r\n\r\nGoogle Drive und andere Cloud-Clients werden funktionieren trotzdem
-1607038656	Hilfe bekommen
-1605965763	Wenn Sie wissen, was VirtualBox ist, dann wollen Sie bestimmt nichts mit Virtualisierung von Microsoft zu tun haben.
-1605558438	ConfigureAppInstallControl
-1605286438	Відображати конфлікти злиття папок
-1605230773	 GB
-1604862087	Програми вже видалені
-1604429766	IsolatedCommand
-1604158610	Confidentiality2
-1603694170	Serv25
-1603428938	\\ServiceProfiles\\LocalService
-1602735390	System
-1602058490	sShortDate
-1601997654	OptRestore3
-1600757648	Fügt Punkt «Hochladen auf Upload.ee» zum Dateikontextmenü ein
-1600315617	3D-Ansicht
-1599464308	Wenn Sie nicht wissen, was Windows Kiosk ist und Ihren Computer nicht als Werbetafel verwenden, aktivieren Sie dieses Kontrollkästchen.
-1598811191	DisableMRUVideo
-1598560984	OptFreeUp1
-1597685478	CLSID\\{018D5C66-4533-4307-9B53-224DE2ED1FE6}
-1596893409	long2
-1596878491	linkmenu1
-1596851017	VirusTotalRecheck
-1596488230	Close
-1596430737	Verbessern Punkt «Personalisierung» im menü des Desktops
-1595941417	Выход
-1594952678	PersonalStorage
-1594887950	D
-1594766585	system10
-1593865463	hkcu
-1593442553	\\Reboot\\command
-1593191434	Не удалось обработать запрос из-за того, что в вашей системе не установлен браузер по умолчанию – спасибо сборщику самопалу. Установите в системе браузер по умолчанию и подумайте над тем, чтобы использовать оригинальную Windows.
-1593159070	Удалить содержимое папки
-1593150979	RemovePermanently1
-1593102433	\\Steam\\appcache
-1593094342	е
-1593086251	Попереднє налаштування Провідника
-1593045796	Більше не показувати це повідомлення
-1592997608	Confidentiality6
-1592531509	Программы и компоненты
-1591381644	Check71
-1589630896	isable
-1589092269	This tweak doesn't applied
-1588782107	" target="_blank"><span>
-1588340457	SOFTWARE\\Microsoft\\Windows\\CurrentVersion\\WINEVT\\Channels\\
-1587205059	This button will restore the original size of all system files
-1586336222	Verdana
-1586000820	This tweak removes arrows from Shortcuts. Sign Out is needed to affect changes.
-1585903579	© 
-1585086790	shell32.dll,44
-1584884996	Microsoft Security Client
-1584457536	6
-1584288122	Software\\Microsoft\\InputPersonalization
-1584158666	Wenn Sie keinen Drucker haben, dann brauchen Sie keine Druckdienste.
-1584123251	\\Notifications\\Settings\\Windows.SystemToast.SecurityAndMaintenance
-1583866951	\\Roaming\\Opera Software\\Opera Stable\\Crash Reports\\reports
-1583493714	imageres.dll,166
-1581606504	StartupError
-1581421181	Розблокувати
-1578931571	Cancel
-1578688841	\\seclogon
-1578309967	#1f2434
-1578240633	UploaderDarkSkin
-1577615917	SOFTWARE\\Policies\\Microsoft\\MRT
-1577563722	lzx
-1577307874	TipCleaner
-1577019587	ssh-agent
-1576288582	Version:
-1576049999	progressBar4
-1576014968	OptReplacing
-1575923849	OptDrop
-1575902824	*.tmp
-1575875159	RestoreContextMenu11
-1575489993	*.dat
-1575429411	OptRadioButton2
-1575179737	checker1
-1574830414	Löschen Cache für Miniaturansichten des Windows Explorers (in allen Ordnern), sowie veraltete Informationen zu Live Startmenü-Kacheln. Beenden erforderlich/Neustart des Explorers.
-1574568925	Шлях:
-1574017821	ServBonus1
-1573483487	\\AMD
-1573425176	\\config\\systemprofile\\AppData\\Local\\Microsoft\\CLR_v4.0_32\\UsageLogs
-1572930547	SOFTWARE\\Classes\\Unknown\\shell\\edit
-1572635362	Add item «Command window» to Desktop context menu
-1572435918	Mixed Reality
-1572024142	confidentiality2
-1571999869	InterfaceFolder
-1571941289	\\WdiServiceHost
-1571134843	– startet nicht mit dem Windows-Start
-1570994311	Я не використовую пристрої з Bluetooth (миша, колонки, навушники)
-1570701799	Disabled
-1570409287	schtasks /change /tn "\\Microsoft\\Windows\\Windows Error Reporting\\QueueReporting" /enable
-1570214352	P
-1570160362	SysInfo7
-1570141533	Adding to the Desktop context menu item, that launches Command Prompt.
-1569783857	system2
-1569073642	Win 10 Tweaker – AntiSpyware 🕵
-1568477381	Безвозвратное удаление
-1568347925	Пожалуйста, укажите почту,\r\nна которую вы получали активацию.
-1567131234	checkBoxCleaner1
-1566006487	SOFTWARE\\Microsoft\\Windows NT\\CurrentVersion\\Fonts
-1565406167	SOFTWARE\\Policies\\Microsoft\\Windows
-1564985161	Добавить пункт «Показать/Скрыть системные папки»
-1564650903	Ich benutze keine drahtlosen oder zusätzlichen Monitore
-1563812065	LogoutRequired
-1563438828	Check7
-1563120830	Я не колекціоную звіти про помилки
-1563002516	.DEFAULT\\Control Panel\\Colors
-1562825407	ServAppsNotVisited2
-1562518365	DriversExported
-1562206007	служба-узла-hv
-1562119422	Wenn Sie dieser Tweak anwenden, deaktivieren Sie ganz komplett die Gerätesensordienste, die bei einem PC oder Laptop unbrauchbar sind.
-1561869215	Die Sprachsynthese aktualisiert selbst im Hintergrund und ohne Ihre Zustimmung. \r\nDieser Tweak deaktiviert diese Funktion.
-1561521346	\\Explorer\\WordWheelQuery
-1561399020	Xbox
-1561118594	schtasks /delete /tn "Win 10 Tweaker (AntiSpy)" /f
-1559727750	vmicheartbeat
-1559654959	Хранение данных:
-1559525523	Add «This PC» on Desktop like object (not shortcut)
-1559493159	So sieht eine Popup-Nachricht mit der ausgewählten Skin aus.
-1559380039	perceptionsimulation
-1559055962	windows
-1558587798	Software\\Microsoft\\Siuf\\Rules
-1558099593	Щоб обраний скін зберігся, переходьте на Pro-версію!
-1557877553	FullWin10TweakerPath
-1556808194	В фоновом режиме была активирована\r\nГрупповая политика Windows.
-1556263225	net user "
-1556219021	StatusBar
-1556158100	IP-адреса:
-1556108218	spectrum
-1556088934	Очищення кешу Захисника Windows
-1555954489	Communications_del
-1555724392	checkBoxCleaner2
-1554164374	SettingsUri
-1553667973	StartupForCurrent
-1553482366	serv1
-1553468952	OptConfirmDelete
-1552909692	1
-1552777942	SkinPanel
-1552031468	Hash
-1551846009	There are no drivers in specified directory.
-1551674036	Заблокировать
-1551632993	ServStepsLabel2
-1551285182	поддержка-элемента-панели-wercplsupport
-1551132479	Remove all applications
-1550873067	RestoreConfidentiality15
-1550804662	This button will restore the original size of Windows
-1550144258	Software\\Win 10 Tweaker
-1549500601	OptTip4
-1549150697	Möchten Sie diese Dienste zusätzlich deaktivieren?
-1548982603	WindowAlpha
-1548513693	Ich benutze keine USB-Modems oder USB-Router
-1548350791	RAM:
-1547967911	Заморозити
-1547710568	Verdana
-1547342453	ContextMenu12
-1547327166	Неверно
-1547053237	Очистит «Журналы событий» Windows.
-1546954085	{0}windowsupdate;
-1544999852	ServRestoreTooltip
-1544330962	StartupForAll32
-1543986480	 GB [
-1543932691	FirewallName
-1543918075	Saved
-1542010175	Serv26
-1541678444	aab7c4
-1540916309	Створити символічне посилання
-1540046935	It is highly recommended to watch the video FAQ before visiting the Services category.\r\n\r\nShall we?
-1538756555	Restored
-1538479596	Trained
-1538322371	SysInfoPC
-1538158624	Win 10 Tweaker hat festgestellt, dass Sie kein lokales Netzwerk verwenden, es bedeutet, dass «Netzwerk» im Explorer für Sie kein Sinn hat. Klicken Sie auf Übernehmen, um das unsinnige Element zu entfernen.
-1537859819	Установить авторские чёрные курсоры
-1536933788	ProgrammaticAccessOnly
-1536253828	Remove explorer path length limit
-1535320102	Необхідне Перезавантаження
-1534925747	RestoreInterface16
-1534899403	Registration Entries.reg
-1534747757	MainPanel2
-1534258054	Check42
-1533800717	Windows може завантажуватися швидше, якщо перевести деякі автоматичні служби на відкладений запуск. Все, що вам потрібно – Застосувати цю конфігурацію.
-1533243468	Fügt eine Option hinzu, um den Hash (Prüfsumme) einer beliebigen Datei zu ermitteln.
-1533075268	Serv10
-1530552226	PersonalEventlog
-1530474832	Performance
-1529928019	Цей твік відключить автозапуск для з'ємних носіїв (флешок, з'ємних дисків та інших пристроїв), які Провідник Windows миттєво намагається відкрити при підключенні за допомогою потенційно небезпечного файлу autorun.inf. Даний твік не дозволить вірусам пролізти у систему та запускати свої сценарії.
-1529902300	*.xml
-1529705740	LastCleanup2
-1529681467	MenuLabel1
-1529434588	DeviceAssociationBrokerSvc_
-1529258798	By default, language switching is done by pressing Alt + Shift. This tweak changes this to Ctrl + Shift.
-1527742221	Download-Geschwindigkeit:
-1526667164	LeftMenu4
-1526219037	AboutAuthor
-1525789462	ContextMenuOptIn
-1525784350	DesktopBackground\\Shell\\Personalize
-1525609767	AllowSearchToUseLocation
-1525526428	PersonalConcentration
-1525404387	interface5
-1524511842	SOFTWARE\\Microsoft\\Multimedia\\Audio
-1524413917	Документы
-1524284461	Are you sure you want to Reverse compression?
-1524218923	Message
-1523718509	Permanently remove
-1523217271	HKLM\\Software\\Policies\\Microsoft\\Windows\\DataCollection!AllowDeviceNameInTelemetry
-1522401852	Diese Nachricht nicht mehr zeigen
-1522347897	служба-устранения-неполадок-troubleshootingsvc
-1522035153	Serv19
-1521840145	delete
-1521519566	OptPleaseWaitCleaner
-1521505885	Confidentiality16
-1520867156	Username
-1520721518	checkboxcleaner1
-1520270640	Automatisch nach Updates prüfen
-1519558871	Ich verwende keine Verschlüsselung von Dateien, Ordnern, Laufwerken
-1519146367	Свернуть в трей
-1519138276	Режим Бога
-1519089730	{0}\\{1}\\{2}>1000
-1518463076	Deny
-1518214221	compact /c /i /a /f /q /s "%systemroot%\\winsxs\\*.*"
-1516547715	feedback
-1515590991	Твик инвертирует цвета Командной строки, заменяя белый на чёрный, а чёрный на белый, добавляя cmd и PowerShell 5% прозрачности.\r\n\r\nТакже твик делает более аккуратным вид контекстного меню, заменяя гигантские стрелочки небольшими, заменяя жирные разделительные полосы аккуратными и тонкими полосками.
-1514941124	DeviceId
-1514660505	Grafikkarte:
-1514266243	Über Win 10 Tweaker
-1513914031	Dieser Tweak deaktiviert alle Geolocation-Dienste und alles, was Ihren Standort bestimmen kann.
-1513805998	*.blf
-1513372594	F:\\
-1512379033	WindowsAlarms_del
-1512005796	C:\\Temp
-1511714221	Цей твік додасть можливість сповільнити анімацію вікон при згортанні, розгортанні та закритті, якщо при цьому затиснути клавішу Shift.
-1511506409	TipAutorunsWin10
-1510154054	Вы успешно откатили все твики, применённые с помощью Win 10 Tweaker
-1509884923	\\Google\\Chrome Beta\\User Data
-1509858458	compress4
-1509267350	Remember state of Cleaner checkboxes
-1508724631	Check1
-1508656809	Даний твік відключить всі служби геолокації та все, що може визначати ваше місце розташування.
-1508270949	TipServices
-1508210351	Solitaire_del
-1508182444	R.I.P.
-1507671952	Erneut prüfen
-1507083580	Администрирование
-1506524417	Microsoft möchte wissen, ob Sie Anwendungen gut benutzen. Microsoft macht die Schlussfolgerungen auf dem Grund der Sammlungen aller Daten und aller Aktivitäten in installierten Anwendungen
-1506486128	Completely remove OneDrive with all its trash
-1506448985	File is too big
-1506112891	serv7
-1505802729	MBSize
-1505098305	ShutdownTime
-1504997314	Remove delay of appearance of context menu
-1504470469	VirusTotalDetectionRatio
-1503852444	Виправити налаштування Блокноту
-1503663482	SOFTWARE\\Policies\\Microsoft\\MicrosoftEdge\\PhishingFilter
-1503222352	\\Roaming\\Opera Software\\Opera Stable\\ShaderCache\\GPUCache
-1502136504	UptimeMinutes
-1501253449	{0}>{1}
-1501239785	InstallService
-1501190337	Get-AppxPackage
-1500914529	Neu Start
-1500493311	Value
-1500282063	Учитывая, что у вас настольный ПК и вы не используете биометрию для идентификации на компьютере, можно удалить неиспользуемые драйверы и модули биометрии, нажав Применить.
-1499732915	Данный твик отключит пошаговое протоколирование ваших действий, среди которых:\r\n\r\n • Снятие скриншотов\r\n • Набор текста\r\n • Запуск программ\r\n • Доступ к веб-камере на\r\n   заблокированном экране\r\n   и многое другое
-1499716046	schtasks /delete /tn "
-1499446832	SOFTWARE\\Classes\\SystemFileAssociations\\.bmp\\Shell\\3D Edit
-1498900209	Если ваш компьютер не использует авторизацию через Смарт-карты и вообще никак со Смарт-картами не связан, отмечайте этот пункт.\r\n\r\nЕсли вы не знаете, что такое Смарт-карты, тем более отмечайте.
-1497938620	EnterYourEmail
-1497750582	\\SoftwareDistribution\\DataStore\\DataStore.edb
-1496091929	CredentialEnrollmentManagerUserSvc_
-1495670923	Мой Office
-1494422829	netsh advfirewall firewall delete rule name="
-1493615842	DeviceAssociationBrokerSvc
-1493443858	Speichern die Auswahl der installierten Häkchen in der Reinigung
-1492785124	NeuralNetworkReady
-1492184139	Interface9
-1491786102	Serv22
-1491394280	служба-cdpsvc-cdpusersvc
-1490268737	VirusTotalDetectionRatio
-1487155036	Standardmonitor
-1487144608	Win 10 Tweaker визначив, що ви не використовуєте локальну мережу, а значить «Мережа» в Провіднику для вас безглузда. Натисніть Застосувати, щоб позбутися від непотрібного пункту.
-1486721334	I don't use a fax, neither virtual, nor networked, nor local
-1486203576	Приложения
-1485642276	Interface7
-1485520911	Disabling collection and sending of handwriting data
-1485442350	\\Acronis\\ActiveProtection\\Logs
-1485103527	*'} | Remove-AppxPackage; Get-AppxProvisionedPackage –online | where-object {$_.packagename –like '*
-1484885834	HKLM\\Software\\Policies\\Microsoft\\Windows\\AdvertisingInfo!DisabledByGroupPolicy
-1484565057	wlidsvc
-1483958463	{0} {1}, 
-1483828376	Перезагрузка
-1483646105	w10tservs{0}
-1483609135	SCPolicySvc
-1483203660	Confidentiality5
-1482428203	\\System32\\gpedit.msc
-1482367685	saveCleaner
-1481979947	Bei der Erreichung von 20%
-1481579161	Interface11
-1480593688	Serv28
-1480170024	AllowAdvertising
-1478986454	Laden auf ImgBB hoch
-1478779180	SafeModeCMD
-1478637755	PleaseWaitVT
-1477248527	 GB
-1477143554	AboutFeatures
-1475129007	Видео-справка
-1475011162	Ram60
-1474864446	Wenden Sie diese Konfiguration an, um Wi-Fi in Ihrem Laptop gegen ein plötzliches Ausfallen zu verhindern. Dieses Tweak verhindert unvorhergesehenes Ausfallen von Wi-Fi, das angeblich Energie sparrt.
-1474755770	ZuneMusic_text
-1472941382	HKLM\\Software\\Policies\\Microsoft\\Windows Defender\\Spynet!SubmitSamplesConsent
-1471727456	telemetry
-1471542046	ExportDrivers
-1470943049	Vertraulichkeit
-1470587088	checkBoxCleaner4
-1469836198	serv11
-1469537811	Видалити всі програми
-1469485627	Confidentiality12
-1469387593	RestrictImplicitTextCollection
-1469153670	Win 10 Tweaker.ini
-1468704359	Shift6
-1467989381	vmicshutdown
-1467868016	interface10
-1467580167	MediaStorage
-1467517092	SOFTWARE\\
-1467378330	https://win10tweaker.ru/W10TServicesEn
-1466806833	FirewallName
-1465816369	При достижении 80%
-1465242702	SYSTEM\\CurrentControlSet\\Control\\FileSystem
-1464862383	\\Microsoft\\Internet Explorer\\MSIMGSIZ.DAT
-1464523530	contextmenu13
-1462954148	.obj
-1462728086	Pro Version ist aktiviert!\r\nDas Programm wird neu gestartet.
-1462717373	sShortDate_bak
-1462705649	\\Tasks\\
-1462583092	Відключити набридливе попередження при запуску будь-яких exe
-1462483664	serv16
-1462249724	checkBoxCleaner8
-1460869690	To save the selected skin, switch to the Pro version!
-1460816982	VirusTotalClean
-1460363391	Monitor:
-1460002786	Сгенерировано с помощью
-1459326903	{20D04FE0-3AEA-1069-A2D8-08002B30309D}
-1459158703	Specify the directory where the driver folder will be placed:
-1458038992	служба-данных-датчиков
-1457178793	Previous Versions Property Page
-1457027928	DisplayVersion
-1457024406	Abbrechen
-1456856206	checkboxcleaner7
-1456636074	WpnUserService
-1455563581	Yes
-1453931793	Непредвиденная ошибка
-1453815543	system6
-1453761882	Посмотрите поясняющее видео по службам Windows\r\nYouTube
-1452750599	OptMoveTrash
-1452301095	Entfernt alle Windows-Systemberichte, einschließlich Fehlerberichten, Installationsberichten, Statusberichten über die Treiberinstallation usw.
-1451680475	-255
-1451431721	#.#
-1450409305	Confidentiality6
-1449848803	compact /u /i /a /f /q /s /exe:lzx "%systemroot%\\winsxs\\*.*"
-1449724159	Unlock classic «Windows Photo Viewer»
-1448843534	Control Panel\\Colors
-1448583522	Скопировать в буфер
-1448083108	Результати сканування
-1446736757	rexplorer
-1446292486	SysInfoMilliseconds
-1445553971	RemoveAllPermanently1
-1445369513	Автоматично перевіряти оновлення
-1444545134	*\\Shell\\
-1444018973	\\AppData\\LocalLow\\uTorrent
-1443715719	serv21
-1443621036	VBScript Script File.vbs
-1443307692	>0
-1443251474	schtasks /change /tn \\Microsoft\\Windows\\Maintenance\\WinSAT /enable &schtasks /change /tn "\\Microsoft\\Windows\\Autochk\\Proxy" /enable &schtasks /change /tn "\\Microsoft\\Windows\\Application Experience\\Microsoft Compatibility Appraiser" /enable &schtasks /change /tn "\\Microsoft\\Windows\\Application Experience\\PcaPatchDbTask" /enable &schtasks /change /tn "\\Microsoft\\Windows\\Application Experience\\ProgramDataUpdater" /enable &schtasks /change /tn "\\Microsoft\\Windows\\Application Experience\\StartupAppTask" /enable &schtasks /change /tn "\\Microsoft\\Windows\\PI\\Sqm-Tasks" /enable &schtasks /change /tn "\\Microsoft\\Windows\\NetTrace\\GatherNetworkInfo" /enable &schtasks /change /tn "\\Microsoft\\Windows\\Customer Experience Improvement Program\\Consolidator" /enable &schtasks /change /tn "\\Microsoft\\Windows\\Customer Experience Improvement Program\\KernelCeipTask" /enable &schtasks /change /tn "\\Microsoft\\Windows\\Customer Experience Improvement Program\\UsbCeip" /enable &schtasks /change /tn "\\Microsoft\\Windows\\DiskDiagnostic\\Microsoft-Windows-DiskDiagnosticResolver" /enable &schtasks /change /tn "\\Microsoft\\Windows\\DiskDiagnostic\\Microsoft-Windows-DiskDiagnosticDataCollector" /enable &schtasks /change /tn "\\Microsoft\\Windows\\Feedback\\Siuf\\DmClient" /enable &schtasks /change /tn "\\Microsoft\\Windows\\Feedback\\Siuf\\DmClientOnScenarioDownload" /enable
-1443158987	ImportFileDialog
-1442769939	Я не використовую нічого від Windows Media
-1442547050	System11
-1442330656	DescriptionBlockexe
-1441854926	HKLM\\Software\\Policies\\Microsoft\\Messenger\\Client!CEIP
-1440985552	tzautoupdate
-1440488665	ServBonus1
-1439993142	checkBoxCleaner12
-1439945946	Description
-1439777113	cache
-1439760931	\\ControlPanel
-1439055516	restore
-1438709555	Serv11
-1438512797	PathName
-1437878981	Upon reaching 80%
-1437223860	DisableSecuritySettingsCheck
-1436557204	5
-1436354486	Sie können diese Konfiguration anwenden, um das Nachricht-Center vollständig zu deaktivieren und nie wieder eine Benachrichtigung von diesem Center zu erhalten.
-1436270807	DriversInstalled
-1436192662	Ускоряет везде появление пунктов контекстного меню.
-1435681609	\\Microsoft\\Windows\\WebCache
-1434840679	und Ordner
-1433784652	Отмена
-1433352720	10 Home
-1433251353	PastIconsStream
-1432938995	" && "
-1432894222	MenuLabel6
-1432691682	Недостатньо місця на системному диску, щоб повернути файл гібернації.
-1432653663	DoubleBuffered
-1432632638	Unfreeze
-1432400406	MaxSize_old
-1431076615	contextmenu15
-1429998954	.dll
-1429580960	Объект, отмеченный жёлтым цветом
-1429290559	Файл, который вы проверяете, ещё ни разу не проверялся в базах VirusTotal, поэтому придётся подождать несколько секунд, пока его отсканируют полсотни антивирусов.\r\n\r\nНе рекомендуется делать проверку слишком часто.
-1428461615	Published Name
-1428136476	Adding to Files and Folders context menu item, that grants switch for Show/Hide hidden System items.
-1427365270	OptWaitRestore
-1427025440	Win 10 Tweaker looks up for your system language, and deletes other unused. Fonts, keyboard etc are not affected. Just system languages.\r\n\r\nHave to be done one time, so checkbox is unchecked by default.
-1426677729	Run RAM Widget Cleaner on Windows start
-1426635424	-
-1426224534	Ваша Windows по умолчанию занижает качество обоев, которые вы устанавливаете.\r\nВы можете отключить эту медвежью услугу нажатием Применить.
-1425557705	serv24
-1425104771	ZuneMusic_
-1424244409	\\InputSwitch.dll_bak
-1423966372	ExportFileNotification
-1423925917	служба-географического-положения
-1423772188	RestoreInterface6
-1423756232	SensorDataService
-1423489606	Zurücksetzen
-1423322738	; 
-1422839171	,
-1422182002	panelLog
-1420522578	I don't use Microsoft virtual machines
-1420339472	MemoryWasReleased
-1420241609	*\\Shell\\Upload.ee
-1418888278	PopupReboot
-1418666458	Музыка
-1417247227	LastCleanup1
-1416945669	OptCleanedUp
-1416889032	\\SettingSync\\Groups
-1416704508	Spooler
-1416204094	Check75
-1415626723	ContextMenu5
-1415238211	CleanerSavedMarks
-1415095424	\\NvTelemetryContainer
-1415076351	Імпорт розширень
-1415071151	Занадто великий файл
-1414839032	scanner
-1414813250	Registry
-1414270531	shell32.dll,1
-1413823613	Робить з пункту Персоналізація меню підпунктів:\r\n\r\n• Параметри Windows\r\n• Параметри єкрану\r\n• Персоналізація\r\n• Режим Бога\r\n• Вихід\r\n• Перезавантаження\r\n• Вимкнення
-1413548652	CleanerMainPanel
-1413546334	cache
-1413439204	fhsvc
-1413018198	Безопасный режим
-1411433644	Додати пункт «Створити символічне посилання»
-1411386843	Win 10 Tweaker визначає мову вашої системи та безболісно видаляє ті мови, які є системним мотлохом. Це ніяк не вплине на підтримку шрифтів, клавіатур та іншого. Видаляються саме системні мови.\r\n\r\nНеобхідно один раз, тому галочка на цьому пункті завжди початково знята.
-1410396289	Deaktivieren alle Arten Windows-Synchronisierung
-1410348206	MenuLabel1
-1410188299	ChooseCompressionMethod
-1409827874	рабочие-папки
-1409256506	LangSky
-1409155544	false
-1409147058	TipAutorunsWin7
-1408184064	AboutHeaderAbout
-1406916122	ServReset1
-1406828791	Falsch
-1406620889	PersonalShift5
-1406579979	OptTip6
-1404513671	Слабое
-1404345513	Sekunden
-1402948771	служба-сборщика-diagnosticshub-standardcollector-service
-1402906466	Shift7
-1401916866	Мій Office
-1401564654	SettingsItemlabel05
-1401210216	использование-данных
-1400381868	interface16
-1399707073	Desktop
-1399340791	RestoreSystem3
-1399255769	system14
-1399098590	RestoreInterface5
-1397533638	PersonalLetsFinish
-1397438022	Переключатель отключён
-1397427700	До оперативної пам'яті додано:
-1396732278	System state before Win 10 Tweaker
-1396495985	InitialKeyboardIndicators
-1395533192	System14
-1394925516	CleanHistoryButton
-1394353500	Управление дисками
-1394015814	confidentiality17
-1393768476	exefile\\shell\\runas2
-1393733948	Якщо вам не подобається, що гучність всіх програм знижується при використанні мікрофона, застосуйте цю рекомендацію, щоб відключити цю ведмежу послугу.
-1393658078	Check73
-1393648817	TipDefault
-1393227290	rstrui
-1392765762	Environment
-1392223525	lfFaceName
-1392086554	HKLM\\SOFTWARE\\Policies\\Microsoft\\Windows\\ScriptedDiagnosticsProvider\\Policy!DisableQueryRemoteServer
-1390945818	Wow6432Node\\CLSID\\{018D5C66-4533-4307-9B53-224DE2ED1FE6}
-1390096358	Deaktivieren und vollständige Abschneiden von Microsoft-Spyware
-1389887125	SELECT LastBootUpTime FROM Win32_OperatingSystem WHERE Primary = 'true'
-1389431845	Apartment
-1388676764	\\Roaming\\Microsoft\\Windows\\Recent\\CustomDestinations
-1388149901	.exts
-1387984416	iconpath
-1387802190	<ExecutionTimeLimit>PT72H</ExecutionTimeLimit>
-1387586685	КБ
-1387171398	\\ElevatedDiagnostics
-1387106768	BlockexeErrorSyntax
-1386875065	Відключення збору та обробки даних Журналу Подій Windows
-1386842701	У фоновому режимі була активована\r\nГрупова політика Windows.
-1386240355	RemoveAllTweaksSuccess
-1384617592	Экспорт твиков
-1384579764	dism /online /set-reservedstoragestate /state:disabled
-1383746783	Check78
-1383465851	SysInfoConnectionError
-1383255485	checkboxcleaner11
-1382349212	Deaktivieren der Sammlung von Daten durch Task-Scheduler
-1382141310	{3dad6c5d-2167-4cae-9914-f99e41c12cfa}
-1381488743	Lucida Console
-1381390689	Cleaned up
-1380348007	хост-библиотеки-счетчика-perfhost
-1380284932	I don't use biometrics (fingerprint, face recognition)
-1380253369	NcaSvc
-1379249321	ProtectionDetection
-1378609001	interface13
-1378093118	temp
-1377315661	Clearing Windows Update cache.
-1377129789	Стандартний монітор
-1376267146	Очищення
-1375828173	Confidentiality17
-1375038589	DupesDetected
-1374891099	 task" /sc onlogon /tr "'
-1374651540	Сам объект:
-1374422189	8.1
-1373524616	служба-звукового-шлюза-bluetooth
-1373423743	contextmenu12
-1372961015	RestoreSystem15
-1372613304	MainPanel10Line1
-1372383880	MenuLabel6
-1371807484	Редактор групповой политики
-1371612476	Serv8
-1371088597	AppInstalled3
-1370983414	Так
-1370917054	pla
-1370416640	Confidentiality
-1369876346	Tage
-1369165533	checkboxcleaner15
-1368669548	DefaultScope
-1368248542	Interface5
-1367634952	An useless driver was found:
-1367355743	Ich benutze keine virtuellen Desktops, Nachtlicht, Ihr Telefon
-1367011387	Share
-1366299307	SOFTWARE\\Microsoft\\PolicyManager\\current\\device\\System
-1366088788	SOFTWARE\\Classes\\.rtf\\ShellNew
-1365796774	Check34
-1365681463	– запускается при старте Windows
-1365586408	Löschen die intuitive Postfix-Präfixe für Verknüpfungen.
-1365187252	Serv26
-1363881801	interface14
-1363576433	Файл сценарію VBScript.vbs
-1362822197	\\DeliveryOptimization
-1362734856	checkBoxCleaner5
-1362490493	checkboxcleaner8
-1362474682	Відключення збору даних про встановлені програми
-1362209558	Ви впевнені, що хочете відновити служби до того стану, який був до застосування конфігурації в програмі?
-1362180331	OptUnavailable
-1362088193	RestoreSystem14
-1361782961	{088e3905-0323-4b02-9826-5d99428e115f}
-1361528857	PersonalTemp
-1361485424	MenuLabel1
-1361348274	HvHost
-1361083642	\\\\
-1360913587	\\Steam\\htmlcache
-1360833435	confidentiality5
-1360704156	\\7516b95f-f776-4464-8c53-06167f40cc99\\3c0bc021-c8a8-4e07-a973-6b14cbcb2b7e
-1360645333	\\Acronis\\SnapAPILogs
-1360603283	Персоналізація
-1360485724	RAMContextMenuClear
-1360290716	Software\\Microsoft\\Notepad
-1359877834	PimIndexMaintenanceSvc
-1359525622	RemovePermanently2
-1359094880	Хотите скопировать ошибку в буфер обмена и сообщить о ней разработчику?
-1358346508	Shift + ПКМ
-1357265175	uncheckAll
-1357258821	Показать
-1356990554	LastCleanup1
-1356186754	CLSID\\\\{596AB062-B4D2-4215-9F74-E9109B0A8153}
-1355730177	Check51
-1355709152	BluetoothUserService
-1354584816	DonationBack
-1354526366	Посмотрите видео о скрытых возможностях\r\nYouTube
-1354489049	Не закрывайте программу до появления уведомления об успешном завершении.
-1354027000	\\Windows Defender\\Definition Updates
-1353592313	\\DriverStore\\Temp
-1353500430	StartupBlueNotWorking
-1352843022	Windows-Dienste, die zur Abschaltung bereit sind:
-1352371044	Win 10 Tweaker Pro\n
-1351152726	\\drivers\\etc\\hosts (Original)
-1351125183	Я не використовую бездротові, а також додаткові монітори
-1350730921	serv15
-1350630797	\\Microsoft\\Windows\\PRICache
-1350142179	mmc.exe /s gpedit.msc
-1350067288	_pctime1
-1349977942	StartupScheduler
-1349053961	Fügt das Symbol «Computer» auf dem Desktop hinzu, keine Verknüpfung.
-1349011261	interface9
-1348512524	Serv2
-1348218335	System15
-1348202362	HKEY
-1348139287	\\Microsoft\\Windows Defender\\Support
-1347793110	Warten...
-1346517959	Segoe UI Italic (TrueType)
-1346358362	root\\CIMV2
-1346228906	People_
-1345899865	Все твики успешно применены
-1345470070	Shop for music online
-1344591627	Выберите файл для сканирования
-1344149182	SensorDataService
-1343970605	\\Boot
-1343850795	{0} {1}
-1343310316	Replace
-1343269273	автонастройка-wwan
-1342892511	Я не использую Киоск Windows / не знаю, что это
-1342834586	RpcLocator
-1341571568	OptReplacing
-1341357946	Check21
-1340921634	Software\\Microsoft\\Notepad
-1340797961	\\Uploadee.exe" "%1"
-1340036344	ContextMenu10
-1339776170	Програми
-1339491761	ButtonsPanel
-1339202624	Wenn Sie einen PC und keinen Laptop haben, können Sie sicher die Biometrie deaktivieren.
-1339021367	Если вы не пользуетесь Облаками через WebDAV или не знаете, что такое WebDAV, можете спокойно отмечать для отключения.\r\n\r\nGoogle.Диск и прочие Облачные клиенты будут работать в любом случае.
-1338977127	TipServices
-1338422370	noty
-1338287950	\n
-1338189915	Default=Profiles/
-1337549692	\\log
-1337042851	ApplyButton8
-1336646368	Preconfigure Explorer
-1335975690	Ця кнопка відновить оригінальний розмір Windows
-1335780416	UserDuckingPreference
-1335645260	SYSTEM\\CurrentControlSet\\Control\\Power\\PowerSettings\\7516b95f-f776-4464-8c53-06167f40cc99\\8EC4B3A5-6868-48c2-BE75-4F3044BE88A7
-1334492505	LanmanServer
-1334361716	Confidentiality2
-1334283813	Заморозить
-1334094382	LeftMenu2
-1334070109	System6
-1334017383	Хотите удалить все плиточные приложения без возможности восстановления?\r\n\r\nЕсли нажмёте Да, все приложения будут удалены навсегда и вы не сможете их восстановить. Вы выиграете от этого около 2 ГБ свободного места на системном диске.\r\n\r\nЕсли нажмёте Нет, приложения будут удалены, но их всегда можно будет вернуть.
-1333971455	YouTubeMainLabel2
-1333877574	*\\shell\\runas
-1333789184	A new version is available.\r\nWould you like to upgrade?
-1333034381	system12
-1332821547	YouTubeMiniLabel4
-1332579951	Відключення рекламного ідентифікатора та реклами
-1332305297	Interface8
-1332076859	UsoSvc
-1331984971	_pctime
-1331368223	МБ
-1331344295	inifile\\
-1330539530	Control Panel\\Desktop
-1330353246	serv2
-1330321073	Неправильно введене ім'я процесу.\r\nПравильний приклад: firefox.exe
-1330192562	TipAutorunsWin7
-1329591866	Standardmäßig hat Windows eine Verzögerung beim Windows-Start und eine Verzögerung der Programmen aus dem Autostart-Ordner. Der Tweak nimmt diesen Dienst weg.
-1329509780	TweakApplied
-1328895078	Очистить у реєстрі журнали використання комп'ютера, видалить невірні записи, помилки реєстру, а також виконає ремонт класів та розширень. Усі ці операції зменшать розмір реєстру, а також прискорять роботу комп'ютера за рахунок відсутності безглуздого читання неіснуючих даних.
-1326520444	{\\rtf1}
-1326465245	interface8
-1325303334	Вы уверены, что хотите откатить все твики, применённые с помощью Win 10 Tweaker?
-1325126342	Show extensions for all file types
-1324891703	SettingsPageVisibility
-1323542482	WindowsStore_text
-1322718960	65
-1322229549	Інтерфейс
-1322007484	Начать очистку
-1321490580	In die Zwischenablage kopieren
-1319373800	checkBoxCleaner18
-1318968306	Check61
-1318620595	System3
-1318049002	serv20
-1318016638	Datenspeicherung:
-1317896360	PersonalRecomendations
-1316578618	embeddedmode
-1316392941	8
-1316240729	Alarms and Clock
-1316089114	confidentiality1
-1315909542	https://www.google.com/search?hl=ru&q={searchTerms}
-1314510332	Wenn Ihr Computer über Kabel oder WLAN mit dem Internet verbunden ist, können Sie sicher unnötige Dienste deaktivieren, indem diesen Punkt aktivieren.\r\n\r\nWenn Sie vorhaben, auf diesem Computer ein USB-Modem oder einen USB-Router zu verwenden, verwenden Sie dieser Tweak nicht.
-1314031981	vmicvmsession
-1313128484	icon
-1312967545	StartupShortcut4
-1312927090	Удаление стрелок с ярлыков
-1312259110	HasLUAShield
-1312157833	\\ServiceProfiles\\NetworkService
-1311663204	CDPUserSvc
-1311304548	(проверить обновления)
-1310247912	CompatTelRunner
-1309658969	Так
-1309364147	{0}\\{1}{2}\\shell\\{3}>1000
-1309346611	Вихід
-1308939886	command
-1308244464	WOW6432Node\\
-1306964018	Befehlszeile
-1306142305	_6 ImportExts
-1305890205	GlobalError1
-1305810487	Microsoft.Display
-1305519666	Control Panel\\Keyboard
-1304978879	PersonalDay
-1304896444	Win 10 Tweaker може ввімкнути приховану в Windows схему електроживлення, яка дозволить працювати вашому процесору без штучних обмежень.
-1304585235	It will clear the computer usage logs in the Registry, remove invalid entries, Registry errors, and repair classes and extensions. All these operations will reduce the size of the Registry, as well as speed up the computer due to the absence of meaningless reading of non-existent data.
-1304161325	Сэкономлено
-1303236701	hkcu
-1303030259	VirusTotal Item
-1302967184	Правило уже существует
-1302699072	OfficeHub_text
-1302346860	Last Cleanup
-1302240280	Я не записую ігри та трансляції за допомогою самої Windows
-1302165442	DriverVersion
-1301826448	Cancel
-1301556107	Fix Notepad conflict settings
-1300808577	\\catroot2\\edb.chk
-1300460835	Last shutdown:
-1300265727	Last Cleanup: 
-1300001590	.vbs
-1299899445	RestoreConfidentiality1
-1299506961	ZuneVideo_text
-1299276864	confidentiality6
-1299106474	Directory
-1298861577	-show
-1298667227	ExportExtsAsk
-1297889041	Ich verwende keine Windows-Updates, ich installiere alle Komponenten selbst
-1297867268	Импорт расширений
-1295921876	Клік на об'єкт вмикає/вимикає його Автозавантаження\r\nХрестик видаляє об'єкт із Автозавантаження без попередження
-1295837266	powercfg
-1295418344	Панель управління
-1294221152	StartupShortcut4
-1294207471	TipCleaner
-1293519975	Win10HomeSuggestion
-1292116122	Застосування цього твіку відключить історію використання для файлів і папок для панелі швидкого доступу та меню Пуск.\r\n\r\nУ цю історію входять:\r\n\r\n• Нещодавно використані файли\r\n• Нещодавно відкриті файли Пуск\r\n• Часто використовувані файли
-1292080236	ContextMenu8
-1291958185	служба-пульса-hyper-v
-1290218691	_
-1287979722	Win 10 Tweaker – Privacy rules 🕵
-1287381804	Запустить повторное обучение нейросети?\r\nЕсли вы выберете Нет, будет использовано предыдущее обучение.
-1287320884	ContextMenu12
-1286370883	Here you can remove any application by simply clicking a cross mark.\r\n\r\nTo install any application back, just click on it's icon.
-1286205654	Этот твик отключит автозапуск для съёмных носителей (флэшек, съёмных дисков и прочих устройств), которые Проводник Windows мгновенно пытается открыть при подключении с помощью потенциально опасного файла autorun.inf. Данный твик не позволит вирусам пролезть в систему и запускать свои сценарии.
-1285841112	Перетягніть об'єкти\r\nСюди
-1283166967	SOFTWARE\\Classes\\WMP11.AssocFile.MKA\\shell\\Enqueue
-1283083462	Застосування цього пункту відклю-\r\nчить ClearType (згладжування шрифтів для сліпих), замінить Segoe UI на Tahoma, а в тих випадках, де це неможливо, на MS Sans Serif. Блокнот отримає шрифт Verdana.\r\n\r\nЯкщо в налаштуваннях Дисплею ви робили масштаб більше 100%, вам буде здаватися, що все занадто дрібне. Тому любителям масштабу більше 100% не рекомендується цей твік.
-1282255131	Um den ausgewählten Skin zu erhalten, brauchen Sie Pro Version!
-1282165824	Clearing thumbnails cache and Start Metro UI cache.
-1281006241	Datum und Uhrzeit der Windows-Installation:
-1280836330	iphlpsvc
-1280732990	обновить-службу-оркестратора-usosvc
-1278552510	SuperButton2
-1277661755	SOFTWARE\\Classes\\SystemFileAssociations\\Directory.Audio\\shell\\Enqueue
-1277483753	LSM
-1276101108	Software\\Win 10 Tweaker
-1275892420	BlockexeSuccessCreated
-1275851965	Відновлення
-1275822731	Fügt ein Element zum Datei Kontextmenü hinzu, mit dem Sie beliebige Dateien mit einem direkten Link zu der Datei in der Zwischenablage zum File-Sharing Dienst hochladen können.
-1275029805	Start_TrackDocs
-1274804214	Дублікатів немає
-1274465391	Win 10 Tweaker bestimmt die Sprache Ihres Systems und entfernt schmerzlos die Sprachen, die als Systemmüll sind . Dies hat keinen Einfluss auf die Unterstützung den Schriftarten, Tastaturen und anderen Dingen. Nur Systemsprachen werden gelöscht.\r\n\r\nEs ist einmal erforderlich, daher ist das Häkchen bei diesem Element standardmäßig deaktiviert.
-1273778770	StartupConfirm2
-1273528563	Создать ярлыки на Перезагрузку и Обновление оболочки проводника
-1273140385	system4
-1272750799	Конфиденциальность
-1272747795	\\NVIDIA\\DXCache
-1272687724	Стиснення всіх системних і програмних файлів\r\nна системному диску.
-1272335512	BlockexeDoesntExists
-1271942711	\\sysprep\\Panther\\IE
-1271595000	https://win10tweaker.ru/Yandex
-1271263908	bcdedit /set {default} bootmenupolicy legacy
-1271021674	Вибір музики в Інтернеті
-1270821539	Serv27
-1270628030	Attributes
-1268839353	сетевая-служба-xbox-live
-1268540067	\\Explorer\\Advanced
-1268228288	Zurücksetzen
-1267046702	\\Explorer\\CommandStore\\shell\\Windows settings
-1266589782	Win 10 Tweaker has detected that you have FastStone Capture. You can set it by default image editor (right click on images - Edit).
-1266342695	WindowsDefenderApplicationGuard.wim
-1266086823	btc
-1265846473	Мбіт/с
-1265791749	Check4
-1265308774	\\SystemTemp
-1265155045	0000
-1264040198	Удалить все приложения
-1263555621	BlockexeDenied
-1263188599	interface8
-1262960329	\\systray.exe
-1262335613	IconStreams
-1261656830	Импортировать расширения?
-1260139628	Safe Mode with Command Window
-1260073588	LeftMenu1
-1260000769	telemetry
-1259968405	Дана програма запускається під усіма обліковими записами.
-1259863222	\\Uploadee.exe
-1259772826	ServRestoreTooltip
-1259029762	\\MSOCache
-1258729693	Предварительная настройка Проводника
-1258482949	Borderexe
-1258470475	ServNoChoice1
-1257686560	Close
-1257655825	Вихід
-1256202221	\\Hauptmenü\\Programme\\Autostart 
-1255660784	SystemStateBeforeW10T
-1255496071	The objects marked Gray
-1255287547	\\Config.Msi
-1255129789	Media Storage
-1254820262	RAM hat erhöht:
-1254692764	Оберіть файл для сканування
-1254646198	За 1 оплату ви активували вже 2 комп'ютери.\r\nЗ метою захисту від комерційного поширення, ви не можете більше переактивуватися.\r\n\r\nНеобхідно оновити ліцензію.
-1254571399	powercfg
-1254563308	Reinigung den Windows-Installationscache
-1254292208	Settings
-1254146811	Serv3
-1253416524	ExportFileNotice2
-1253404722	Musik Groove
-1253172863	DispBrokerDesktopSvc
-1253013614	Please enter your e-mail you received activation before.
-1252810155	Name
-1251677969	Cleaned2
-1251000365	Schalttafel
-1250986357	AboutVersionLabel
-1250647534	{0}
-1250279827	lltdsvc
-1248485181	StartupBlueNotWorking
-1248435309	Tray
-1247966399	tip1
-1247310429	DisableWebSearch
-1246992233	Сценарий Windows.cmd
-1246408687	Serv1
-1245991727	OptDragText
-1245649806	Прискорює появу прев'ю (попередній перегляд) на панелі завдань.
-1245552994	EnableActivityFeed
-1243393240	SettingsItemlabel11
-1242760681	UserDataSvc
-1242605952	Я не використовую сканер, ні віртуальний, ні мережевий, ні локальний
-1241372653	Автор програми: ХрисТ
-1241204453	Этот твик отключает ненужные для большинства протоколы Teredo, ISATAP и IPv6.\r\n\r\nНе рекомендуется использовать этот твик на рабочем компьютере (в организациях).
-1240886533	cmd
-1240853523	system7
-1240079546	shpamsvc
-1238768749	Disable Navigation pane
-1238575349	SYSTEM\\CurrentControlSet\\Control\\Remote Assistance
-1236955966	BlockexeSuccessDeleted
-1236879099	GetHelp_text
-1236492972	CopyImageToClipboard
-1236281181	interface12
-1235358811	Objekte ziehen\r\nHier
-1235293247	перенаправитель-портов-umrdpservice
-1234144744	If you understand that performance is not measured by counters, but by experience of use, feel free to check this item.
-1234092560	Serv14
-1233598291	MenuLabel3
-1233468835	interface11
-1233345451	CleanerException2
-1233303401	служба-запросов-hyper-v
-1232744961	ScrollHeight
-1232703918	Попереднє налаштування Internet Explorer
-1231789428	wlpasvc
-1230958854	Here you can see objects, that run with Windows every time you turn on the computer.\r\n\r\nWhen you hover mouse over the object you'll see the full path.\r\n\r\nTo enable or disable any startup object just click on its name.
-1229827375	ServRestoreButton2
-1229606385	CommandWindow
-1228886096	schtasks /change /tn "\\Microsoft\\Windows\\MemoryDiagnostic\\ProcessMemoryDiagnosticEvents" /enable &schtasks /change /tn "\\Microsoft\\Windows\\MemoryDiagnostic\\RunFullMemoryDiagnostic" /enable
-1228235661	Мусорные драйверы удалены
-1228225558	Служби
-1228128466	Sind Sie sicher, dass Sie die Windows-Dienste zum vorherigen Zustand wiederherstellen möchten, der vor dem Anwenden der Konfiguration im Programm war?
-1227908680	Check42
-1227851507	\\Username\\
-1227818935	Alle Tweaks wurden erfolgreich angewendet
-1227767921	RadeonSoftwareEdition
-1227715313	Это остановит Защитник Windows, SmartScreen, отключит их от автозагрузки и выпилит из контекстного меню.\r\n\r\nSmartScreen – это фильтр, который решает за вас – опасный вы сайт посещаете или нет.\r\n\r\nЕсли вы пользуетесь Edge или Магазином приложений, не рекомендуется отключать Защитник и SmartScreen.
-1226595968	Введите свой прошлый код активации,\r\nкоторый вы получали на указанный e-mail.
-1226561406	LegacyDisable
-1225417530	Anzahl gelöschter Dateien
-1224124190	SOFTWARE\\Classes\\CLSID\\{09A47860-11B0-4DA5-AFA5-26D86198A780}\\InprocServer32
-1223804276	If you use remote access, but don't allow anyone to access yourself using Microsoft tools, you should disable services by checking this item.\r\n\r\nAnyDesk, TeamViewer and others will work without any extra services from Microsoft. However, the VPN will not work after that.
-1223428768	htmlfile\\
-1223078827	\\cache2\\entries
-1222842927	menu
-1222796188	Ausloggen
-1222330436	SysInfo2
-1222311328	ClipSVC
-1221712029	Mit der Nutzung eines Drittanbieter-Browsers können Sie den integrierten Edge mit all seinen Diensten und Überwachungsfunktionen entfernen (Xbox-Autorisierung wird nicht mehr funktionieren).
-1221170592	Item
-1220571293	\\System32\\Tasks\\
-1220262167	*S-1-5-32-544
-1219451244	*.etl
-1218482376	хвилин
-1218408111	SeaSkin
-1217615185	AutoConfigURL
-1217569093	long3
-1217001910	SettingsItemlabel11
-1216767060	Убрать задержку появления контекстного меню
-1216042488	VirusTotalPNGSaved
-1215626423	NormalReboot
-1215072650	Я не використовую Хмари через WebDAV / не знаю що це
-1214680794	ServStepsLabel1
-1214542831	%systemroot%\\ImmersiveControlPanel\\SystemSettings.exe
-1214284126	Check all
-1213747902	\\Explorer\\CommandStore\\shell\\Shutdown
-1213663802	ReadyBoot
-1213279813	минут
-1213227490	imageres.dll,311
-1213190293	Disabling all types of Windows, Office, Visual Studio telemetry
-1211277205	checkboxcleaner5
-1210868867	Початково, виконувані файли, що запускаються на комп'ютері, викликають таке попередження:\r\n\r\n"Файли, завантажені з інтернетів, можуть зашкодити Вашому комп'ютеру..."\r\n\r\nДаний твік відключає це попередження.
-1210712734	Если вы не знаете, что такое Киоск Windows и не используете свой компьютер как рекламный щит, отмечайте этот пункт.
-1210702119	System8
-1210270949	Sehr Stark
-1210196800	Активирована пожизненная Pro-версия\r\nКод активации:
-1209381311	log
-1208940875	Check73
-1208803328	Camera
-1208664546	RemoveAllTweaksQ
-1208090931	SteamPath
-1207171598	SysInfo10
-1207044046	WindowsStore_
-1205377932	WMessageOK
-1205075484	App=(.*?)\\|
-1205000085	\\LiveKernelReports
-1203462959	\\Explorer\\StartupApproved\\Run
-1202929411	Serv5
-1202183166	Ryzen
-1201988330	Fügt zum Papierkorb-Kontextmenü «Win 10 Cleaner» hinzu
-1201871626	Recent Command {0}
-1201758352	Desktop
-1201707436	Оберіть ступінь стиснення:
-1201639031	время-в-сети-мобильной-связи
-1201073656	All tweaks made by Win 10 Tweaker were successfully removed
-1200096976	Disabled services:
-1199940471	Hotkey
-1198045710	Firewall_Block
-1197990666	Стиснення сховища (WinSxS) системних файлів та оновлень. Не потрібно, якщо робили стиснення ОС.
-1197781572	Настройки сохранены рядом с Win 10 Tweaker.\r\n\r\nНастройки включают в себя все применённые на этом компьютере твики, а также отключённые службы.
-1194761922	Додати новий
-1193433090	cmd.exe /c rd %systemroot%\\servicing\\LCU /s /q
-1193250819	\r\n
-1193120732	Language
-1193094267	RestoreInterface12
-1191741213	Disable Teredo, ISATAP and IPv6 protocols
-1191264369	contextmenu13
-1191243344	Cursors Backup
-1191174706	serv15
-1190569684	MenuLabel7
-1189853504	\\bcastdvr
-1189183599	Дубликатов нет
-1188651710	Отмечено Неверно
-1188630685	Check80
-1187758462	:\\\\
-1187114121	Вимкнення
-1186974312	\\Run
-1186617325	Add item «Upload on ImgBB» to images context menu
-1186561214	interfacefolder
-1185933926	\\VirtualBox
-1185664426	clean
-1184637839	VirusTotalSave
-1184307732	OptRadioButton4
-1184251095	MenuLabel2
-1184121639	Данный твик установит чёрные авторские курсоры.
-1183125343	NeuralNetworkTryLater
-1182759475	ScoobeSystemSettingEnabled
-1182522215	ApplyButton7
-1181276847	IE10RunOnceLastShown_TIMESTAMP
-1180398446	AnimationsShiftKey
-1179977787	Benutzer \\
-1179504797	\\GodMode\\command
-1179441722	serv28
-1178967363	SOFTWARE\\Classes\\SystemFileAssociations\\Directory.Image\\shell\\Play
-1178800373	\\MusNotification.exe
-1178737298	ProgId
-1178031330	WMessageYes
-1177596562	\\rescache
-1177335908	ServBonus2
-1176955213	Bildschirm - Einstellungen
-1176782891	:F /t
-1176539293	/supertoken /command:"
-1174196235	Computer funktioniert:
-1173956302	Импорт драйверов
-1173659358	\\command
-1173448992	Ausschalten
-1173033618	LongPathsEnabled
-1172786531	Verringern die Schaltflächen «Schließen, Maximieren, Minimieren»
-1172434319	Photos_del
-1172114097	Check80
-1168302807	Всі твіки успішно застосовані
-1168075470	Confidentiality1
-1168001259	PersonalHiberfilError
-1167627102	MenuLabel10
-1166460653	NVIDIA
-1166361566	Add item «Allow / Deny Internet activity» to .lnk and .exe file
-1166266469	xml
-1165684666	\\Microsoft\\Network\\Downloader
-1164917866	confidentiality9
-1164885502	Interface6
-1164383050	SaveCleanerCheks
-1163618593	System10
-1163182281	MessageFont
-1162830069	\\Display
-1162352350	AnimationsShiftKey
-1162196544	диспетчер-подключений-wi-fi-direct
-1161936370	Windows installation date and time:
-1161493905	CleanerException2
-1160305828	ProgId
-1159518037	Windows kann schneller booten, indem einige automatische Dienste verschoben werden. Alles was Sie tun müssen, diese Konfiguration anzuwenden.
-1159515409	служба-windows-mobile-hotspot
-1159015448	\\Session Storage
-1157823532	Оптимізація
-1157334267	Starten die neue Erlernung des neuronalen Netzes?\r\nWenn Sie Nein wählen, wird die vorherige Erlernung verwendet.
-1157172351	Es wird empfohlen, dass Sie sich das erklärende Video ansehen, bevor Sie die Kategorie Dienste besuchen.\r\n\r\nWerden wir schauen?
-1156978823	Model
-1156883056	Confidentiality4
-1156111646	Объект, отмеченный серым цветом
-1156030736	EmailForActivation
-1155680322	Додати пункт «Видалити вміст папки»
-1155612416	Serv22
-1155606357	Начать сжатие
-1153085978	Відновлення
-1151762579	If you've installed all the languages that you will use on this PC and are not going to add new ones or delete old ones, feel free to check this item.
-1150676235	{A0953C92-50DC-43bf-BE83-3742FED03C9C}
-1150302998	Auto Update
-1149168138	Local Group Policy Editor
-1148969578	{0} {1}
-1148921032	Копіювати все
-1148840122	Sketch_
-1148662120	{0} {1},
-1148042551	\\Crashpad\\reports
-1147256880	Открывать Компьютер по Win + E
-1146945242	VirusTotalSelectFiles
-1146847738	GeneratedBy
-1146444478	Minimize
-1146344189	checkboxcleaner13
-1146292005	Segoe UI
-1146139010	serv19
-1145519909	TipApps
-1143718339	https://win10tweaker.ru/PayPal
-1143370628	0D3455
-1143022917	\\Origin\\Web Cache
-1142661514	Serv26
-1142226827	SeProfileSingleProcessPrivilege
-1141979784	RestrictImplicitInkCollection
-1141814625	Disable Performance Counters
-1141357453	\\ContentDeliveryManager
-1140515441	HKLM\\SOFTWARE\\Policies\\Microsoft\\Windows\\Windows Error Reporting!DontSendAdditionalData
-1140203813	LaunchTo
-1139445848	Сохранить информацию о Windows\nна Рабочем столе?
-1139295600	checkBoxCleaner12
-1138947889	LastCleanup2
-1138170189	Directory\\shell\\EmptyThisFolder
-1138044129	Wenn Sie nur einen Monitor verwenden und haben Sie nicht zusätzlichen anschließen vor, können Sie sicher dieses Kontrollkästchen aktivieren.
-1137921000	EnterOldPCID2
-1137884058	Процессор:
-1137807252	OptOldDriversDeleted2
-1137667443	Win32_Service
-1137124724	Скинути підказки та попередження
-1135536505	\\
-1135042363	First Run Compression Warning
-1134903899	MenuLabel6
-1134832081	msedgewebview2
-1134769006	обнаружение-ssdp
-1134395769	*.log_backup1
-1133244704	WiFiDriverIHVSession
-1132704059	SystemValueRestored
-1132417420	Reinigung der Windows-Systemprotokolle
-1132209430	OptChooseFolderDialog
-1131389502	Play To menu
-1131324774	Завантажити на ImgBB та скопіювати в буфер
-1129224875	Ziehen Sie die Datei in den Scanbereich
-1128713114	\\IconCache.db
-1128591221	Карты
-1128032647	SOFTWARE\\Classes\\SystemFileAssociations\\video\\shell\\Enqueue
-1127689012	MainPanel4
-1127220166	Этот твик отключит синхронизацию всего, что синхронизирует Windows:\r\n\r\n • Темы\r\n • Пароли\r\n • Настройки Windows\r\n • Настройки браузера\r\n • Настройки языковой панели\r\n • Настройки упрощённого доступа\r\n • Дополнительные настройки
-1127029431	MenuLabel5
-1126930707	TipCleaner
-1126728586	WrongEmail
-1126113861	checkBoxCleaner14
-1125442359	%systemroot%\\system32\\themecpl.dll,-1
-1124917669	\\Microsoft\\Internet Explorer\\Recovery\\High\\Active
-1124582513	lfsvc
-1123713858	Start compression
-1123567028	100
-1122968777	Повне видалення OneDrive з усіма його слідами в системі
-1122421462	checkboxcleaner5
-1121889723	7
-1120885893	Control Panel\\International
-1120595490	Правило успішно створено
-1119168297	*.txt
-1119020339	email
-1118988553	\\FontSubstitutes
-1118923247	Users\\
-1118866610	root\\cimv2\\power
-1118680517	\\SecurityHealthService.exe
-1118171656	Would you like to remove it?
-1117326779	HKLM\\Software\\Policies\\Microsoft\\Windows\\DataCollection!DoNotShowFeedbackNotifications
-1116919273	UploaderSeaSkin
-1116867595	checkboxcleaner10
-1116642968	Dieser Tweak wird in Ihre hosts-Datei und Firewall-Domäne fertigschreiben, auf die Windows zugreift, bei der Übermittlung den Daten über Sie und Ihre Nutzung des Computers.\r\n\r\nhosts—ist eine Systemdatei, die ermöglicht jede Netzwerkadresse auf andere beliebige Netzwerkadresse umleiten. Der Tweak leitet Spyware-Netzwerkadressen an nirgendwohin.
-1116080307	RestoreContextMenu2
-1115213507	SOFTWARE\\Policies\\Microsoft\\Speech
-1114768820	Über das Programm
-1114314197	Показник виявлення:
-1114120599	\\Microsoft\\Windows\\WER\\ReportArchive
-1114065400	Файл экспорта успешно сохранён\r\nрядом с Win 10 Tweaker
-1113174970	PersonalTTL
-1113158097	SOFTWARE\\Microsoft\\PolicyManager\\current\\device\\System
-1112582314	Можете Застосувати цю конфігурацію, щоб повністю відключити Центр повідомлень і більше ніколи не бачити жодного повідомлення від цього Центру.
-1112326845	Відображати розширення
-1111385066	powercfg /change disk-timeout-ac 0
-1111312937	ServAppsNotVisited2
-1109505278	\\Temp
-1109002438	OfficeHub_text
-1108477148	Segoe UI Semibold (TrueType)
-1108351708	sShortDate
-1108263966	OptCanBeReplaced
-1107517492	Добавить пункт «Загрузить на ImgBB» на изображениях
-1106503512	.vbs
-1106334706	Both
-1106022796	JSEFile\\
-1104927410	Виправити прев'ю відеофайлів
-1104720021	Einstellen die blauen Ordner
-1104011184	are currently inactive
-1103576116	Робочий стіл
-1103556470	Перетягніть об'єкти\r\nСюди
-1101713401	Getstarted_
-1101493232	\\Microsoft\\EdgeUpdate
-1101363145	Machen Scrolling-Bar (Bildlaufleiste) dünner
-1101193488	SYSTEM\\CurrentControlSet\\Control\\Power\\User\\PowerSchemes\\e9a42b02-d5df-448d-aa00-03f14749eb61
-1099775636	\\Microsoft\\Terminal Server Client\\Cache2
-1099180128	ContextMenu10
-1099176639	Додає в контекстне меню файлів і папок пункт, що дозволяє зробити вас власником об'єкта та отримати до нього повний доступ. Необхідно, коли Система не дозволяє проводити будь-які зміни.\r\n\r\nЯкщо потрібно, щоб пункт відображався не завжди, поставте галочку на (Shift + ПКМ) — це дозволить викликати пункт тільки по Shift + права кнопка миші.
-1099124455	_____________________________________________________________________________
-1098682010	Leere Festplatten anzeigen
-1098083759	Failed to back up the state due to an obviously outdated version of the .NET Framework on your PC. Please update .NET Framework to get back.
-1097878177	Start
-1097583174	\\config\\systemprofile\\AppData\\Local\\Microsoft\\CLR_v4.0_32\\UsageLogs
-1096628840	OptOn
-1096599872	 /hidden
-1094948371	Only with Win 10 Tweaker you can securely disable Windows Updates. Update Services tend to start randomly, however, this doesn't matter, since after applying the configuration in Win 10 Tweaker Updates will definitely shall not pass.
-1094906321	Автор программы: ХрисТ
-1094256814	IP-Adresse:
-1094130166	:
-1093449827	\\SystemResources\\imageres.dll.mun_bak
-1092418780	_11_pwn_over
-1092409131	Some objects, that you click, might be permanently removed from Startup\r\n(with confirmation window)
-1092309332	Здесь вы видите объекты, которые запускаются вместе с Windows при каждом включении компьютера.\r\n\r\nПри наведении мыши на путь объекта вы увидите полный путь.\r\n\r\nЧтобы включить или отключить любой объект, достаточно просто кликнуть по его имени.
-1092270005	\\Macromedia\\Flash Player\\AssetCache
-1091862318	Добавить пункты в контекстное меню Создать
-1091018952	ContextMenu1
-1090758664	ExportExtsAsk
-1090149578	HKLM\\Software\\Policies\\Microsoft\\WindowsMediaPlayer!GroupPrivacyAcceptance
-1089415638	Cleaner
-1089307566	SysInfoConnectionError
-1088477192	serv16
-1087358402	Службы
-1087334129	System7
-1087115672	Імпорт твіків
-1086651430	Застосовано
-1085663496	StartupAutorunWarning
-1085556703	MenuLabel4
-1085419156	checkboxcleaner16
-1085346337	Завершить фонові процеси, щоб розвантажити оперативну пам'ять та підвищити швидкодію комп'ютера. Ваших програм це не торкнеться. Завершуються тільки фонові системні та тимчасові процеси.\r\n\r\nPro-версія додатково очищає саму оперативну пам'ять, вивантажуючи кеш та бібліотеки, що зависли.
-1085076009	Если вы установили все языки, которыми будете пользоваться на этом компьютере и не собираетесь добавлять новые или удалять старые, смело отмечайте этот пункт.
-1084565164	Considering that you have a desktop, not a laptop, you can safely turn off biometrics.
-1084118684	\\OneDrive
-1083249310	Agreement
-1082420979	StartupBlueNotWorking
-1082379936	RestrictImplicitInkCollection
-1081856213	SELECT * FROM  Win32_PowerPlan
-1081661053	microsoft.
-1081212685	buttonYes
-1081103237	служба-пользователя-платформы-cdpsvc-cdpusersvc
-1080405526	tray
-1080297244	ServRestoreButton1
-1080281062	ModRiskFileTypes
-1079905112	SOFTWARE\\Classes\\SystemFileAssociations\\audio\\shell\\Play
-1079765303	Der lokale Gruppenrichtlinien-Editor wurde\r\nim Hintergrund aktiviert.
-1079745566	Reduce size of the buttons Close, Minimize, Maximize
-1079263630	\\Shell\\3D Print
-1078688930	\\AppData\\Roaming\\NVIDIA\\ComputeCache
-1078503636	\\AppData\\Local
-1078074109	\\shell\\CopyImageToClipboard
-1078068606	Getstarted_del
-1077611269	SOFTWARE\\Microsoft\\Windows\\CurrentVersion\\WINEVT\\Channels\\
-1077548194	\\ServiceProfiles\\NetworkService\\AppData\\Local\\Microsoft\\Windows\\DeliveryOptimization\\Logs
-1077341545	-330
-1076177795	Добавляет пункт, позволяющий создавать символические ссылки на файлы и папки. Работает только при отключённом Контроле учётных записей.
-1075134662	confidentiality6
-1073899924	ZuneMusic_del
-1073891411	Das Objekt, das grau markiert ist
-1073823457	Создаёт ярлыки на Рабочем столе:\r\n• Перезагрузка\r\n• Обновить оболочку\r\n\r\nОбновление оболочки – это авторский скрипт, который правильно обновляет оболочку Проводника, не перезапуская его. При этом и кэш ярлыков обновляется, в отличие от стандартного Обновить, и кэш значков по типу расширений обновляется с первого раза.
-1073731724	This tweak increases speed of appearance of Context menu list.
-1073035718	cmd.exe /c takeown /f "%1" && icacls "%1" /grant 
-1072599744	DevicePasswordLessBuildVersion
-1072518945	PersonalMTIA
-1071688389	SELECT * FROM  Win32_VideoController
-1070767122	Serv2
-1069918997	System13
-1069762144	OptReplaced
-1069489817	linkmenu1
-1068070094	оптимизация-доставки
-1067914374	HKLM\\Software\\Policies\\Microsoft\\Windows\\LocationAndSensors!DisableLocation
-1067798625	interface15
-1067549832	TrustedInstaller.exe
-1067039805	При достижении 30%
-1065801664	Software\\Microsoft\\Input\\TIPC
-1065233239	HKLM\\Software\\Policies\\Microsoft\\Windows\\DataCollection!DoNotShowFeedbackNotifications
-1065183990	RemovePermanently1
-1065105223	/n, /select, 
-1064162863	Якщо ви не використовуєте та не плануєте використовувати Bluetooth, вам не потрібні Bluetooth-служби.
-1063901412	SensorService
-1063879929	Neural Network
-1063673093	long4
-1063359091	\\config\\systemprofile\\AppData\\Local\\Microsoft\\Windows\\WebCache
-1062760676	schtasks /create /tn "
-1062422058	OptDoesntNeed
-1061972152	Інформація про ноутбук
-1061661990	Отключение экспериментальных вмешательств со стороны Microsoft
-1061562846	MusNotifyIcon
-1061393878	RestoreConfidentiality4
-1060313414	PersonalDelayedAuto
-1060126992	PopupReboot
-1058745771	Выберите степень сжатия:
-1058197732	Це файл налаштувань Win 10 Tweaker від
-1058155682	Clearing Windows updates cache
-1057414348	HKEY_LOCAL_MACHINE
-1057336344	ActivateLink
-1057166433	Beschleunigt die Anzeige der Vorschau in der Taskleiste.
-1056695205	Добавить возможность замедленной анимации окон при зажатом Shift
-1055295936	Якщо вам дано зрозуміти, що не лічильниками вимірюється продуктивність, а досвідом використання, сміливо обирайте цей пункт.
-1055003328	_bak
-1053668218	RestoreInterface1
-1052838853	*.bak
-1052686735	checkboxcleaner16
-1050655083	HKLM\\Software\\Policies\\Microsoft\\Windows\\DataCollection!AllowDeviceNameInTelemetry
-1049699430	Примените конфигурацию, при которой ваш провайдер не сможет отслеживать расход вашего мобильного трафика на ПК. Таким образом, вы перестанете оплачивать выход из лимита.
-1048522033	WOW6432Node\\
-1048491136	Ich benutze keine Smartcards / Ich weiß nicht, was es ist
-1048395369	Viewer_text
-1047272281	syswow64
-1047177973	\\Spotify\\Data
-1046829836	Full UAC off. This tweak removes UAC, its shield icon on executable files, turns off security notifications, etc.
-1046776971	диспетчер-проверки-подлинности-xbox-live
-1045007636	\\Microsoft\\Diagnosis\\ETLLogs
-1044926726	Local Group Policy Editor has been\r\nrestored in the background.
-1043431239	NaturalAuthentication
-1043395457	Removing all system reports such as: failure reports, installation reports, driver state reports, etc.
-1043189755	This tweak disables:\r\n • SmartScreen request\r\n • Pre-settings request\r\n • Pop news\r\n • Welcome greetings\r\n\r\nSets home page to Google and changes Search engine from Bing to Google.
-1042664814	System17
-1042352456	Ram50
-1041864804	Widget
-1041493239	\\AppData\\Roaming
-1041477057	EnterOldPCID2
-1041474788	RestoreConfidentiality16
-1040571464	StartupShortcut4
-1039541234	CreateSymbolicLink
-1039036495	CurrentRefreshRate
-1038387694	x2
-1038011206	LeftMenu6
-1037706534	checkboxcleaner3
-1037354728	Перед відвідуванням категорії Служби наполегливо рекомендується подивитися пояснювальне відео.\r\n\r\nБудемо дивитись?
-1036343733	Перевірка на віруси
-1036258053	PersonalNumLock
-1036209507	SettingsItemlabel12
-1035584202	:F
-1035551212	visa
-1035056882	ApplyButton7
-1034504900	OptDone
-1034423064	Shift2
-1034407808	\\Explorer\\CommandStore\\shell
-1034286443	Wenn Sie schon verstanden haben, dass die Leistung nicht an Zählern, sondern an Erfahrung gemessen wird, können Sie dieser Tweak gerne aktivieren.
-1034255913	Якщо у вас немає факсу (а у вас його немає), вам не потрібні служби.
-1033464541	Видалення мертвонароджених папок NVIDIA / AMD / Intel...
-1033269740	VBSFile\\
-1032727474	PersonalDay
-1032669358	Твик восстанавливает классический «Просмотр фотографий Windows» в список программ для работы с изображениями.
-1032379103	AssignedAccessManagerSvc
-1031755767	&resource=
-1030743026	Will grant one time superior access for those folders, that can't be modified just like that.\r\n\r\nHave to be done one time, so checkbox is unchecked by default.
-1030488881	Stop and disable Windows Defender and SmartScreen
-1029571497	на
-1029304903	null
-1029109895	Die Regeln existieren nicht
-1029059008	confidentiality14
-1029051257	Display:
-1028604982	PersonalExplorerNetwork
-1028591301	ServAppsNotVisited1
-1027939297	GetHelp_text
-1027435651	ContextMenu2
-1027163438	PleaseWaitVT
-1025870098	Check23
-1025771017	\\WindowsStore\\WindowsUpdate
-1025480082	dword:0000000
-1025328572	RAMCleanMode2
-1025198485	energy-report-latest
-1024496064	.cmd\\ShellNew
-1023937436	Так как у вас не ноутбук, но при этом вы владеете SSD диском, можно выиграть приличное место на системном разделе, удалив файл гибернации (режим сна), нажав Применить.
-1023888890	Check72
-1023185914	serv27
-1022214592	\\assembly\\temp
-1022155675	Warten Sie, die Komprimierung läuft:
-1021283708	confidentiality7
-1021099648	Я не користуюся лічильниками продуктивності Windows
-1021031806	Відключити автозапуск з'ємних носіїв
-1019861507	ProtectionDetection
-1019836215	\\ServiceProfiles\\LocalService\\AppData\\Local
-1018451429	Этот твик добавит возможность замедлять анимацию окон при сворачивании, разворачивании и закрытии, если при этом зажать клавишу Shift.
-1017962067	Я не використовую Кіоск Windows / не знаю, що це
-1017672673	\\Explorer\\RecentDocs
-1016611599	Додає в контекстне меню програм і ярликів пункт, що дає право Дозволяти / Забороняти програмам доступ в інтернет.
-1015911613	Neue Version ist verfügbar.\r\nUpdate installieren?
-1015785463	\\Explorer\\CommandStore\\shell\\SafeModeCMD
-1015541106	Photos_text
-1015038989	contextmenu14
-1014920850	Все расширения успешно импортированы в систему
-1013989796	Considering that you are using the Classic Tahoma fonts tweak, you can apply this recommendation to add the day of a week in the system tray (date/time area).
-1013329517	ConflictFix
-1013172329	OptTip6
-1011961658	Зараз ваша система не потребує стиснення.
-1011922897	Добавить пункт «Командная строка» на Рабочем столе
-1011669146	SysInfo7
-1011535909	SettingsItemlabel10
-1011527818	vmicrdv
-1011365998	ВиджетChoice3
-1010498619	NPSMSvc
-1009774665	Windows
-1009736391	schtasks /change /tn "\\Microsoft\\Windows\\Speech\\SpeechModelDownloadTask" /disable
-1009711331	Документи
-1009332673	Context Menu
-1009235601	OptReplaced
-1008983097	ContextMenu9
-1008021512	CLSID\\{7AD84985-87B4-4a16-BE58-8B72A5B390F7}
-1006659575	You have already activated 2 PCs for 1 payment.\r\nFor commercial distribution safety you aren't able to transfer activation for the third time.\r\n\r\nLicense update required.
-1006563879	Starten
-1006170366	DescriptionBlockexe
-1004567328	Diese Anwendung kann nicht rückgängig gemacht werden.\r\nFortsetzen?
-1004499024	PageSpaceControlSizer
-1004377659	GPU:
-1003671793	AppInstalled1
-1003612032	VirusScanner
-1002628660	System6
-1000347386	WrongEmail
-1000272496	Я не использую VPN (специальные VPN-клиенты)
-1000004384	\\Blank.ico
-998829580	Interface10
-998816733	Backup ist erfolgreich erstellt.
-997423596	RestoreConfidentiality14
-997308410	interface3
-997181475	Очищення ОЗП + кеш ОЗП
-997111238	checker5
-996522565	VirusTotalWait
-995688527	.ico
-995652349	"
-995326729	interface4
-994606734	ExportExtsAsk
-994092026	Вы действительно хотите безвозвратно удалить
-993802104	Your system can be compressed.
-992842594	TipApps
-991436610	PersistBrowsers
-990681807	Löschen
-990624372	Bilder
-989934625	Microsoft ночами не спить, думає: чи є що продіагностувати, а якщо знайду?
-989406656	Microsoft\\Windows\\CurrentVersion\\Installer\\Folders
-989025626	, 
-988672101	PersonalF8
-988635610	xbox
-988591191	GBSize
-988313030	Programme und Komponenten
-986939360	D:\\
-986870402	CLSID\\{470C0EBD-5D73-4d58-9CED-E91E22E23282}
-985900265	\\DeliveryOptimization\\Config
-984302192	\\Explorer
-983712457	Applications\\photoviewer.dll\\shell\\open
-983237399	Serv3
-983061719	OffDefender
-982809244	devmgr.dll,5
-982711629	Адміністрування
-982126605	>
-981546215	ModelDownloadAllowed
-980569822	Check35
-980269625	Sie können auch Dateien auf Viren prüfen, warf sie einfach auf Win 10 Tweaker oder Verknüpfung, d.h. auch ohne das Programm zu starten.\r\n\r\nUm eine irrationale Verwendung zu vermeiden, müssen Sie Ihren API-Schlüssel von Ihrem Profil auf virustotal.com speichern
-979687879	serv10
-979590787	Neustart
-979160974	: 
-979034824	Если вы пользуетесь или будете пользоваться рукописным вводом, Microsoft хотела бы совершенствовать рукописный ввод, учась на вас. Данный твик заставит прекратить учиться на вас.
-978088455	Добавить полезные пункты в меню Компьютера
-977875129	XboxGipSvc
-977692858	PersonalJPEG
-976935058	Check5
-976270574	program files (x86)
-976134089	Я не дозволяю дистанційно керувати своїм комп'ютером
-976065684	Software\\Microsoft\\Notepad
-975117186	Стать владельцем и получить полный доступ
-974409022	Музика Groove
-974077618	diagnosticshub.standardcollector.service
-973489029	Pro?
-972793607	Software\\Classes\\SystemFileAssociations\\.jpg\\shell\\CopyImageToClipboard
-972235587	My Office
-971049672	Serv14
-969649453	VirusTotalPNG
-969309637	API-Schlüssel ist gespeichert
-968352913	serv32
-968042751	OptTip4
-967775305	Confidentiality10
-967496718	Interface8
-967454030	ConsentUxUserSvc_
-967191152	Системный запуск\r\nПозволяет запускать процессы и выполнять команды от имени СИСТЕМА и TrustedInstaller. Наберите, например, regedit или services.msc, чтобы запустить их с максимально возможными привилегиями.
-967033024	AppInstalled2
-966177331	Confidentiality3
-964955356	Тут ви можете застосувати конфігурацію, при якій п'ятикратне натискання Shift не заважатиме своїм повідомленням і залипанням цього самого Shift.
-964838559	OptRadioButton3
-964495173	Vorgang ist abgeschlossen
-964247306	API-ключ сохранён
-963747682	Віджет-очищення ОЗП
-962401958	Software\\Microsoft\\Windows\\CurrentVersion\\Notifications\\Settings\\QuietHours
-961980952	toggleOn
-961475961	</style></head><body><table style="text-align: left; width: 800px; margin-left: auto; margin-right: auto;" border="0" cellpadding="2" cellspacing="2"><br><tbody><tr><td style="vertical-align: top;"><div class="header">
-960472886	Проверка на вирусы
-959705387	Идёт восстановление:
-959277063	Firewall_Allow
-958641952	" && "
-958612555	VirusTotalPNGSaved
-958579761	Communications_text
-958552951	You got
-957884339	Interface11
-957529040	Es wurde ein Schutz erkannt, der das Programm an der Arbeit hindert.\r\nJa, Defender oder Antivirus.\r\nJa, das ist richtig.\r\n\r\nDas Programm wird geschlossen.
-956824071	This tweak installs author's black cursors.
-955515680	\\WinSxS\\ManifestCache
-955488975	хост-поставщика-функции-обнаружения
-953680856	exefile\\shell\\Firewall_Block
-953211393	Development Notes for Win 10 Tweaker
-953026489	sc stop {0} & sc delete "{1}"
-952135522	ContextMenu4
-952125955	Imageres.dll,184
-951610592	RAM Cleaner
-951082822	IPShow
-950751421	MultipleProgramCopies
-950621334	\\Packages
-950094888	YouTubePic3
-949594474	workfolderssvc
-949319718	Solitaire
-949022428	Повне відключення Контролю облікових записів. Цей твік звільнить вас від значків щита, повідомлень про безпеку та інших дурниць.
-948617099	Display Settings
-948551341	\\AppData\\Roaming\\Opera Software\\Opera Stable\\Crash Reports
-948319052	PNotice
-948194097	+ 
-948090670	\\Policies\\System
-947742757	shell\\print
-947497754	Clearing Windows Defender's cache, history, reports and temporary files.
-947242637	Personal11RyzenPerfomance
-946976660	Generiert mit Hilfe
-946794269	@%SystemRoot%\\system32\\mspaint.exe,-59500
-946638583	People_text
-946305153	CheckForUpdates
-946196138	\\desktop.ini
-946019860	MenuFont
-944946706	Skin
-944896844	FontCache
-943933594	SettingsItemlabel09
-943072558	Додати пункт «Показати/Приховати системні папки»
-942628936	SOFTWARE\\Classes\\Directory\\shell\\cmd
-942265571	true
-942242135	\r\n
-941953213	PersonalApplied
-941432586	По умолчанию, в Windows включена задержка загрузки Windows и задержка программ из автозапуска. Твик убирает медвежью услугу.
-940651492	Разблокировать
-940502100	CleanerMainPanel2
-939514038	Default monitor
-939472995	wuauserv
-939260177	system32
-937925003	PreventHandwritingErrorReports
-937772300	AboutButton
-936252120	*\\shell\\CreateSymbolicLink
-935194530	StartupBottomTip
-934794698	powershell.exe /command schtasks /change /tn '\\Microsoft\\Windows\\UpdateOrchestrator\\Schedule Scan Static Task' /disable; schtasks /change /tn '\\Microsoft\\Windows\\UpdateOrchestrator\\Schedule Scan' /disable
-934405588	Control Panel\\Accessibility\\StickyKeys
-934008809	Check35
-933947479	seconds
-933909808	command
-932738279	MicrosoftEdgeUpdate.exe
-932700960	Unexpected error
-932361627	\\D3DSCache
-932059611	Interface16
-931708510	Ні
-930650763	SOFTWARE\\Policies\\Microsoft\\Windows\\LocationAndSensors
-930502503	ContextMenu15
-930461538	Відновити попередні версії
-929612004	You cleared up
-928280581	windows-search
-927353864	DisableAutoplay
-926971924	CopyToClipboard
-926818195	Данный твик остановит и деинсталлирует OneDrive, удалив все его следы в системе.\r\n\r\nПОМНИТЕ, в процессе Microsoft удаляет все данные, которые вы синхронизировали с OneDrive.
-924830403	bcdedit /set {default} bootmenupolicy standard
-924510771	logo
-923571348	Enabled
-923201147	Dokument RTF-Format
-923146423	serv20
-922846445	DriverVersion
-922711736	OptWaitRestore
-922528215	imageres.dll,22
-921469735	Löschen den Verlauf aller angeschlossenen USB-Laufwerke
-921393994	Software\\Microsoft\\Internet Explorer\\Main
-920983438	Я не потребую фонової перевірки безпеки від Microsoft
-920579344	You can easily check files for virus infection by Drag 'n' Drop it on Win 10 Tweaker.\r\n\r\nTo avoid irrational usage of this function, you'll need to get your own API Key on virustotal.com
-920094238	\\Главное меню\\Программы\\Автозагрузка
-919879417	Зачекайте...
-919072430	UploadUserActivities
-917957541	Communications_text
-917906792	Shell aktualisieren
-917088167	EFS
-914570397	KBSize
-914244147	ServBonus1
-913237522	serv10
-912798805	Пояснювальні відео про програму
-912616534	Dieser Tweak entfernt Ihre Werbung-ID und die Möglichkeit Ihnen Werbungen anzuzeigen.
-911809547	#.#
-911679460	Die Wiederherstellung geht:
-911088364	segoeui.ttf
-910821939	PersonalShift5
-910690991	Adding to in-folder and desktop context menu item, that grants ability to create:\r\n\r\n• Windows Command Script.cmd\r\n• Registration Entries.reg\r\n• VBScript Script File.vbs
-910144135	You have to Sign Out
-908967486	average
-908660248	WwanSvc
-908069188	PersonalNumLock
-907525421	CopyImageToClipboard
-907131427	Хотите его удалить?
-907089122	WinPhoneCritical
-907068544	\\Explorer\\Search
-907026494	OptOldDriversDeleted1
-906860894	Ich benutze keine Clouds per WebDAV / Ich weiß nicht, was es ist
-905772268	0
-904702972	Clearing System journals cache.
-904417323	\\Fonts\\Roboto Mono Light.ttf" /q /f
-904043388	ren %systemroot%\\System32\\SkyDrive.exe_fucked SkyDrive.exe
-903857295	CorruptionDetector
-903541211	Проверка на вирусы с помощью API-ключа
-903438122	/supertoken 
-903404110	DescriptionFreezeexe
-901736188	\\drivers\\etc\\hosts
-900480445	Applications
-899731992	WMessageNo
-899443853	SOFTWARE\\Classes\\WMP11.AssocFile.3GP\\shell\\Enqueue
-899367411	Software\\Classes\\CLSID\\{20D04FE0-3AEA-1069-A2D8-08002B30309D}\\shell\\DiskManagement
-899244472	Entfernt aus dem Kontextmenü von Dateien, Ordner, Geräte, Papierkorb und Computer:\r\n\r\n• Alte Version wiederherstellen\r\n• Bearbeiten in Paint 3D / Print 3D\r\n• Auf dem Startbildschirm fixieren\r\n• Auf der Zugriffsleiste fixieren\r\n• Suche nach Musik im Internet\r\n• Senden (Weiterleiten)\r\n• Auf das Gerät übermitteln\r\n• Zur Bibliothek hinzufügen
-898883867	Щоб перевірити одразу кілька файлів, запакуйте їх в один архів.
-898841562	MenuLabel4
-898743474	BrowserSettings
-898689130	OptSearching
-898688859	checkBoxCleaner15
-898341148	AppInstalled3
-897921631	10
-897756124	MouseHoverTime
-896941775	WindowsSettings
-896885138	MB
-896712991	SOFTWARE\\Microsoft\\Windows\\CurrentVersion\\Explorer
-896352386	YouTubeHeader
-896061560	SafeModeNetwork
-895572713	Check33
-895124486	Blocker Menu
-894268652	NeuralNetworkReady
-894147211	Personal20minutes
-893876104	exefile\\shell\\Firewall_Allow
-893822870	Я не пользуюсь обновлениями Windows, все компоненты ставлю сам
-892639352	Möchten Sie den Fehler in die Zwischenablage kopieren und an den Entwickler melden?
-892261080	Serv22
-891789838	FilterAdministratorToken
-891687892	DeviceAssociationBrokerSvc_
-891471477	\\db
-891450452	The rule was deleted successfully
-889929163	BcastDVRUserService
-889211030	SysInfoAverage
-889120813	ContextMenu5
-888590687	mspaint
-887830433	ApplyButton8
-887002102	Control Panel
-886577346	ImportYesNo
-886398584	XblAuthManager
-886299813	Abgesicherter Modus mit Befehlszeilen Unterstützung
-886228673	im Durchschnitt
-886105366	Ram90
-885284836	pnputil -f -d 
-883551968	You can Apply hidden configuration to apply and enable «Ultimate Performance» (eponymous power plan) to avoid Windows CPU restrictions.
-882651848	PrintWorkflowUserSvc_
-882291343	confidentiality13
-882053930	OptOldDriversDeleted4
-882031169	\\ServiceProfiles\\LocalService\\AppData\\LocalLow\\Microsoft\\CryptnetUrlCache\\MetaData
-881718811	\\Acronis\\FileProtectorLogs
-881405895	Open .nfo and unknown files with Notepad
-881224182	Serv28
-881098670	EnterOldPCID1
-878508094	Pin to Quick access
-877560000	ByteSize
-877154792	Diese Schaltfläche stellt die ursprüngliche Größe von Windows wieder her.
-877086387	checkboxcleaner8
-876838265	Запретить доступ в интернет
-876295546	MenuItem1
-875947835	OpenWithList
-875705360	.lnk
-875653118	Kompressionsverhältnis auswählen
-875237196	SOFTWARE\\Classes\\Briefcase\\ShellNew
-875169986	CscService
-875022400	qr
-874654495	на
-874514686	Name
-874209280	\\Packages\\Microsoft.YourPhone_8wekyb3d8bbwe\\LocalCache\\Indexed
-874053694	\\TrayNotify
-873180777	\\shell\\open\\command
-873024225	CloseRecommendations
-872292450	\\WDI\\ShutdownPerformanceDiagnostics_SystemData.bin
-872211540	KB
-872203449	DescriptionBlockexe
-872113616	Відключити історію швидкого доступу
-871960719	Security.Authentication.AuthenticationException
-871915978	Löschen von Totgeburten NVIDIA / AMD / Intel...
-871028131	Folder\\shell\\pintohome
-870587843	confidentiality6
-870369386	0200
-869833518	NVIDIA hat entschieden, wenn Microsoft Computernutzungsdaten sammeln kann, warum sollen wir nicht auch dasselbe machen.\r\n\r\nDieser Tweak deaktiviert die NVIDIA-Telemetrie und entlastet dabei den Betrieb des Computers.
-869261269	Standardmäßig Windows gibt keine Möglichkeit im abgesicherten Modus reinzukommen\r\nSie können es locker mit der Taste F8 machen.
-868506095	GetHelp_del
-867705246	Deaktivieren alle Arten Windows- Office- Visual Studio-Telemetrie
-866903535	I don't need a background security scan from Microsoft
-866874672	Удаление мёртворождённых папок NVIDIA / AMD / Intel...
-866809845	RemoteRegistry
-866406935	YouTubeMiniLabel1
-865255565	PimIndexMaintenanceSvc
-865231292	\\Steam\\depotcache
-864997237	Serv3
-863783651	Automatically update antispyware rules every
-863550958	OptNodupes
-863027329	Add Virus Scanner to files context menu
-861981790	Recycle Item
-861896441	PeriodInNanoSeconds
-861649250	RemoveAllPermanently2
-861544229	OptOldDriverRemove2
-861149967	\\Prefetch
-860705091	Check66
-860036561	OptChooseFolderDialog
-859835717	Segoe UI Italic (TrueType)
-859355211	system2
-858312078	ExportExtsAsk
-857964367	Вы нехило освободите ресурсы компьютера, отключив службы, занимающиеся сбором и обработкой ошибок.
-857718683	LeftMenu9
-857044360	Services Backup
-855695987	«Volumenobjekte» aus dem Explorer löschen
-855614487	/c bcdedit /enum
-854725190	Confidentiality14
-853970387	Extended
-853631564	Directory\\shell\\runas\\command
-853601127	ContextMenu6
-853249116	Photos_text
-852959778	Ram400
-852789310	contextmenu17
-852623891	 "%programfiles(x86)%\\*.*" && compact /c /s /a /i /q /exe:
-852174142	schtasks /change /tn "\\Microsoft\\Windows\\WindowsUpdate\\Scheduled Start" /disable & schtasks /change /tn "\\Microsoft\\Windows\\InstallService\\ScanForUpdates" /disable & schtasks /change /tn "\\Microsoft\\Windows\\InstallService\\ScanForUpdatesAsUser" /disable & schtasks /change /tn "\\Microsoft\\Windows\\InstallService\\SmartRetry" /disable & schtasks /change /tn "\\Microsoft\\Windows\\InstallService\\WakeUpAndContinueUpdates" /disable & schtasks /change /tn "\\Microsoft\\Windows\\InstallService\\WakeUpAndScanForUpdates" /disable
-849947364	AboutButton
-849412460	Я не перенастраиваю интернет, он уже настроен и работает
-848738204	MenuLabel9
-848706996	JSEFile\\
-848035585	Очистит кэш от установленных игр на системном диске, очистит кэш Steam (если есть), очистит кэш видеокарт NVIDIA / AMD / Intel.
-847691671	StartupBottomTip
-847545931	x64
-847461135	Зняти ліміт з довжини шляхів Провідника
-847129948	AgreeButton
-846447599	OptLaptopWarning
-846031262	Interface3
-845926982	.inf
-845562440	DropFileHereVT
-845484537	This item will extend the life of your HDD / SSD from merciless search indexing.\r\n\r\nHowever, if you use the File History to rollback files, leave this item.\r\n\r\nIt is still recommended to check this item to extend the life of the HDD / SSD.
-845275801	\\Uploadee.exe
-844361333	ChooseCompressionMethod
-844313008	Check38
-844112546	PeriodInNanoSeconds
-844104455	–
-843958423	If you don't have a scanner, you don't need scanner services.
-841553970	Disable intrusive security notifications from the Notification Center
-840786719	SaveZoneInformation
-840557694	\\Steam\\dumps
-840341504	HKLM\\Software\\Policies\\Microsoft\\Windows\\LocationAndSensors!DisableLocation
-840252354	\\Cursors\\Inspired by Adobe by XpucT
-839445367	IE10RunOnceCompletionTime
-838039383	Fügt ein Element zum Kontextmenü von Programmen und Verknüpfungen hinzu, mit dem den Internet Zugang für Programme Zulassen oder-/ Verbieten wird.
-837885576	Хотите дополнительно отключить эти службы?
-837571219	No
-837559816	Serv4
-837546656	Wenn Sie das Internet, das lokale Netzwerk, das DNS, richtig eingestellt haben und dazu bereits andere Netzwerkeinstellungen durchgeführt haben, dann brauchen Sie nicht mehr ständig laufenden Dienste.
-837051388	сохранение-игр-на-xbox-live
-836165235	Експорт твіків
-836137875	ru-
-835668558	Remove «3D Objects» link from «This PC»
-835412426	GlobalError2
-835291135	_
-835079778	Видалить безглузді, буквально мертвонароджені папки від Microsoft
-834976114	Прийняти
-834313740	DotSky
-834083097	S-1-5-19\\Control Panel\\Colors
-833577446	Твик не даст Microsoft узнать, чем Вам нравится пользоваться, не позволит собирать данные об использовании и отключит возможность отправлять эти данные в Microsoft.
-832737737	PersonalHiberfilError
-832736692	0a,
-830550621	\\Music\\iTunes\\Album Artwork\\Cloud
-830160381	Serv31
-829163272	PersonalLetsFinish
-828546985	DisableMRUPictures
-828148076	Safe Mode
-827783753	schtasks /change /tn "\\Microsoft\\Windows\\Speech\\SpeechModelDownloadTask" /enable
-827726404	AboutGetPro
-827476197	Примените эту конфигурацию, если хотите перенести папку Temp в корень диска.\r\nПосле применения потребуется сделать перезагрузку.
-827182573	Кількість видалених файлів
-827159037	Imageres.dll,184
-827127849	Отключить историю быстрого доступа
-826693162	ServStepsLabel1
-826354468	Данный твик позволяет:\r\n • Отключить Области навигации\r\n • Отображать расширения\r\n • Открывать Компьютер по Win + E\r\n    (вместо Быстрого доступа)\r\n • Отображать пустые диски\r\n • Отображать конфликты папок\r\n • Исправить косяки Блокнота\r\n  (включает возможность одновре-\r\n  менного использования переноса\r\n   строк и строки состояния)\r\n • Снять лимит (247 символов) с\r\n   длины путей в Проводнике
-825987849	.vbs\\ShellNew
-825976376	ConfigureAppInstallControlEnabled
-824815979	Системний запуск\r\nДозволяє запускати процеси та виконувати команди від імені СИСТЕМА та TrustedInstaller. Наберіть, наприклад, regedit або services.msc, щоб запустити їх з максимально можливими привілеями.
-824755044	запущен в режиме совместимости с Windows 8.1
-824674134	Відключення збору даних через події планувальника
-823237567	SOFTWARE\\Classes\\.bmp\\ShellNew
-823206161	в среднем по сети
-822864344	GB
-822373654	\\UserChoice
-821952648	{A8CDFF1C-4878-43be-B5FD-F8091C1C60D0}
-821096955	ServRestoreButton2
-820648587	\\.nuget
-819131133	Release
-818937201	WarpJITSvc
-818240703	\\systray.exe
-818152093	RestoreSystem11
-816905058	SettingsPageVisibility
-816557347	HKLM\\Software\\Policies\\Microsoft\\Windows\\Windows Error Reporting!Disabled
-816414176	InfoWindow
-816061964	### 
-815998889	Виджет-очистка ОЗУ
-815514429	У вас достаточно производительный ПК, чтобы увеличить размер кэша превью изображений. Таким образом, он (кэш) не будет слишком часто переписываться (насиловать HDD / SSD).
-814484916	serv27
-814163307	Check75
-813554430	Ich benutze kein Windows-Kiosk / Ich weiß nicht, was es ist
-812392669	Якщо ваш комп'ютер підключений до інтернету по кабелю або по Wi-Fi, можете позбутися від зайвих служб, обравши цей пункт.\r\n\r\nЯкщо на цьому комп'ютері планується використовувати USB-модем або USB-маршрутизатор, не застосовуйте цю категорію.
-812232112	DarkSkin
-811842096	Sprachaufnahme
-811615927	taskkill /f /pid "{0}"
-811384585	4
-810759869	MBSize
-810339228	LeftMenu7
-810027097	checkBoxCleaner7
-809964022	Згорнути
-809551940	Fügt «Als Besitzer werden und vollen Zugriff erhalten» ein
-809297721	You are going to remove Service.\r\n\r\nIf you are sure you won't regret, press Yes.\r\nThe Service will be removed permanently.
-808963624	ConfigureAppInstallControl
-808928121	VirusTotalPNGClipboard
-808774392	Перевірка на віруси
-807636289	Заборонити доступ в інтернет
-807310100	SettingsItemlabel03
-806916456	checkboxcleaner3
-805069891	\\ContentDeliveryManager
-803612025	LeftMenu3
-803571570	_
-803401659	*\\Shell\\
-803004273	.exts
-800972403	_fucked
-800901209	mobsync.exe
-800491918	Очищення кешу ескізів провідника Windows та живих плиток
-800443872	Given that you have a desktop PC and do not use biometrics to identify on your computer, you can remove unused drivers and biometrics modules by clicking Apply.
-799670787	hide:windowsupdate;
-798712127	checkBoxCleaner3
-798263565	AboutGetPro
-797796639	StickyNotes_text
-797433242	muiverb
-796417120	program files
-796405229	is currently deleted
-796052578	SysInfo6
-795344079	Застосуйте цю конфігурацію, щоб вимкнути нав'язливе попередження завершити налаштування комп'ютера під час кожного його увімкнення.
-794757259	BlockexeDoesntExists
-794011331	SOFTWARE\\Microsoft\\Windows\\Windows Error Reporting
-793205511	підключено
-793111269	\\imageres.dll
-793084804	ServProgressBar
-792937082	extended
-792304282	HKLM\\SOFTWARE\\Policies\\Microsoft\\Windows\\ScriptedDiagnosticsProvider\\Policy!DisableQueryRemoteServer
-792174195	Прискорити запуск Windows і запуск програм із автозавантаження
-791943521	/c netsh int ipv6 isatap show state
-791113406	system17
-791002666	contextmenu2
-789078562	I don't need background computer diagnostics
-788458238	windowsdefender
-788000901	\\shell\\open\\command
-787655029	https://win10tweaker.ru/forum/topic/ошибки-доступа-связанные-с-сетью
-787401602	Ihr Windows lenkt mit Benachrichtigungen ab, dass Sie beim Spielen nicht abgelenkt werden...\r\nUnglaublich! Klicken Sie auf Übernehmen und lassen Sie sich nicht mehr ablenken.
-786486928	Serv6
-786215652	SettingsItemlabel10
-785861275	VirusTotalDetectionRatio
-785837765	Considering that you have a laptop, it may not be worth doing compression above the laptop method. Some laptop users (less than 1%, but still) had problems with some drivers after using stronger compression.\r\n\r\nAre you sure you want to change the compression method?
-785721466	AddToApply
-784197886	SOFTWARE\\Policies\\Microsoft\\Internet Explorer\\Suggested Sites
-784019884	0.
-783268610	This tweak accelerates frequency of cursor flickering while typing text.
-783064720	\\Explorer\\Modules\\GlobalSettings\\Sizer
-782861285	In den System-Tray minimieren
-781923506	Sticky Notes
-781571772	Software\\Classes\\SystemFileAssociations\\
-781198535	RestartRequired
-781085113	Очистка кэша установленных игр, Steam, Origin, видеокарт NVIDIA и AMD
-780311303	" & exit
-780307887	Offizielle Webseite
-780184758	Microsoft\\Windows\\CurrentVersion\\SharedDlls
-779750071	SeTakeOwnershipPrivilege
-778669742	RestoreContextMenu5
-777779262	LeftMenu3
-777168500	Interface1
-775498968	Save
-775234937	ru-
-774004501	RestoreContextMenu15
-773444329	SettingsIcon
-773407619	Alte Treiber wurde gelöscht
-772729350	Check54
-772508448	import
-772453249	AppliedDPI
-772416992	Check73
-772160737	schtasks /change /tn "\\Microsoft\\Windows\\MemoryDiagnostic\\CorruptionDetector" /disable &schtasks /change /tn "\\Microsoft\\Windows\\MemoryDiagnostic\\DecompressionFailureDetector" /disable
-771662189	\\msdownld.tmp
-770731092	Photos_text
-769226346	SensorService
-768671464	AppVClient
-768667105	Lesen Sie unten, verwirren Sie sich die Begriffe nicht:\r\n • Bildschirm sperren\r\n • Bildschirmsperre\r\nIn Windows 8.1 und 10 gibt es einen Fehler, der Microsoft nicht eilig zu beheben. Bei jeder Einstellung der Bildschirmsperrzeit, der Bildschirm der Sperre genau nach einer Minute erlischt wird. Dieser Tweak fügt ins Energieschema eine Option hinzu, mit der Sie die Zeit einstellen können, nach der der Bildschirm erlischt, wobei die Bildschirmsperre berücksichtigt wird
-768246099	Feedback-Center
-766742364	LeftMenu11
-766536900	\\AppData\\Roaming\\Origin\\NucleusCache
-765044219	Reinigung den Browser-Cache Cent, Chrome, Opera, Firefox, Yandex und andere
-764998303	Сжатие операционной системы для экономии места.
-764630018	ТрейChoice1
-764358392	GodMode
-764065880	Your resource is queued for analysis
-762187081	Apartment
-761576704	OptStartCompress
-761269350	EntAppSvc
-761236986	Check51
-760355125	VirusTotalSave
-760312933	Russian
-759959684	IKEEXT
-758724028	Seems like you either did a cleanup recently or the Windows is too fresh.\r\nPlease, try again later.
-757512223	Ваша Windows початково виключає можливість запуску Командного рядку з папки. Застосувавши цю рекомендацію її можна повернути.
-757306154	DsSvc
-756958957	RestartRequired
-756361039	ServNo
-755763305	RestoreContextMenu8
-754775187	mcpmanagementservice
-754693495	ServStepsLabel2
-754622484	Параметры экрана
-753942471	Добавить путь в исключения
-753630913	ttffile\\
-752665772	SysInfo5
-752519767	OptReplace
-751770674	dot2
-750709977	Verdana
-750601785	SOFTWARE\\Classes\\Directory\\shell\\cmd
-750482763	WbioSrvc
-749614721	LwtNetLog
-749406122	SettingsItemlabel07
-749276035	EmailForActivation
-748843550	B
-747333447	\\Explorer\\MyComputer\\NameSpace\\{0DB7E03F-FC29-4DC6-9020-FF41B59E513A}
-747155125	ServNetFramework
-746332619	\\Microsoft\\Windows\\WebCache.old
-745006645	Wenn Sie bei Ihrer Arbeit keine entfernte Datenbankverbindung verwenden (AnyDesk und TeamViewer rechnet man nicht ein), lohnt es sich, Unternehmensmüll deaktivieren.
-744570891	Paint_del
-744054118	PersonalWarning
-743674155	(згорнути)
-743632637	\\appcompat\\appraiser\\Telemetry
-742846604	You have to add your own API Key
-742169704	rundll32.exe shell32.dll,Control_RunDLL
-741987433	Наведите мышь на любой пункт, чтобы получить его подробное описание.
-741944212	confidentiality13
-741879484	Eaphost
-741867575	Software\\Classes\\CLSID\\{20D04FE0-3AEA-1069-A2D8-08002B30309D}\\shell\\Manage
-741675075	uncheckAll
-741528082	Початково, у Windows включена затримка завантаження Windows і затримка програм із автозапуску. Твік прибирає ведмежу послугу.
-741050359	ловушка-snmp
-741004663	RemoveAllTweaksSuccess
-740281723	DupesProgressBar
-740126331	MenuItem6
-739720929	true
-739378399	Вы действительно хотите отменить сжатие?
-738811669	confidentiality9
-738369224	SettingsItemlabel04
-738239137	AboutDescription
-737582455	Remove all tweaks made by Win 10 Tweaker
-736755250	HKLM\\Software\\Policies\\Microsoft\\Windows Defender\\Real-Time Protection!DisableScanOnRealtimeEnable
-736458205	serv28
-736444008	checkboxcleaner4
-736346504	Replacing...
-736151496	Software\\Classes\\CLSID\\{20D04FE0-3AEA-1069-A2D8-08002B30309D}\\shell\\LocalGroupPolicyEditor
-735870360	\\Code\\GPUCache
-735846090	Видалити вміст папки
-734721234	Feedback Hub
-733272304	SettingsItemlabel11
-733006954	Нет
-732984263	Super launch\r\nAllows you to run processes and execute commands on behalf of SYSTEM and TrustedInstaller. Type, for example, regedit or services.msc to run them with the highest possible privileges.
-731983900	SettingsPageVisibility
-731964968	HKLM\\SOFTWARE\\Policies\\Microsoft\\AppV\\CEIP!CEIPEnable
-731543962	MenuItem9
-731287747	CortanaConsent
-731153326	SuperButtonBlock
-731132806	LocalGroupPolicyEditor
-730838327	*.blf
-730490616	\\Acronis\\ActiveProtection\\Logs
-730294625	interface8
-728862459	Нотатки про розробку Win 10 Tweaker
-728477390	(перевірити оновлення)
-727795951	DotSea
-727619621	ТрейChoice2
-727175774	RestoreSystem6
-726758582	xpress8k
-726318084	Win10Home
-725372455	Getstarted_text
-725024744	Check43
-724308910	Clearing browsers cache. Properties, cookies, history and passwords aren't affected.
-723893623	I don't use anything from Xbox, neither controller, nor Xbox game saves
-723353314	Software\\Classes\\CLSID\\{20D04FE0-3AEA-1069-A2D8-08002B30309D}\\shell\\RegRegistry
-720736465	BlockexeErrorSyntax
-720559700	AllFilesystemObjects
-720119203	Отключите комплекс мероприятий по шифрованию данных от Microsoft, если не пользуетесь шифрованием.\r\n\r\nДля надёжного шифрования существуют более надёжные и правильные инструменты, чем то, что предлагает Microsoft.
-719536898	To fix randomly turning off Numlock (numbers on the right side of the keyboard),\r\nApply this configuration.
-719461368	Add to exception
-718570938	OptLaptop
-718295068	Самое сильное
-718195295	Die Regel ist erfolgreich gelöscht
-717100703	By applying this recommendation, you can return the extended context menu so that it opens immediately, without waste time gestures.
-716920144	Confidentiality8
-716887582	_3 ExportTweaksIcon
-715826518	\\Explorer\\Serialize
-715682409	https://api.imgur.com/3/upload.xml
-714872860	BingSearchEnabled
-714421280	SYSTEM\\CurrentControlSet\\Policies
-713732124	BrokenShortcutFound2
-713464961	/hidden
-713343576	schtasks /change /tn "\\Microsoft\\XblGameSave\\XblGameSaveTask" /disable
-712702938	Bitmap Bild
-712570363	System backup point successfully created.
-712549338	Включити до бібліотеки
-711359931	Clearing Explorer thumbnail cache and Metro UI cache
-710178355	Зачекайте, йде очищення:
-709190205	Control Panel\\Desktop\\WindowMetrics
-708694468	SettingsPageVisibility
-706670786	WMessageCancel
-706638049	FSCapture.exe
-706633098	Вручну нічого не потрібно сюди вписувати.
-706553756	Broken Shortcuts
-706507962	Check21
-706108541	Software\\Microsoft\\Internet Explorer\\SearchScopes\\{ACD2BEB0-17F5-4FF1-8A1C-60606069FB98}
-706099184	checkboxcleaner9
-705388617	Personal11OldContextMenu
-705301675	Confidentiality10
-704038657	Since you're using a third-party browser by default, you can uninstall Edge browser with all its services, spies and schedulers by clicking Apply (Xbox authorization will be broken)
-703590289	SysInfo3
-702826439	Получение справки
-702693553	\\Explorer\\CommandStore\\shell
-702134950	13709620-C279-11CE-A49E-444553540000
-700390889	11
-699569173	AboutDonate3
-699114992	DisableNotificationCenter
-699112016	Einige Objekte werden beim Klicken dauerhaft \r\naus dem Autostart gelöscht (Bestätigung erforderlich)
-697816020	\\ServiceProfiles\\LocalService\\winhttp
-696915352	has saved your Cleaner choice\r\nin Win 10 Tweaker.ini file.
-695979735	SYSTEM\\CurrentControlSet\\Control\\WMI\\Autologger\\
-694277350	HarvestContacts
-694205028	PersonalPanelHeaderPanel
-693310277	Auf der Shortcut-Leiste fixieren
-693280930	Accept
-692492613	Microsoft wants to know, if you have issues while using apps.\r\nSo it collects all user activity in all installed applications.
-691228139	SettingsHeader
-690406347	Віджет
-689515917	I don't use Virtual Desktops, Night Light, Your Phone
-689409790	Ваш e-mail:
-689396109	system15
-689376108	inffile\\
-689025982	iPointSize
-688815616	Mit diesem Element wird ClearType (Schriftglättung für Blinde) deaktiviert, die Schrift Segoe UI auf Tahoma ersetzt und in Fällen, in denen dies nicht möglich ist, ändert auf MS Sans Serif. Der Textdokument erhält die Schrift Verdana.\r\n\r\nWenn Sie in der Bildschirmauflösung eine Display Skalierung mehr als 100 % vorgenommen haben,\r\n            scheint Ihnen alles zu klein.Für Liebhaber,\r\n            die die Bildschirmauflösung mehr als 100 % mögen,\r\n            empfehlen dieser Tweak daher nicht.
-688807525	Win 10 Tweaker — це невелика, але дуже потужна програма, що дозволяє зробити повну оптимiзацiю та очищення Windows всього в декілька кліків.
-688669978	VaultSvc
-687427659	Viewer_text
-687200010	Зберегти
-686289014	System14
-685374038	The
-684710319	Viren-Scanner
-683556157	Control Panel\\Accessibility\\StickyKeys
-682509522	serv10
-682482160	ShiftCheck
-682311928	Удаление мёртворождённых папок Windows
-679932712	Check36
-679615169	spectrum
-679389107	120
-679139786	OptDragText
-678652266	SOFTWARE\\Policies\\Microsoft\\Windows\\Explorer
-678346860	\\Downloaded Program Files
-678312880	interface12
-678227346	Щоб мати можливість переглядати вміст msi-пакетів за допомогою контекстного меню (Витягти), застосуйте цю конфігурацію.
-678176333	установлено
-677727959	EmailForActivation
-677320640	Confidentiality6
-676937574	This tweak stops Windows Defender process, deactivates it from Startup, removes Context menu item, and in addition shuts up SmartScreen.\r\n\r\nSmartScreen is a filter that decides for you, if you visit dangerous Internet sites or not.\r\n\r\nIf you use Edge browser or Store, do not use this tweak.
-676885390	ShowSearchSuggestions
-676734398	{0}
-676681092	VirusTotal Item
-676126027	246
-675815379	StatusBar
-675272660	{0}\n\n==========\nWin 10 Tweaker не может продолжить работу из-за отсутствия важных системных компонентов. Сборку-самопал вы используете или своими руками уродуете Windows – знать только вам. Но если программа упала, значит пора перестать баловаться сборками и использовать ТОЛЬКО оригинальные Windows без школотронских модификаций и сомнительных выпиливаний.
-675199400	Якщо ви не використовуєте геймпади від Microsoft і не маєте нічого спільного з Xbox, можете спокійно обрати цей пункт.
-675011242	.dll
-674924949	HKLM\\Software\\Policies\\Microsoft\\Windows Defender\\Real-Time Protection!DisableBehaviorMonitoring
-674326776	DesktopBackground\\Shell\\Personalize
-674277831	gpedit.dll
-673165015	DisableUAR
-672783484	SysInfoConnected78
-671385513	Löschen von Totgeburten Windows-Ordner
-670403775	Check77
-670158094	VirusTotalLastScan
-669636116	\\Explorer\\Advanced
-668818854	Pfad zu den Ausnahmen hinzufügen
-668373639	System-wiederherstellung
-668087182	Показувати всі значки в треї
-666629014	scanner
-666343121	SteamPath
-666162174	OptBack
-666160850	AppReadiness
-665679858	SettingsItemlabel06
-664848676	\\drivers\\etc\\hosts
-664591123	Serv1
-663313678	SOFTWARE\\Wow6432Node\\Microsoft\\Windows\\CurrentVersion\\Uninstall
-662854999	CaptionFont
-662672728	RemovePermanently1
-661918166	 "%systemroot%\\*.*" && compact /c /s /a /i /q /exe:
-661053231	{0}>{1}
-660939344	\\Boot\\EFI
-660928667	VirusTotalWait
-660679994	https://raw.githubusercontent.com/crazy-max/WindowsSpyBlocker/master/data/firewall/spy.txt
-659601332	This program runs only on current account.
-659549148	AcceptedPrivacyPolicy
-659366877	Check78
-659027747	\\Logout
-658771759	wercplsupport
-657612339	linkmenu5
-655190160	-duplicatescheme e9a42b02-d5df-448d-aa00-03f14749eb61
-655149671	Kamera
-654811594	\\Policies\\Associations
-654733691	Если у вас нет факса (а у вас его нет), вам не нужны службы.
-653835578	\\AdvertisingInfo
-653754880	powercfg /s 
-653663555	Terms of use
-653582645	Das Objekt:
-653306512	Dieses Programm ist im «Task Scheduler» registriert
-652598623	compact /u /i /a /f /q /s "%systemroot%\\winsxs\\*.*"
-652447755	Abgesicherter Modus mit Netzwerk Unterstützung
-652156178	Deaktivieren Cortana und alle Tochter-Prozesse
-651906684	служба-поддержки-bluetooth
-651818101	Control Panel\\Desktop
-651628312	cmd /c start /min shutdown.exe -r -t 0
-651140792	Schau mal das Video über versteckte Möglichkeiten an\r\nYoutube
-651063298	Наведіть мишу на будь-який пункт, щоб отримати його докладний опис.
-650581570	DisableSecuritySettingsCheck
-649312243	Control Panel\\Desktop\\WindowMetrics
-648642337	Interface6
-648568210	PersonalF8
-648526160	Flags
-648484110	interfacefolder
-648137093	\\SoftwareDistribution\\Download
-647947886	Wendet diese Einstellung an, um das nervige «Lassen Sie uns die Einrichtung Ihres Geräts abschließen» jedes Mal zu deaktivieren, wenn du deinen Computer einschaltest.
-647262818	MainPanel1
-647166170	Bitcoin
-646662854	*.log
-646419925	WindowsAlarms_
-645971557	Internetzugang zulassen
-644962518	Start_TrackProgs
-644946336	BDESVC
-644599091	Поиск музыки в Интернете
-644357478	CLSID\\{018D5C66-4533-4307-9B53-224DE2ED1FE6}
-644269325	\\PnaclTranslationCache
-643193183	ServDescription
-643177001	Console\\%SystemRoot%_system32_cmd.exe
-642587826	Sticky Notes
-641794900	StartupShortcut1
-641405919	Serv11
-641328016	checkboxcleaner6
-641307380	\\Explorer\\StartupApproved\\StartupFolder
-640541008	Ви можете також перевірити файли на віруси, просто кидаючи їх на\r\nWin 10 Tweaker або ярлик, тобто, навіть не запускаючи програму.\r\n\r\nЩоб уникнути нераціонального використання, вам доведеться зберегти в програмі свій API-ключ зі свого профілю на virustotal.com
-640188796	HKLM\\SOFTWARE\\Microsoft\\OneDrive!PreventNetworkTrafficPreUserSignIn
-639983759	– startet mit dem Windows-Start
-639958841	shell
-639670695	*\\shell\\VirusScanner
-639167229	PersonalNotebookWiFi
-639013212	Примените эту конфигурацию, чтобы отключить навязчивое предложение завершить настройку компьютера при каждом его включении.
-637264136	subcommands
-636231524	ConflictFix
-635970205	\\Explorer\\StartupApproved\\StartupFolder
-635227511	RestoreConfidentiality3
-634963478	510
-634429675	'" /rl highest /f
-634047754	Осталось менее часа...
-633118318	Kontextmenü
-632950118	UjHtWJVU6GLXQSO0OH3lGAc6kMlqcu+OrAzPKmvEMnfdV1PtKXsaxrWH9Ulu3UssZOPooMCnOUUB/XCelSSc0y5/2HUY/Ha5vOMTbh7dTEUKo/yq/t8gs+rIxH9hPJyUmF/e6Or1uTNNPd8H7MhjZJPmxNpMxGg2XfzeLl+S/kqT5lZKHWGw7Z/2Ufvy47SrlKGMeAPHr7XEWqk6K7tQNW7FJ4/MmZ/sqZHjYPt9Hm3LTMJL39tXuTbhg7MDff1JNqj/fdim7dIN6USU4zjHh2SP7KuXZt2iuhkH+A3Udt5nTtN+C8a5gC+RpD5vcjKi3q+vGAqn9asr5/BCO8pf7Q==
-632929093	Programs and Features
-632224669	Конфіденційність
-630798555	filemgmt.dll
-630551292	\\Mozilla Maintenance Service\\logs
-629874392	Среднее
-629562034	CleanerLogQT
-629343898	Якщо ви записуєте / стрімите ігри за допомогою OBS, NVIDIA, Bandicam, вам точно не потрібні ведмежі послуги від Microsoft.
-629179800	Если нажмёте Да, твики будут применены автоматически.\r\n\r\nЕсли нажмёте Нет, программа просто расставит галочки в соответствии с файлом импорта.
-629111322	Check74
-628492299	Требуется Перезагрузка
-628289370	ServDescription
-627204440	Эта опция уберёт из Обзора Проводника в левом списке меню (из дерева списка проводника) пункт 3D Objects (Объёмные объекты).
-626745823	Interface2
-625813738	DelegateExecute
-625795540	MenuLabel4
-625596925	Я не использую режим планшета, у меня настольный ПК / ноутбук
-623795226	\\Panther\\UnattendGC
-623641497	HardwareInformation.qwMemorySize
-623161856	hex:
-622394357	.png
-622085771	Enabled_old
-622013258	служба-перечислителя-wpdbusenum
-621725166	I Already Have
-620313193	WMessageNo
-619760673	OptWait
-619739648	*.regtrans-ms
-618901173	OptDropfiles
-617955544	Deny Internet activity
-617588062	Confidentiality6
-617460068	\\steamapps\\temp
-615453740	Select the object you want to add to Startup
-615327676	Check81
-614388180	Я не використовую віртуальні машини Microsoft
-613683214	Deaktivieren Benutzerstandort
-612892582	VirusTotalClean
-612842683	xpress4k
-612719554	BingSearchEnabled
-612405062	restore2
-612355879	/analyse
-612169783	Start
-610696610	X2
-609770002	Вы собираетесь удалить службу\r\n\r\nЕсли вы уверены, что не пожалеете об этом, нажмите Да.\r\nСлужба будет удалена навсегда.
-609737638	ImportFileDialog
-608789854	\\Acronis\\VssRequestorLogs
-608374338	Skin
-607829620	\\OneDrive
-607782210	panelmenu5
-607150709	Confidentiality9
-606198968	System9
-605761679	System9
-604316359	By clicking the "Accept" button, you realize that the "development" of Windows requires the use of always up-to-date tweaks – always the up-to-date version of Win 10 Tweaker, as well as regular updates of Win 10 Tweaker. You also agree that you are responsible for the use of tweaks on trimmed or modified Windows builds. By clicking the "Accept" button, you agree that the actions that you perform in Win 10 Tweaker are thought out by you, and you understand the purpose of tweaks, the description of tweaks, fields and forms. Agreeing, you accept the support of the author of the program and the community as a whole on the official Win 10 Tweaker page, but you cannot demand individual advice and individual support. You agree that the official Win 10 Tweaker resource prohibits the guesswork and unwarranted accusations of the Win 10 Tweaker program and the author of the Win 10 Tweaker program in a problem with your operating system or computer as a whole. By clicking the "Accept" button, you realize that any issue related to programs called antiviruses must be addressed to the creators of the authors of the programs, which they call antiviruses. The author of the program is only responsible for his software and is not responsible for conflict with other software. By clicking the "Accept" button, you agree that the author isn't responsible for the modified or repackaged Win 10 Tweaker exe file, for any cases that affect the integrity of the Win 10 Tweaker exe file. Only if you fully understand all of the above, right-click the "Accept" button. This message is displayed only once. If you want to re-read it, go to Win 10 Tweaker Settings and reset all prompts and warnings with the appropriate switch.
-603748319	Copy image to clipboard
-603115226	1
-601683523	HKLM\\SOFTWARE\\Policies\\Microsoft\\Windows\\Windows Search!AllowCortana
-601265416	This tweak grants you to slow down window animation, when minimizing, maximizing and closing windows while holding down Shift key.
-600907145	.jpe
-600808257	LTSB
-600783448	служба-политики-диагностики
-600236760	CurrentBuild
-599874572	Скопійовано
-599594954	Deaktivieren die störende Sicherheitsbenachrichtigungen von Notification Centre
-599170174	Отключение сбора и отправки данных рукописного ввода
-597206655	RestoreSystem12
-596910770	Link
-596451340	Очистка системных журналов Windows
-596283579	checkBoxCleaner9
-595639595	Да
-593845987	BluetoothUserService
-593839584	Disabling network access to data collection domains
-592840346	.bmp
-592335328	.tif
-591866286	Optimierung
-591473548	Komprimierung (WinSxS) Systemdateien und Updates. Nicht erforderlich, wenn sie schon durchgeführt wurde.
-589615843	Shutdown;
-588537982	AboutDescription
-588460119	Залишилося менше години...
-588445602	Wenn Sie keine Microsoft-Controller verwenden und nichts mit Xbox zu tun haben, können Sie sicher dieses Kontrollkästchen aktivieren.
-586559353	Bei der Erreichung von 40%
-586143526	checkboxcleaner3
-585436307	powershell.exe -command {0}; reg delete HKEY_LOCAL_MACHINE\\SOFTWARE\\w10tservs{1} /f
-584165010	ImportYesNo
-583262341	wmiApSrv
-583254250	\\INF\\setupapi.app.log
-583205704	If you record / stream games with OBS, NVIDIA, Bandicam, you definitely don't need Microsoft's services.
-581549643	LeftMenu8
-581412096	(choose)
-581301604	PersonalEventlog
-580676888	IPShow
-579414822	Adding images context menu item, that grants ability to upload images on ImgBB.com and copies the direct link to clipboard.
-578360295	WMessageOK
-578043337	OptOldDriversDeleted1
-577023601	Добавляет в контекстное меню папок пункт, позволяющий удалять содержимое любой папки, минуя подтверждения и оставляя при этом саму папку.
-574798820	Möchten Sie die Komprimierung wirklich abbrechen?
-574483884	Перетягніть файл до області сканування
-574267250	Ваш Ryzen може працювати швидше на поточній Windows 11, якщо застосувати відключення безглуздого сховища TPM. Приріст становитиме щонайменше 3%.
-574237664	Vorkonfiguration des Explorers
-574035516	Yes
-572711059	HideMergeConflicts
-571834719	DriversExported
-571728824	Win 10 Tweaker entwickelt sich im Gleichschritt mit Windows-Updates, so dass einige Tweaks können wegen der Methoden ihrer Anwendung veralten. Mehrere sind davon auf Ihrem PC gefunden. Um Konflikte zu vermeiden, Win 10 Tweaker rollte sie zurück. Alles, was Sie tun müssen, das ist einfach sie wieder anzuwenden.
-571277660	Apply
-571071693	TipCleaner
-570344925	Bei der Erreichung von 70%
-570094718	Systemstatus vor dem Win 10 Tweaker Installation
-569665709	Software\\Microsoft\\Windows\\DWM
-568703874	Löschen «Windows – Ereignisprotokolle».
-568073027	 "%programdata%\\*.*"
-567744154	Manually nothing needs to be entered here.
-566464226	_10 TraytIcon
-566359858	\\SettingSync\\Groups\\Accessibility
-565136891	Автозавантаження
-564716208	Пожизненный Win 10 Tweaker Pro
-563767292	The object itself:
-562192141	SysInfo2
-562082524	checkboxcleaner17
-561847158	checkBoxCleaner
-561291545	Services in this category weren't found on this PC
-560748826	YouNeedAPI
-558435014	RestoreContextMenu17
-558082744	interface11
-557582655	MixedRealityOpenXRSvc
-557328981	WSFFile\\
-557223573	SeTakeOwnershipPrivilege
-556892227	confidentiality14
-556336478	NeuralNetworkNeed
-556038601	'" /rl highest /f
-555385283	close
-555073460	SysInfoConnected78
-555037067	Зупинити та відключити Захисник Windows і SmartScreen
-554491634	Speed up Windows startup and programs from startup
-554087118	This is your first time enabling a neural network on this Windows. Win 10 Tweaker AI needs to be trained to identify junk directories on its own. The training may take several minutes.\r\n\r\nGetting started?
-554044813	ByteSize
-553605364	{0}\\{1}
-553032832	serv30
-553001680	OptChooseFolderDialog
-552965189	inffile\\
-552153555	Только с помощью Win 10 Tweaker вы сможете надёжно отключить Обновления Windows. Службам Обновлений свойственно произвольно запускаться, однако, это не имеет значения, так как после применения конфигурации в Win 10 Tweaker обновления точно не пролезут.
-551942050	AppInstalled3
-551543767	MapsBroker
-551526763	0
-551471027	" widget
-551202320	OptCanBeReplaced
-551165621	CDPUserSvc_
-550386027	\\ServiceProfiles\\LocalService\\AppData\\LocalLow\\Microsoft\\CryptnetUrlCache\\Content
-550247329	StartupBottomTip7
-549701613	Відновлено
-549612612	" /enable
-549426519	Обновить_оболочку
-549266316	Personal10minutes
-548717327	schtasks /change /tn "\\Microsoft\\XblGameSave\\XblGameSaveTask" /enable
-548328734	Виправити функцію «Час очікування до відключення екрану блокування»
-548037461	Software\\Microsoft\\Notepad
-548036222	SuppressionPolicy
-547878552	VirusTotalResults
-547798909	Bei der Erreichung von 30%
-547794393	\\System.Deps.dll
-547436107	CDPUserSvc_
-547090593	Отключение сбора и обработки данных Журнала Событий Windows
-546300490	ContextMenu3
-544572701	OptNotRequired
-544156202	Безповоротне видалення
-543604686	WindowsCamera_text
-542963337	Deaktivierte Windows - Dienste:
-542616182	system14
-542519090	Reinigung
-542375342	\\Panther
-539093240	I don't use Windows Themes / use, but don't change
-538379368	Im Kompatibilitätsmodus mit Windows 7 gestartet
-537922031	Check6
-537518554	\\Microsoft\\Internet Explorer\\Recovery\\Last Active
-537506744	\\$Windows.~WS
-537340541	Compress the operating system to save space.
-536711567	vmicguestinterface
-536672157	{20D04FE0-3AEA-1069-A2D8-08002B30309D}
-535904580	MixedReality_text
-535684480	BlockexeAlreadyExists
-535616130	Удалит все диагностические отчёты всех диагностик Windows.
-535225272	служба-перечисления-смарт-карт
-534837419	@%systemroot%\\system32\\themecpl.dll,-10
-534105561	Монитор:
-533979873	confidentiality17
-533327813	Если вы не пользуетесь плиточными приложениями, включая Почту, Калькулятор и сам Магазин Windows, смело отключайте огромный комплекс служб.\r\n\r\nВАЖНО понимать, что управление приложениями (удаление, установка, обновление) станет полностью недоступно. Поэтому предварительно посетите категорию Приложения в\r\nWin 10 Tweaker.
-533082276	\\Personalize\\command
-531346094	Clearing the Registry and fixing some Registry issues
-531192745	\\WindowsApps
-528776449	Icon
-528619605	WFDSConMgrSvc
-528355804	служба-удаленных-рабочих-столов-hyper-v
-528070694	System2
-527653185	interface2
-527634382	SOFTWARE\\Classes\\SystemFileAssociations\\
-527609198	\\Microsoft\\EdgeUpdate
-526887908	workfolderssvc
-526204509	EnabledV9
-525774683	autotimesvc
-525142495	Filename
-524654975	Pro aktivieren
-524627461	11
-524359349	У Windows 10 є модуль, який підписаний Microsoft, але не описаний нею. Завдання у нього просте — порпатися у папці вашого профілю та шукати там цікаву інформацію. Цей твік припинить безсовісну поведінку Microsoft.\r\n\r\nТвік також відключить «Хронологію» та «Віртуальні Робочі столи». Або так, або зі шпигуном.
-523412409	StartupAutorunWarning
-523339590	WpnService
-522761276	checkBoxCleaner1
-521796286	Video
-521618801	OK
-521424617	Shift3
-521226278	OptOn
-520524748	\\rescache
-520155847	ВиджетChoice2
-519889921	PersonalRecomendations
-519760465	Дана програма запускається тільки на поточному обліковому записі.
-518923781	UserDataSvc
-518802793	Clear automatically...
-517783045	\\TabletPC
-517556983	Entfernt den Inhalt temporären Ordner, den Internet Explorer-Einstellungscache, den Online Loader-Installationscache, die Loader selbst aus den temporären Internet Explorer-Verzeichnissen sowie die Verknüpfungen aus dem «Navigationsbereich».
-517162354	SOFTWARE\\Microsoft\\Multimedia\\Audio
-516181340	Clearing browsers cache (Chrome, Opera, Firefox...)
-515711993	HKLM\\Software\\Policies\\Microsoft\\PCHealth\\ErrorReporting!DoReport
-515030637	CopyToClipboard
-514613661	PersonalMTIA
-514568588	SilentInstalledAppsEnabled
-514529037	{0} {1}\n{2} {3} {4}
-514517188	AboutAuthor
-514403914	ApplyButton1
-514126141	ScrollHeight
-513765536	interface17
-513319251	OptNodupes
-513262151	OptReplaced
-513220101	While Microsoft collects all user activity, NVIDIA thought about, why not they do the same?\r\n\r\nThis tweak disables NVIDIA telemetry, and therefore speeds up your system performance.
-512553669	Fügt auf dem Desktop ein «Computer» Symbol hinzu (keine Verknüpfung)
-512015190	Настройки
-511727153	@%ProgramFiles%\\Windows NT\\Accessories\\WORDPAD.EXE,-213
-511071746	Apply this configuration if you want to move the Temp folder to the root of the system drive.\r\nAfter applying, you will need to reboot.
-510524933	Check72
-510108207	Враховуючи, що у вас стаціонарний комп'ютер, а не ноутбук, можете спокійно відключати біометрію.
-509896479	PSA
-507214226	Personal10minutes
-506646550	If you don't use Microsoft controllers and have nothing to do with Xbox, you can safely check this item.
-505743332	Check77
-505403149	Korrigieren die Funktion «Timeout, bis der Sperrbildschirm ausgeschaltet ist»
-504335034	AboutActivatedPopup
-504095502	.cmd
-503389789	Serv21
-502793886	Skype
-502664340	confidentiality1
-502034751	long1
-501726725	Check51
-500509018	ТрейВиджет
-500273507	RadeonSoftwareVersion
-500162502	VirusTotalResults
-500049169	Letzter Scan:
-498771658	OptTip2
-498576991	Disabling count of hits in Feedback
-498082051	ТрейЗакрыть
-497119258	checkBoxCleaner6
-496718655	Wenn Sie die Handschrifteingabe verwenden oder verwenden möchten, Microsoft möchte die Handschrifteingabe verbessern, indem von Ihnen lernen.\r\n\r\nDieser Tweak lässt Microsoft nicht von Ihnen zu lernen.
-496530630	Копий и дубликатов нет
-496503268	LaunchTo
-495892466	SYSTEM\\ControlSet001\\Services\\SharedAccess\\Parameters\\FirewallPolicy\\FirewallRules
-494056407	\\Policies\\DataCollection
-494031956	SOFTWARE\\Microsoft\\Multimedia\\Audio
-493318680	Wenn Sie Windows-Defender und die zugehörigen zugelaufende Scheiße deaktiviert haben, soll man zusätzliche Hintergrunddienste negieren, die nicht direkt mit Defender verbunden sind, sondern mit der Windows-Sicherheit zusammengehängt sind.
-492763067	SysInfoLaptop
-492755257	sc config NlaSvc start= auto & sc config EventSystem start= auto
-491927836	ATA Device
-491762754	MenuItem11
-491564379	Виберіть об'єкт, який потрібно додати до Автозавантаження
-491469727	Interface15
-491274719	EntAppSvc
-490925793	LastCleanup1
-490472374	FriendlyTypeName
-489519950	Windows Registry Editor Version 5.00\r\n
-488933458	serv4
-488229034	NeuralNetworkReady
-488190963	Відмовитись
-488114710	HKLM\\Software\\Policies\\Microsoft\\Internet Explorer\\Safety\\PrivacIE!DisableLogging
-488001062	MinimizeIcon
-487644906	Operating System:
-486862236	WindowsCamera_
-486614667	Wenn Sie auf Ihrem Computer keine VPN-Clients verwenden, benötigen Sie keine zusätzlichen Dienste. Die Deaktivierung von Diensten hindert Browser wie Opera und Tor nicht daran, mit ihren integrierten «VPN - Verbindungen» zu arbeiten.
-486353466	HideDrivesWithNoMedia
-486313011	HasLUAShield
-486180228	ShowHideSysFldrs
-486059054	Settings
-484903529	VirusTotalPNGSaved
-484551767	ConnectedSearchUseWeb
-483843670	copy
-483832979	RAM Auto Cleaner
-483485268	edge
-483313878	\\NVIDIA Corporation\\NvProfileUpdaterPlugin
-483137557	Max Cached Icons
-482730094	AppliesTo
-480584021	Редактор реестра
-480245471	media storages –
-479251853	Microsoft Sans Serif
-479122397	 "%programfiles%\\*.*" && compact /c /s /a /i /q /exe:
-478954721	Nicht mehr benötigt
-478944395	cmdfile\\
-478524872	WindowsStore_
-478351313	OptAskRestore
-477694298	toggleOff
-477215973	Fügt nützliche Elemente im Menü «Computer» ein
-476865865	Видалення історії всіх підключених USB-накопичувачів
-476477165	TabletInputService
-473694161	0
-472828060	Segoe UI Bold Italic (TrueType)
-472553524	netcenter.dll,10
-471607895	Control Panel\\Desktop\\WindowMetrics
-471307219	Якщо ви користуєтеся або будете користуватися рукописним вводом, Microsoft хотіла б удосконалювати рукописний ввід, навчаючись на вас. Даний твік змусить припинити вчитися на вас.
-471297166	\\ServiceProfiles\\LocalService\\AppData\\Local\\FontCache
-470233619	inprocserver32
-469839975	OptWait
-468478496	OptOn
-468459479	Zeigen
-468128589	Этот пункт позволит убрать стрелки с ярлыков. Чтобы увидеть изменения, потребуется Выход.
-467553824	Wenden Sie diese Konfiguration an, um den Inhalt von msi-Paketen über das Kontextmenü (Extrahieren) anzeigen zu können.
-467231853	Applications\\photoviewer.dll\\shell\\open
-467117512	Драйвери успішно збережені в папку:
-465349097	LeftMenu1
-465169992	Coffee
-465097173	Detected protection prevents working.\r\nYes, Defender or Antivirus.\r\nYes, for sure.\r\n\r\nThe program will be closed.
-465072900	Startup information is not available, because\r\nsome of your PC guard programs deny access to\r\nWin 10 Tweaker. Please disable your anti-virus\r\nprograms, or add Win 10 Tweaker to exceptions\r\nlist in your antivirus settings.
-465050006	serv22
-464208460	name
-463483842	SettingsPageVisibility
-463275725	Unvorhergesehener Fehler
-461952145	StartupBlueNotWorking
-461392807	>
-461308707	Failed to activate Pro Version.\r\n\r\nPerhaps you didn't confirm the payment at the purchase stage or closed the page ahead of time.\r\n\r\nClick Yes to complete the payment.\r\nClick No to restore an already purchased activation.
-461176565	System9
-459166642	Entsperren den klassischen «Windows Photo Viewer»
-459048260	embeddedmode
-458044106	Disk Management
-457949662	LeftMenu8
-457754654	IE10RunOncePerInstallCompleted
-457579133	cmd /c start /min shutdown /l
-456850888	pp
-456516513	microsoft
-456460445	https://win10tweaker.ru/agreement
-456167489	progressBar5
-456053120	WMessageDontShowAgain
-455632114	– не запускается при старте Windows
-455320677	ServListLabel
-455053804	Dieser Tweak lässt Microsoft nicht wissen, was Sie verwenden möchten, lässt keine Nutzungsdaten sammeln und deaktiviert die Möglichkeit der Übermittlung dieser Daten an Microsoft.
-454382777	Перемикати розкладку клавіатури по Ctrl + Shift
-454221098	SysInfo5
-452663282	Der Tweak ändert die gelben Ordner auf blauen.
-452509553	AntiSpyRulesUpdater
-452209342	Add item «Take Ownership and full access» to context menu
-452168299	4
-451856741	sc config fhsvc start= disabled
-451097518	WPDBusEnum
-450008545	McpManagementService
-449483544	confidentiality14
-449351160	Interface9
-449326887	SuperButtonUnfreeze
-449238973	ZuneVideo_text
-448283478	SettingsItemlabel12
-447598007	WMessageYes
-447537233	\\Notifications\\Settings\\Windows.SystemToast.SecurityAndMaintenance
-447034141	Ускоряет появление превью (предпросмотр) на панели задач.
-446725406	Check44
-446695221	" && fsutil hardlink create "
-446190002	Данный твик напрочь выпилит два шпионских модуля Microsoft, призванные собирать информацию о вашем действии и бездействии во время работы компьютера.\r\n\r\nТвик также отключит UWF в последних версиях Windows 10.
-446127488	interface15
-446073325	Da Sie einen Desktop-PC haben und keine biometrischen Sensoren verwenden, um sich auf PC zu identifizieren, können Sie unverwendete Treiber und biometrische Module entfernen, indem auf Übernehmen klicken.
-445891054	 GB [
-442900585	Done
-442683694	(перейти на beta)
-441817897	SeBackupPrivilege
-441362236	Додати корисні пункти в меню Комп'ютер
-441253821	Software\\Classes\\CLSID\\{20D04FE0-3AEA-1069-A2D8-08002B30309D}\\shell\\SafeMode
-440555249	EnterOldPCID1
-440541198	EmptyThisFolder
-440131791	RestoreInterface9
-439904068	API
-439760873	MultipleProgramCopies
-439360266	SYSTEM\\CurrentControlSet\\Control\\Power\\User\\PowerSchemes\\
-438225875	Если вы примените эту рекомендацию, отключив процесс смайликов в Windows, время работы вашего ноутбука, а также качество работы видеокарты увеличатся.
-437810588	RAM Cleaner Widget
-437211289	(Geschichte der Versionen)
-436260140	Безопасный режим с поддержкой сети
-435365997	Software\\Microsoft\\Windows\\Shell\\Associations\\UrlAssociations\\
-435204571	AllowCloudSearch
-434958431	HarvestContacts
-434931310	Settings
-434708224	Отключение всех видов телеметрий Windows, Office, Visual Studio
-433467600	ConsentUxUserSvc
-432641931	MSIextract
-432426950	Toggle06
-432038992	 @{0} ({1} x {2})\n
-431926536	WindowsCamera_text
-431730629	OneNote_text
-431689223	{0} (NVIDIA {1})
-431641628	Очищення сховища (WinSxS) від старих оновлень та копій компонентів. Не впливає на поточні оновлення.
-431568809	Win 10 Tweaker определяет язык вашей системы и безболезненно удаляет те языки, которые являются системным хламом. Это никак не повлияет на поддержку шрифтов, клавиатур и прочего. Удаляются именно системные языки.\r\n\r\nТребуется один раз, поэтому галочка на этом пункте всегда снята, по умолчанию.
-431522219	OptFreeUp2
-431087532	contextmenu2
-430897870	Персонализация
-430387898	Das neuronale Netz hat die neue Verzeichnisse zum Scannen von Müll in der Kategorie Reinigung erlernt.
-430009840	APISaved
-429830709	\\Minidump
-428914097	Serv15
-427819773	powershell.exe /command reg delete 'HKLM\\SOFTWARE\\Microsoft\\Windows NT\\CurrentVersion\\Image File Execution Options\\MsMpEng.exe' /v Debugger /f
-427586014	schtasks /change /tn "\\Microsoft\\Windows\\Management\\Provisioning\\Cellular" /disable &schtasks /change /tn "\\Microsoft\\Windows\\Management\\Provisioning\\Logon" /disable
-426797490	Відключення збору статистики використання програм
-424717718	Stark
-423984382	Serv30
-423192542	Die Treiber wurden erfolgreich in den Ordner gespeichert:
-422941249	Eaphost
-422712908	Check5
-421606504	Solitaire
-421171817	\\Search
-421098437	netsh advfirewall firewall add rule name="
-421033709	Restart
-420737130	сборщик-событий-windows
-420016149	DmEnrollmentSvc
-418142630	Ram800
-418128939	https://win10tweaker.com/InfoChecker.php?key=imageres
-417592131	C:\\
-417286996	Apply
-417260400	docxfile\\
-415855160	.fbx
-415168285	OptDone
-412806825	SYSTEM\\CurrentControlSet\\Enum
-410876139	This desktop computer information
-410580099	TakeOwnerShip
-410579519	Удаление всех временных файлов во всех временных каталогах
-410506700	Нормальні шрифти та їх відображення
-410482427	Adding context menu item, that grants ability to copy to clipboard image itself, not a file.
-410474974	Compress system storage (WinSxS) and updates. It's not required if you have compressed all system files.
-410433881	system11
-408794002	CredentialEnrollmentManagerUserSvc
-408716385	serv29
-408693987	DisableWebSearch
-408692889	System3
-407819649	<a href="https://www.google.com/search?q=
-407384962	AgreeButton
-406784654	LeftMenu3
-406403824	Application Data
-405796705	Microsoft.
-405305492	Відновлювати попередні вікна папок при вході в систему
-404855394	синхронизация-узла-onesyncsvc
-404057957	SYSTEM\\CurrentControlSet\\Control\\Power\\PowerSettings\\7516b95f-f776-4464-8c53-06167f40cc99\\8EC4B3A5-6868-48c2-BE75-4F3044BE88A7
-403714658	Antispy Rules Auto Update
-403502179	встроенный-режим
-402573922	HKLM\\Software\\Policies\\Microsoft\\Windows\\Maps!AutoDownloadAndUpdateMapData
-402524730	GlobalError1
-402291847	Об'єкт, відмічений жовтим кольором
-401848473	OptWaitCompress
-401788755	AgreementText
-401684298	Не закривайте програму до появи повідомлення про успішне завершення.
-401509753	checkboxcleaner5
-401207124	Der angegebene Aktivierungscode stimmt nicht mit der angegebenen E-Mail-Adresse überein.\r\n\r\nWeiter zur Zahlung?
-401118746	Exportierte Dateiendung wurde neben Win 10 Tweaker gespeichert
-400833887	_monitor1
-399979691	Freezeexe
-399249038	serv16
-399130689	Я не користуюся оновленнями Windows, всі компоненти ставлю сам
-398778477	Pro version has been successfully activated!\r\nThe program will be restarted.
-398074053	ImportFileDialog
-396912292	Directory
-396432930	\\
-394582685	Since you are a Desktop user and you have an SSD drive, you can free a huge space on the system drive by removing the hibernation file (Sleep Mode) by clicking Apply.
-393752241	Цей пункт видалить (приховає) з\r\n"Цей ПК":\r\n\r\n• Відео\r\n• Документи\r\n• Завантаження\r\n• Зображення\r\n• Музика\r\n• Робочий стіл
-393116847	\\AppData\\Roaming\\Origin\\ConsolidatedCache
-392724349	Правило успішно видалено
-391588844	\\Installer\\setup.exe" --uninstall --delete-profile --system-level --verbose-logging --force-uninstall
-390610022	Не удалось создать резервную копию состояния из-за явно устаревшей версии .NET Framework на вашем компьютере. Пожалуйста, обновите .NET Framework, чтобы вернуться.
-389743771	Запомнить выбор установленных галочек в Очистке
-389242316	 (
-389234225	\n\n
-388327841	Paint_
-387580894	Windows\\Microsoft.NET\\Framework
-387334918	InvisPanel
-386708743	Check52
-386440631	verbunden–
-386139082	Удаление папок из «Этот компьютер»
-385873557	центр-обеспечения-безопасности
-385652107	Додає до контекстного меню Комп'ютера наступні посилання:\r\n\r\n• Адміністрування\r\n• Безпечний режим\r\n• Диспетчер пристроїв\r\n• Панель управління\r\n• Програми та засоби\r\n• Редактор групової політики\r\n• Редактор реєстру\r\n• Служби\r\n• Керування дисками
-385546982	Win 10 Tweaker может включить скрытую в Windows схему электропитания, которая позволит работать вашему процессору без искусственных ограничений.
-384800508	confidentiality4
-384592809	MSIextract
-384385221	DisableInventory
-384205519	.png
-383950493	\\Explorer\\CommandStore\\shell\\ControlPanel
-382446736	OptFreeUp1
-382351069	vmickvpexchange
-381388008	Удаление всех существующих системных отчётов
-381076120	Product
-380817436	Wenn Sie kein lokales Netzwerk verwenden, können Sie mit diesem Tweak sofort eine Vielzahl von Diensten deaktivieren, die regelmäßig im Hintergrund funktionieren.
-380314344	I don't use corporate Windows management tools
-380216539	ToggleEnabled
-380034208	За допомогою цього твіку ви зможете зробити папки синіми замість жовтих.
-379357308	C:\\Temp
-379201502	\\Run
-379065007	Fügt Punkt «System Ordner Anzeigen/Ausblenden» ein
-378747671	Завантажити на Upload.ee
-377733584	Switcher disabled
-377244173	Copied
-377197267	(update beta)
-376903588	contextmenu2
-376857406	System17
-376429523	checkboxcleaner1
-375306093	SuperButtonFreeze
-375098100	ServNetFramework
-374786542	{0} {1} / {2}
-374281677	Материнская плата:
-373835082	PersonalTTL
-373676685	" buyknow
-373384173	29
-373036462	WiFiDriverIHVSessionRepro
-371652726	DarkSkin
-369058938	Disk&
-368607049	OptFreeUp2
-368320410	Control Panel\\Accessibility\\StickyKeys
-365781233	Відключення всіх типів синхронізацій Windows
-365326917	Zugriff verweigert
-365076809	x16
-364816103	Disable Memory diagnostics
-364706265	powershell -windowstyle hidden -command "Add-Type -AssemblyName System.Windows.Forms; [System.Windows.Forms.Clipboard]::SetImage([System.Drawing.Image]::FromFile('%1'))"
-363541811	ie4uinit-cleariconcache.log
-362858412	/english /online /get-drivers
-362527225	Zeigen Sie mit der Maus auf ein Objekt, um eine detaillierte Beschreibung zu erhalten.
-362203337	Dieser Ordner leeren
-361869061	tip4
-361759613	windows-update-medic-service
-360203703	docxfile\\
-359314212	checkBoxCleaner1
-359301982	\\SystemLog.dat
-359301168	serv29
-358771528	PersonalDelayedAuto
-358530104	\\"
-358309479	Russian
-358116964	Export Tweaks
-357901206	UptimeMinutes
-357453786	Fax
-356193631	Interface17
-355980955	OptPleaseWaitCleaner
-355742400	Check43
-355577684	SOFTWARE\\Classes\\.contact\\ShellNew
-354955490	Environment
-354941200	\\Microsoft\\CLR_v4.0_32\\UsageLogs
-354058376	Disabling detection of user location
-353664732	Win 10 Tweaker виявив, що у вас є FastStone Capture. Можна зробити його редактором зображень за замовчуванням для пункту Редагувати на зображеннях.
-353610008	checkboxcleaner14
-352781677	Whether you disable any security option, you'll get constantly notification at taskbar. This tweak disables these notifications.
-352304738	Buy Pro
-352292266	SOFTWARE\\Classes\\.contact\\ShellNew
-351430027	netsh advfirewall firewall add rule name="Win 10 Tweaker – Cortana 🔎" dir=out action=block program="
-351192904	You have a powerful enough PC to increase the size of your image preview cache. This way the cache will not be overwritten too often (damage the HDD / SSD).
-350648677	LongPathsEnabled
-350454493	Win 10 Tweaker kann ein verstecktes Stromversorgungsschema in Windows aktivieren, mit dem Ihr Prozessor ohne künstliche Einschränkungen ausgeführt werden kann.
-349266572	\\\\
-349141907	CleanerException3
-347972758	\\ControlPanel
-347704782	Додати пункт «Дозволити/Заборонити доступ в інтернет»
-347126189	System11
-347093825	\\Microsoft\\Windows\\Fonts\\Roboto Mono Light.ttf" /q /f && del "
-346430771	I don't use a scanner, neither virtual, nor networked, nor local
-346384501	FlagDeutsch
-346288734	Хотите удалить без возможности восстановления?\r\n\r\nЕсли нажмёте Да, приложение будет удалено навсегда.\r\nЕсли нажмёте Нет, приложение можно будет вернуть.
-345518276	Reset
-345395160	Не рекомендуется запускать несколько копий программы одновременно
-345374135	USB:
-345373036	3D просмотр
-343571337	_acestream_cache_
-343239606	batfile\\
-343218813	Видалення занадто інтуїтивного префікса-постфікса для ярликів.
-342811238	*
-342342512	Наведіть мишу на будь-який пункт, щоб отримати його докладний опис.\r\n\r\nНатискаючи на значок стрілки поруч із чекбоксом, ви відновлюєте системне значення, яке у Windows є почтковим.
-342242886	MenuItem8
-341895175	UserChoice
-341842457	Check36
-341742472	Feedback_text
-341462180	windowsdefender;
-341310578	hat die fehlenden Bibliotheken von DirectX gefunden. Wenn Sie sie herunterladen möchten, klicken Sie einfach auf diese Benachrichtigung.
-340832216	Заменить
-340462026	\\Explorer\\StartupApproved\\Run
-340040758	regedit.exe
-338839881	Clear RAM
-338765776	HeaderPanel
-338505411	\\command
-338287605	PushToInstall
-338133876	RestoreSystem5
-337431033	Контекстное меню
-335053910	DisplayName
-334692224	Этот твик отключает диагностику оперативной памяти вашего компьютера.
-333412296	Якщо ви застосуєте цю рекомендацію, відключивши процес смайликів у Windows, час роботи вашого ноутбука, а також якість роботи відеокарти збільшаться.
-333202400	OptSure
-333020055	SystemFileAssociations\\Directory.Audio\\shellex\\ContextMenuHandlers\\WMPShopMusic
-332621002	:F
-330159804	RestoreContextMenu7
-329627786	AcceptedPrivacyPolicy
-329509369	OptTip5
-329197011	Я не использую беспроводные, а также дополнительные мониторы
-328936837	Відео
-327817492	Software\\Classes\\Local Settings\\
-326333835	The broken shortcut has been detected:
-325983170	Interface11
-325958897	Superexe
-325900469	Interface9
-325663156	dllfile\\shell\\runas\\command
-325107543	confidentiality12
-324530725	OptFreeUp2
-324246199	PersonalConcentration
-324141016	Персональні рекомендації
-323143980	DiagLog
-322923773	\\Explorer\\UserAssist\\{F4E57C4B-2036-45F0-A9AB-443BCFE33D9F}\\Count
-322613526	Перетащите объекты\r\nСюда
-321282103	{0} {1}
-320888459	PersonalStorage
-320731802	OptWait
-320699438	Solitaire_text
-320691347	Исправить настройки Блокнота
-320239589	Upload.ee
-319696870	MenuLabel8
-319196456	Skype
-318827045	Serv13
-317854509	Wenn Sie einen Laptop haben, möchten Sie möglicherweise Windows Hello verwenden und sich mit Ihrem Fingerabdruck / Ihrer Gesichtserkennung anmelden. Wenn nicht, können Sie sicher es deaktivieren.
-317717668	ConnectedSearchUseWeb
-317145136	У меня уже есть Pro
-317128404	AboutActivatePro
-316692748	Geben Sie das Verzeichnis an, in denen den Ordner mit den Treibern hingesetzt wird:
-316441771	RestoreInterface4
-316129413	SOFTWARE\\Microsoft\\Windows\\CurrentVersion\\Themes\\Personalize
-315407615	linkmenu2
-315213431	schtasks /change /TN "
-314830203	SeaSkin
-314285126	\\Default\\Session Storage
-313988191	Очищать автоматически...
-313605916	ReacivationQT0
-312418941	LeftMenu5
-311788035	Adding files context menu item, that grants ability to upload them on Upload.ee and copy the direct link to clipboard.
-311254302	SharedRealitySvc
-310906591	XboxNetApiSvc
-310904968	Confidentiality8
-310524376	AboutHeader2
-310099610	UnistoreSvc
-309049547	Unable to open local machine GPO
-308820325	SysNoBrowser
-308314093	BlockerMenu
-306653236	управление-приложениями
-306636555	Control Panel\\Desktop
-305690926	@%SystemRoot%\\System32\\display.dll,-4
-304647793	Видеокарта:
-303505006	ContextMenu11
-303229978	Do you want to disable these services?
-302965633	Win 10 Tweaker – Антишпигун 🕵
-302361090	WindowsMaps_text
-302311320	Memory was released with:
-302194367	CleanerException1
-301926255	Max Cached Icons
-301325754	Удалить мусорные пункты контекстного меню
-301123479	RestoreSystem4
-300420062	This tweak makes scrollbar in explorer and programs by 17% thinner.
-300377757	*.lnk
-300187655	DirectXIsMissing
-300039045	Warten Sie, die Suche nach Duplikaten läuft...
-299779839	TipVirusTotal
-299432128	Confidentiality14
-299289416	Застосуйте конфігурацію, при якій ваш провайдер не зможе відстежувати витрати вашого мобільного трафіку на ПК. Таким чином, ви перестанете оплачувати вихід із ліміту.
-298041582	\\NVIDIA Corporation\\umdlogs
-297943780	8
-297736548	Якщо у вас немає принтера – вам не потрібні служби друку.
-297665719	Registry Editor
-297075575	crash
-296760838	RestoreConfidentiality2
-296107721	Serv27
-296001567	SettingsItemlabel09
-295847838	(Nach Updates prüfen)
-295839747	Es löscht die Computernutzungsprotokolle in der Registrierung, löscht ungültige Einträge, Registrierungsfehler und repariert Klassen und Erweiterungen. Alle diese Vorgänge reduzieren die Größe der Registrierung und beschleunigen den Computer, da nicht bedeutungslose Daten nicht gelesen werden.
-295773959	Ускорение появления превью на панели задач
-293962128	OneNote_
-293673744	AboutDonate2
-293441716	WrongEmail
-293215654	Reinigung des Windows Update-Caches
-292907424	По умолчанию Windows отключает экран после 10 минут бездействия. Если вам это не подходит и вы не хотите, чтобы экран постоянно выключался, примените данную рекомендацию.
-292519534	PersonalDoNothing
-292143091	Tipps und Warnungen zurücksetzen
-291713305	regedit.exe
-291202294	ServNoChoice2
-291168676	Skype_text
-291097169	Are you sure that you want to move this file to the Recycle Bin?
-290620743	(changelog)
-290588379	serv16
-290467014	Якщо ви не використовуєте VPN-клієнти на своєму комп'ютері, вам не потрібні зайві служби. Відключення служб не завадить таким браузерам як Opera та Tor, працювати з їх вбудованими нібито «VPN - з'єднаннями».
-288433173	Файли .nfo відкриваються в Windows як файли даних про систему. Даний твік дозволить відкривати .nfo Блокнотом, щоб ви змогли прочитати реальну інформацію всередині файлу. Невідомі типи файлів можна буде відкривати Блокнотом за допомогою контекстного меню «Редагувати».
-287418196	Check7
-286923567	\\MusNotifyIcon.exe
-286681400	ttcfile\\
-286414481	\\Intel
-285856406	BluetoothUserService_
-285519639	CleanerSavedMarks
-285385557	Додати на Робочий стіл значок Комп'ютер, а не ярлик
-285178825	Don't show this message again
-284268408	SpecifyDriversDirectory
-284230348	Згорнути в трей
-283729496	PersonalHiberfilError
-283603019	Wiederherstellung der früheren Ordnerfenster bei der Anmeldung
-283567676	has discovered the missing components of DirectX. To download them just click on this notification.
-283481120	Я не використовую факс, ні віртуальний, ні мережевий, ні локальний
-282584384	checkboxcleaner4
-282186013	/c chcp 65001 & cls & compact /compactos:query
-281961968	_usb
-281665665	Upload on Upload.ee
-281614257	del
-281082845	LastKey
-280935670	DarkSkin
-280676407	EnterYourEmail
-280158462	Отправить (поделиться)
-280118007	AboutFeatures
-279918007	\\Macromedia\\Flash Player\\NativeCache
-278781649	Wiederherstellung
-278389127	ProxyBypass
-278203034	{0}\n{1}
-277006014	Сильное
-275745475	MBSize
-275592772	Removing all temporary files in all temporary directories
-275563177	Create Restart and Refresh shortcuts on Desktop
-275342565	Документ у форматі RTF
-275222067	\\ModemLogs
-274828423	StartupConfirm1
-274712910	Добавить Проверку на вирусы в контекстное меню файлов
-273951721	Так як у вас не ноутбук, але при цьому ви володієте SSD диском, можна виграти пристойне місце на системному розділі, видаливши файл гібернації (режим сну), натиснувши Застосувати.
-273909416	ExportDrivers
-273867111	tip5
-273409002	Check64
-273103356	Если вы закроете это окно, операция продолжится в фоновом режиме. К слову, программа не зависла и всё ещё работает.\r\nВсё равно закрыть?
-272268460	SysInfo7
-272206620	KBSize
-272170861	\\Intel
-271499620	Check64
-271383570	із автозавантаження?
-271019028	Check61
-270194993	Очистить кеш установок Windows.
-269943597	\\command
-269639509	EmailOkIdNot
-269389173	cmd.exe
-268988328	Готово
-268832522	fWrap
-268119462	reupload
-267862118	OptTip6
-267302907	OptCloseConfirm
-267163098	Shift5
-266857692	RemoveAllTweaksQ
-266151387	Software\\Classes\\MSInfoFile
-265443162	SOFTWARE\\Policies\\Microsoft\\Windows\\Explorer
-265333714	.wrl
-264408117	\\Application
-264274902	Blockexe
-264271012	Disabling data collection for installed applications
-264186402	Виявлено дублікати драйверів.\r\nВидалити їх перед експортом?
-264070696	Импорт твиков
-263636009	Некоторые объекты, при нажатии на них, навсегда удаляются\r\nиз Автозагрузки (потребуется подтверждение)
-262545351	Збільшення кешу файлової системи дозволить Windows не звертатися так часто до цієї самої файлової системи, дозволяючи обробляти все в оперативній пам'яті.\r\n\r\nЯкщо у вас більше 4 ГБ оперативної пам'яті і, особливо, якщо у вас SSD, рекомендується використати цей твік.
-261979470	события-неподвижных-изображений-wiarpc
-261596104	FontSize
-260752414	OneSyncSvc
-260631049	serv1
-260507547	People_text
-260267961	Scan-Ergebnisse
-259852043	cmd.exe
-259653265	ServAppsNotVisited1
-259047807	Подождите, идёт построение списка...
-258983079	HvHost
-258970737	Додає пункт, що дозволяє створювати символічні посилання на файли та папки. Працює тільки при відключеному Контролі облікових записів.
-258853623	checkboxcleaner17
-258732698	rstrui
-258262421	и папки
-258164917	StartupShortcut3
-257238017	SOFTWARE\\Microsoft\\Windows Photo Viewer\\Capabilities\\FileAssociations
-255895011	_gpu
-255270295	3
-253682786	AboutButton
-253254658	dism /online /set-reservedstoragestate /state:enabled
-253058070	BlockexeErrorSyntax
-251921921	Deutsch
-251683669	Logout;
-250704847	System3
-250612779	Когда вы отключаете что-нибудь, связанное с безопасностью или защитой, вы постоянно будете получать об этом уведомление. Данный твик отключит раздражающие уведомления о безопасности от Центра уведомлений.
-249930251	506
-249867686	-
-249163262	-command 
-249058137	Прискорення появи прев'ю на панелі завдань
-248945232	Check56
-248874224	Резервная точка системы успешно создана.
-248286159	interface1
-248253795	Viewer_
-246426382	serv9
-244957855	YouNeedAPI
-244269371	Paint_
-244077591	OSDFileURL
-243148065	Check42
-242878527	Shade
-241127909	Застосуванням цієї рекомендації ви можете повернути розширене контекстне меню, щоб воно розкривалося відразу, без додаткових рухів.
-240816494	PleaseWaitVT
-240407198	Server
-240016349	NormalReboot
-239638730	Personal recommendations
-238439301	checkboxcleaner10
-238400589	FirewallName
-238142789	Here you can apply a configuration, when pressing Shift five times will not interfere with its notification and sticking of this very Shift.
-238129139	StartupOpenDialog
-237705167	\\Display
-237492147	{0} / {1}
-237259952	WinRM
-236657216	taskkill /f /im 
-235869108	vmickvpexchange
-234204298	There is not enough space on the system drive to restore the hibernation file.
-233998312	Можливості Pro-версії:\r\n• Оптимізація системи (Стиснення, Очищення, Заміна дублікатів)\r\n• Очищення та Оптимізація по ключам /clean /kill /widget /tray\r\n• Експорт та Імпорт налаштувань (включаючи тихий імпорт)\r\n• Експорт та Імпорт драйверів (включаючи список програм)\r\n• Експорт та Імпорт розширень (на чисту Windows)\r\n• Персональні рекомендації (прискорення, фікси, лікування)\r\n• Спостереження за актуальністю API для користувача\r\n• Перевірка файлів на віруси та багато-багато іншого
-233782842	Microsoft\\Windows\\CurrentVersion\\Uninstall
-232475418	Extends the "Personalize" item in the Desktop context menu, by adding:\r\n\r\n• Windows settings\r\n• Display settings\r\n• Personalize\r\n• God Mode\r\n• Logout\r\n• Reboot\r\n• Shutdown
-232441696	Імпорт драйверів
-231989147	system6
-231973532	Редактор групової політики
-229470501	linkmenu3
-228511978	Очищення та ремонт системного реєстру
-227871755	OptHour
-227573774	/supertoken
-227510303	ControlPanelPage
-227478007	Поясняющие видео по программе
-227079426	Alle Anwendungen wiedererstellen
-226742804	muiverb
-224742356	LeftMenu10
-224435198	удаленный-реестр
-223841008	Цей твік відключає непотрібні для більшості протоколи Teredo,\r\nISATAP і IPv6.\r\n\r\nНе рекомендується використовувати цей твік на робочому комп'ютері\r\n(в організаціях).
-222159601	CLSID\\{F02C1A0D-BE21-4350-88B0-7367FC96EF3C}\\ShellFolder
-221406070	HKLM\\SOFTWARE\\Policies\\Microsoft\\Windows\\Windows Search!ConnectedSearchUseWeb
-220707937	Confidentiality7
-220252500	YouTube
-219624195	checkboxcleaner13
-219525151	segoeuii.ttf
-219178980	Uncheck All
-219140389	из автозагрузки?
-218426465	contextmenu4
-218384415	Run
-218288374	PanelOffer
-217760870	explorer shell:::{ED7BA470-8E54-465E-825C-99712043E01C}
-216713223	Check5
-216299274	I don't use passwords when logging in to my Windows account
-215896878	The drivers have been successfully installed.
-214428554	RestoreSystem2
-214116196	API Key
-214018514	InstalledPrograms
-213570129	serv3
-213469259	.box { padding: 20px; border-radius: 5px; box-shadow: 0 0 23px #d8d8d8; line-height: 1.4; background-color: white; } .programs, a { font-size: 18; text-decoration: none; color: #175d8e;  } .copyright { text-align: center; color: #175d8e; font-size: 12; } a:hover { background: #175d8e -webkit-linear-gradient(right, #175d8e 0%, #70b2e0 50%, #175d8e 100%);
-213117916	Нормальний колір поп-ап підказки
-212658774	Times New Roman
-212398600	wscript C:\\Windows\\SafeMode.vbs safemode
-211429491	checkBoxCleaner2
-211389036	CursorType
-211348581	Початково Windows відключає екран після 10 хвилин бездіяльності. Якщо вам це не підходить і ви не хочете, щоб екран постійно вимикався, застосуйте цю рекомендацію.
-210675705	SystemValueRestored
-209899736	Показати/Приховати системні папки
-209345568	Motherboard:
-208598120	Serv6
-208598037	Імпортувати розширення?
-207225571	Interface6
-206924485	RestoreContextMenu14
-206911591	system17
-206723972	LogoutItem
-204477614	YouTubeMainLabel1
-204222695	interface16
-203860566	UptimeMinutes
-203730479	\\DefaultIcon
-203086770	serv23
-202582816	MessagingService_
-202293844	Replaced duplicates:
-202196340	LeftMenu7
-202145999	Interface9
-201751125	RestrictImplicitTextCollection
-201049344	TMP
-200707992	sc config seclogon start= disabled
-200589976	\\Microsoft\\Windows\\Notifications
-200122968	Sie müssen PC neu starten
-199955718	Aktenkoffer
-199596415	WindowsStore_del
-199116965	PersonalFolderCMD
-198992925	HKLM\\Software\\Policies\\Microsoft\\Windows NT\\CurrentVersion\\Software Protection Platform!NoGenTicket
-198971327	Local Group Policy Editor
-198816734	serv14
-198627598	PersonalMSI
-198266454	serv22
-198185938	Копировать всё
-197977317	Check55
-197331448	Viewer_text
-197011979	HKLM\\Software\\Policies\\Microsoft\\Windows\\WindowsUpdate\\AU!**del.ScheduledInstallFirstWeek
-196754235	CleanerException1
-196484369	'
-196463344	System14
-196174207	Цей твік дозволить запам'ятати вигляд відкритих папок, щоб відновити їх після Виходу або Перезавантаження.
-195562113	Я не использую биометрию (сканер отпечатков, распознавание лиц)
-195537840	McpManagementService
-195521658	Default=Profiles/
-195367929	Kein Netzzugang
-195301583	StartupShortcut3
-195004807	gelöscht
-192863342	AllowExperimentation
-192651428	Додати пункти в контекстне меню Створити
-192357737	Вкажіть директорію, в яку буде поміщена папка з драйверами:
-192042400	SHELL32.dll,4
-190885814	\n\n
-190491674	Разовий доступ (необхідний, щоб отримати права на каталоги зі сміттям)
-190262199	ConsentPromptBehaviorAdmin
-190012446	\\CrashRpt
-189639953	Удаление «Объёмные объекты» из проводника
-189182616	Заощаджено
-189132889	Serv23
-188872454	ContextMenu1
-188468591	AcceptedPrivacyPolicy
-188331044	panelmenu2
-188290877	Режим Бога
-187773756	Ram60
-186565810	ContextMenu8
-185899608	Directory\\shell\\EmptyThisFolder\\command
-184986558	Check76
-184170567	Чтобы проверить сразу несколько файлов, упакуйте их в один архив.
-184155547	Superform
-183725352	SuperButtonBlock
-183572649	Cleaned1
-183039221	\\Rebofresh.vbs
-182021225	Перейти на сайт программы
-181376928	:\\\\
-181292141	SysLastShutdown
-180866277	\\OneDriveSetup.exe /uninstall
-180849696	PolicyAgent
-180534916	Check65
-180098778	This tweak hides from This PC\r\nthese elements:\r\n\r\n• Videos\r\n• Documents\r\n• Downloads\r\n• Pictures\r\n• Music\r\n• Desktop
-180056728	Useless drivers were deleted
-179694735	\\Internet Settings\\ZoneMap
-179260308	google.com
-179107605	taskkill /f /im OneDrive.exe & %systemroot%\\
-178232593	EmailOkIdNot
-177940475	Serv29
-177505788	BrokenShortcutFound1
-177194230	RAM-Tray Reinigung
-176676570	Win 10 Tweaker визначив, що ви відмовилися від Захисника Windows, а також можете виграти пристойне місце на системному диску, повністю видаливши його з системи натисканням Застосувати.
-174627151	windowsupdate
-174370548	\\NVIDIA
-173837849	Ich benötige keine Hintergrund-Computerdiagnose
-172888403	\\System32\\Tasks\\
-172371630	AppsAlreadyRemoved
-171067569	Отключение ведения записи поведения пользователя
-170665037	HKLM\\SOFTWARE\\Policies\\Microsoft\\InputPersonalization!RestrictImplicitInkCollection
-170619785	 /f" type= own type= interact & sc start delusb & sc delete delusb
-169621904	Auto Update
-169188082	HKLM\\Software\\Policies\\Microsoft\\Windows\\AppCompat!DisableInventory
-169110179	system4
-169005811	Check52
-168926482	BackupSuccess
-167886466	PersonalNumLock
-167658478	Add useful items to «This PC» context menu
-167633142	Назад
-167550682	Your Ryzen processor can work at least 3% faster on current Windows 11 if you apply a shutdown of goofy TPM storage.
-167414573	SysInfo5
-167240520	FaceName
-167171843	:
-167145622	Software\\Microsoft\\Windows\\CurrentVersion\\Notifications\\Settings\\QuietHours
-166099784	PerfHost
-165933411	This program runs in all PC accounts.
-165572419	WwanSvc
-165567129	compress2
-165491677	There is strange module in Windows 10, with MS signature, but without any description. Its main objective is  to looking through your user profile for interesting data.\r\n\r\nThis tweak disables such unscrupulous behavior.\r\n\r\nUnfortunately or not, but this also disables the Timeline and Virtual Desktops.
-164564786	Контекстне меню
-163918719	In Ihrem Windows ist das Backup-System- / Wiederherstellungssystem ausgeschnitten.
-163253280	Groove Music
-162062271	Administrative Tools
-161722055	Восстановление
-161705040	Готово
-161695989	3
-161276840	SysInfoMbps
-161039527	Додає пункт, що дозволяє Копіювати в буфер саме зображення, а не файл.
-160717167	\\AppCompatFlags\\Compatibility Assistant\\Store
-160296778	Clean
-160272505	BlockexeSuccessDeleted
-160126867	Ram200
-159885996	OptCleanedUp
-158992100	CLSID
-158342449	serv18
-157762420	служба-assignedaccessmanager
-156596288	Unnötiger Treiber wurde gefunden:
-156411340	discord
-156353687	Очистити пам'ять
-156269472	Перетащите объекты\r\nСюда
-155115546	Clearing Windows installation cache
-154988773	icon
-154292629	OptCanCompress
-154114150	Geben Sie die E-Mail-Adresse ein, an die der Aktivierungscode für diesen Computer gesendet wird, damit Sie Pro version nach der Neuinstallation des Windows oder nach der neue PC-Hardware einbauen, problemlos wiederherstellen können.
-153283576	DevicePasswordLessBuildVersion
-152889471	BlockerList
-152214961	Diese Schaltfläche stellt die ursprüngliche Größe aller Systemdateien wieder her.
-151711869	YouTubeMainLabel2
-151685503	" "%1"
-150939029	Serv29
-149613150	Check43
-149559403	Solitaire_
-149370056	Hier können Sie Objekte sehen, die bei jedem Einschalten des PCs mit Windows ausgeführt werden.\r\n\r\nWenn Sie mit der Maus über den Objekt fahren, wird der vollständige Pfad angezeigt.
-149357162	Ram60
-147973457	checkboxcleaner8
-147799686	FontSize
-147620157	_text
-146439160	Check75
-144294200	\\DiagTrack
-144267580	HeaderCleanerLog
-144172977	If you'd like to enable Local Group Policy Editor\r\non your Windows Home just click this message.
-143001448	MenuItem4
-142603428	Increasing file system cache lets Windows to less use this option, by doing more operations in RAM. If you have more than 4 GB RAM and SSD, it's advised to tweak this.
-142258203	Startup
-141957727	RAMContextMenuMinimize
-141891921	MenuShowDelay
-141481954	\\Windows settings
-139871461	UptimeDays
-139137577	журналы-производительности
-138730824	SysInfoConnected
-138471884	Завершити
-137424879	LeftMenu11
-136744082	SOFTWARE\\Microsoft\\Windows\\CurrentVersion\\Policies\\Explorer
-136566798	contextmenu6
-135623180	Nud1
-134264301	Serv5
-133864417	powrprof.dll
-133861936	RemoveAllTweaksSuccess
-133396253	HKLM\\Software\\Policies\\Microsoft\\Internet Explorer\\SQM!DisableCustomerImprovementProgram
-133014745	Відключення збору та відправки даних рукописного вводу
-132438255	WpnUserService_
-132377091	GetFileHash2
-131581596	Sea Skin
-130863118	\\Crashpad
-130733471	Check34
-130137669	ServNoChoice1
-129830133	Persönliche Empfehlungen
-129800736	dism /online /cleanup-image /startcomponentcleanup
-129409127	{0}\n{1}
-129092420	ApplyButton
-128581646	сетевой-вход-в-систему
-128553931	false
-127669441	null
-127222011	Коли ви відключаєте що-небудь, пов'язане з безпекою або захистом, ви постійно будете отримувати повідомлення про це. Даний твік відключить дратівливі повідомлення про безпеку від Центру підтримки.
-127139925	MenuLabel5
-126760323	Видалення «3D-об'єкти» з провідника
-125442220	Файлы .nfo открываются в Windows как файл данных о системе. Данный твик позволит открывать .nfo Блокнотом, чтобы вы смогли прочесть реальную информацию внутри файла. Неизвестные типы файлов можно будет открывать Блокнотом с помощью контекстного меню «Изменить».\r\n\r\nДля пользователей Pro версии будет найден Notepad++ / Sublime
-125243538	YouTubePic1
-125180463	SOFTWARE\\WOW6432Node\\
-125112353	PersonalDelayedAuto
-125063807	Предварительная настройка Internet Explorer
-125007533	PlayButton
-123286381	Widget
-123262108	Debugger
-122749012	Shift
-122388407	system7
-121484682	\\DirectX.exe
-120715387	OptRestore3
-120638544	shell32.dll,238
-120485207	Debugger
-120267019	Interface2
-119723438	Microsoft.Display
-118582995	Add item «Copy image to clipboard» to images context menu
-118357072	\\AMD\\DxCache
-118216713	Max Cached Icons
-116977734	Я не использую Историю файлов Windows / не знаю что это
-116866998	Дана 32-бітна програма запускається під усіма обліковими записами.
-116782726	NPSMSvc_
-116111949	serv12
-116085730	Подивіться пояснювальне відео по службам Windows\r\nYouTube
-114940666	consentux
-114480161	Software\\Microsoft\\Input\\TIPC
-114463979	pla
-114261704	Якщо ви відключили Захисника Windows і супутні йому приблуди, варто звести нанівець додаткові служби, що працюють у фоновому режимі, безпосередньо не пов'язані з Захисником, але пов'язані з безпекою Windows.
-112674417	imageres.dll,95
-111533681	AboutVersionLabel
-111164151	Хочете додатково відключити ці служби?
-110998128	Personal4096
-110973855	Магазин Windows
-110881758	Подивіться останнє відео з нотатками про розробку\r\nYouTube
-110371225	I don't use wireless or additional monitors
-109916473	Anzahl der gelöschten Kopien und Duplikate:
-109253066	Win 10 Tweaker определил, что вы отказались от Защитника Windows, а также можете выиграть приличное место на системном диске, полностью удалив его из системы нажатием Применить.
-109005864	With this tweak you will:\r\n • Disable Navigation pane\r\n • Show file types extensions\r\n • Open This PC by Win + E\r\n   (instead of Quick Access)\r\n • Show empty drives\r\n • Show folder merge conflicts\r\n • Fix Notepad bugs\r\n   (Enables the simultaneous use\r\n   of the "Word Wrap" and "Status\r\n   Bar" in the native Notepad.)\r\n • Remove character limit in\r\n   explorer path (247 ch.)
-108187455	Check32
-107370457	Перевірити ще раз
-106996937	RAM reinigen
-106287338	System\\CurrentControlSet\\Control\\Windows
-104863048	BlockexeSuccessDeleted
-104450581	YouTubeMiniLabel4
-104398397	\\INF\\setupapi.offline.log
-104320410	SOFTWARE\\
-103936970	TipSystemInfo
-103513507	system13
-103030030	*\\shell\\
-102470868	ServStepsLabel1
-102159707	Confidentiality11
-102029620	MainPanel
-101916814	Deaktivieren den Schnellzugriffsverlauf
-101767012	PersonalFolderCMD
-101717262	Console\\%SystemRoot%_system32_cmd.exe
-99442922	Уменьшение кнопок Закрыть, Свернуть, Развернуть
-98669420	OptUnavailable
-98628965	Check79
-97868510	" /tn "
-96927524	GHz
-96810496	запущений у режимі сумісності з Windows 8.1
-96016169	MainPanel8Line2
-94866744	Советы
-94473100	Apps cannot be restored
-93846694	Viewer_
-93736296	checkBoxCleaner13
-93138378	contextmenu16
-92619531	Communications_text
-92535431	Відключених служб:
-91559716	Recent Command
-91551625	Themes
-90547236	×
-90368006	subcommands
-89366304	Ich verwende keinen Windows-Dateiverlauf / Ich weiß nicht, was es ist
-88387482	Directory
-88098637	HKEY_
-87686871	ReacivationQT0
-86936876	Check61
-86744501	Важливо розуміти:\r\nПевна конфігурація служб може зробити недоступним управління Програмами у відповідній категорії.
-86676096	ExportDrivers
-86567526	HKLM\\Software\\Policies\\Microsoft\\PCHealth\\ErrorReporting\\DW!DWNoFileCollection
-86350857	Betriebssystem:
-85806722	\\Explorer\\CommandStore\\shell\\SafeModeNetwork
-85056415	Ram900
-85007616	HKLM\\SOFTWARE\\Policies\\Microsoft\\Windows\\Windows Search!ConnectedSearchUseWeb
-84823465	<br>
-84751009	DoSvc
-84655404	ApplyButton7
-81949263	SOFTWARE\\Classes\\WMP11.AssocFile.AVI\\shell\\Enqueue
-81093570	Снять лимит с длины путей Проводника
-81040798	Добавляет в контекстное меню программ и ярлыков пункт, позволяющий Разрешать / Запрещать программам доступ в интернет. Если у вас включён Контроль учётных записей (UAC), твик работать не будет.
-80967979	SkySkin
-79423227	Якщо ви закриєте це вікно, операція продовжиться у фоновому режимі. До речі, програма не зависла і все ще працює.\r\nВсе одно закрити?
-79166280	Будильники
-78866913	WMessageBox
-78654208	Очистка системы от устаревших драйверов, дубликатов этих драйверов, а также их резервных копий.
-77485946	checkBoxCleaner15
-77348399	Services configuration remains unchanged.
-76656152	AppData\\Local
-76628202	3D-моделі
-76600953	YouTubeMainLabel2
-76285431	PersonalEdge
-75716611	System12
-75710523	contextmenu9
-75076357	Примените эту конфигурацию, чтобы в вашем ноутбуке не отваливался Wi-Fi. Данный твик предотвратит произвольное отключение Wi-Fi, которое якобы экономит энергию.
-74569886	\\LogFiles\\WMI\\RtBackup
-73291938	RemoveAllAppsDone
-72886530	Version
-72692941	Wenn Sie den Remote-Zugriff verwenden, aber niemandem erlauben, mit Microsoft-Tools auf sich selbst zuzugreifen, sollten Sie die Dienste deaktivieren, indem Sie dieser Tweak aktivieren.\r\n\r\nAnyDesk, TeamViewer und andere werden funktionieren ohne zusätzliche Dienste von Microsoft. Danach wird das VPN jedoch nicht mehr funktionieren.
-72538819	ControlPanel;
-72177941	RemoveAllTweaksQ
-71721990	\\Explorer\\HideDesktopIcons\\NewStartPanel
-71648389	RestoreSystem1
-70923161	Перетащите файл в область сканирования
-69986087	AppInstalled1
-69825836	246 253 255
-69049013	TipSystemInfo
-68583414	ShowCortanaButton
-68477451	\\Applets\\Regedit
-68106826	Der Tweak installiert schwarze Standard-Cursors.
-66926573	Здесь вы можете получить полезную информацию о своём компьютере, а также скопировать нужные данные.
-66872028	PrintWorkflowUserSvc
-66869936	true
-65622691	contextmenu17
-65283917	SOFTWARE\\Classes\\SystemFileAssociations\\Directory.Image\\shell\\Enqueue
-65146961	TextBoxMain
-64954963	ACSettingIndex
-64486267	Нет доступа к сети.\r\nПроверьте подключение к интернету.
-63347448	WindowAlpha
-63290811	Microsoft has developed a new service, that tests new features on users PC. If you don't want to feel yourself like guinea pig, use this tweak.
-63086545	DisplayEnhancementService
-61724189	Снять все галочки
-61610477	HKLM\\Software\\Policies\\Microsoft\\Speech!AllowSpeechModelUpdate
-61448657	(Beta Update)
-60868148	Синтез мови оновлюється у фоні та без вашої згоди. Даний твік відключить цю можливість.
-60380892	ImportSuccessful
-59752141	Export Extensions
-59493229	txtfile\\
-59170791	Make cmd, PowerShell and Context menu less ugly
-59129748	{24ad3ad4-a569-4530-98e1-ab02f9417aa8}
-59001963	MpCmdRun
-58695061	SSDPSRV
-57294734	Fügt ein Element zum Bildkontextmenü hinzu, das das Hochladen von JPG, PNG, GIF, BMP zu Bild-hosting ImgBB.com ermöglicht\r\n\r\nNach dem Hochladen wird der Link in die Zwischenablage kopiert.
-57230847	SOFTWARE\\Microsoft\\Windows\\CurrentVersion\\Uninstall
-56294381	GetFileHash1
-55679614	MenuItem10
-55513251	Start
-55122418	 {0} {1}, 
-55101393	Очистка оперативной памяти и фоновых процессов
-54847863	– не запускається при старті Windows
-54686106	info
-54312869	\\systray.exe
-53995590	checkboxcleaner9
-53957433	Upon reaching 70%
-53859929	confidentiality15
-53378929	system7
-53326745	Відключити настирливе повідомлення про безпеку від Центру підтримки
-51582684	\\Google\\Chrome\\User Data
-51442192	Зберігання даних:
-51075910	~MHz
-50883233	Segoe UI Semibold (TrueType)
-50340514	</Command>
-49289860	StickyNotes_text
-48902475	Möchten Sie alle Apps unwiderruflich deinstallieren?\r\n\r\nWenn Sie Ja klicken, werden alle Anwendungen unwiderruflich gelöscht und können nicht wiederhergestellt werden. Davon profitieren Sie ca. 2 GB freiem Speicherplatz auf Ihre Festplatte.\r\n\r\nWenn Sie Nein klicken, werden die Anwendungen gelöscht, aber kann man sie jedoch jederzeit zurückgeben.
-48834070	interface11
-48016659	interface6
-47469846	ProgramsAndFeatures
-47191089	Wenn Ihr Computer keine Autorisierung über Smartcards verwendet und überhaupt nicht mit Smartcards verbunden ist, aktivieren Sie dieses Kontrollkästchen.\r\n\r\nWenn Sie nicht wissen, was Smartcards sind, dann markieren Sie mit Sicherheit dieses Kontrollkästchen.
-46122680	Dieses 32-Bit-Programm wird mit allen Konten ausgeführt.
-46063862	Ihr Betriebssystem kann möglicherweise komprimiert werden.
-45751190	\\Shell\\3D Edit
-45718826	Header
-45231156	Я не использую ничего от Windows Media
-45208006	\\ConnectedDevicesPlatform
-45101069	HKLM\\SOFTWARE\\Policies\\Microsoft\\InputPersonalization!RestrictImplicitTextCollection
-44046583	SysInfo4
-43763398	Очистить кеш оновлень Windows.
-43425921	Deaktivieren der Sammlung und Versendung von Handschriftdaten
-43292587	Якщо Вам подобається програма, Ви можете купити Мені каву ☕️
-42941079	_Display.Driver
-42898943	SOFTWARE\\Microsoft\\Windows\\Windows Error Reporting
-41722723	Windows Command Script.cmd
-41018299	Необхідний Вихід
-40702110	BlockexeDoesntExists
-40603012	contextmenu16
-40312094	Attributes
-39325680	WPDBusEnum
-38615844	.dll
-38592940	Command Window
-38552485	Укажите директорию, в которую будет помещена папка с драйверами:
-38511030	Network error.\r\nCheck your Internet connection.
-38131067	Der Tweak macht eine Bildlaufleiste in Fenstern und Programmen um 17% dünner.
-36433362	cmd.exe /c sc config windefend start= auto & sc config wscsvc start= auto
-35729906	Serv24
-35216090	contextmenu4
-35019853	рабочая-станция
-34846222	Services Backup
-34688887	CDPSvc
-34568145	With this item, you not only disable the specified functionality, but also block a ton of Microsoft spies at once.
-34540816	UptimeMinutes
-34485617	Well, you've actually received an activation before, but not on this PC. If you don't want to waste your time, just click the No button for proceed to checkout. Neither read carefully information below.\r\n\r\nThe lifetime activation you received is still lifetime for the PC that received it. According the Terms of use, both sides have fulfilled their obligations in full. Instead of purchasing a license for a new PC, you chose "I Already Have". So, you planing to activate different PCs for one payment. To prevent the commercial distribution, you cannot activate multiple devices for 1 purchase. Nobody, including the developer of the program, knows what kind of purpose you are trying to get another activation on another PC. But the developer can assume the case when you bought an activation recently and had to update the hardware. To avoid a double purchasing, if the old PC is no longer need to be activated, the developer offers a loyalty program, where user can simply deactivate the old PC and activate the new one without purchasing. So, we have two options:\r\n\r\n  1. Yes, we deactivate the previous license and activate the new one\r\n  2. No, we keep the previous license and buying a new one
-34152858	Fix video preview
-33608081	Photos_
-33127097	Bottom
-32944826	часов
-32163558	\\Explorer\\AutoplayHandlers
-31892411	Добавить Очистку в контекстное меню Корзины
-30814750	\\3D Objects
-29908085	ImportYesNo
-29867630	темы
-29825565	\\Crashpad\\reports
-29527808	HKLM\\Software\\Policies\\Microsoft\\Windows\\WindowsUpdate\\AU!**del.ScheduledInstallDay
-29227647	LeftMenu6
-28146841	WMessageDontShowAgain
-27934307	Downloads
-27817011	Remove useless items from New context menu
-27263892	Calibri
-26904068	Microsoft schläft Nachts nicht, immer denkt: Gibt es etwas zu diagnostizieren, aber wenn ich es finde?
-26645482	Serv32
-26150958	У вашої Windows видалена система резервного копіювання / відновлення.
-25973512	AboutUpdateBeta
-25448234	Removing all existing system reports
-25305322	RemoveAllAppsPleaseWait
-25207818	Serv10
-25153120	Системная информация
-24906033	Dieser Tweak deaktiviert die schrittweise Protokollierung Ihrer Aktionen, einschließlich:\r\n\r\n• Screenshots\r\n• Tippen\r\n• Start des Programms\r\n• Zugriff auf Web-Kamera auf\r\n  dem gesperrten Bildschirm\r\n  und vieles andere
-24120153	select * from Win32_DiskDrive
-23094875	w10tservs{0}
-23027273	SOFTWARE\\Classes\\SystemFileAssociations\\Directory.Video\\shell\\Play
-22887382	Количество удалённых копий и дубликатов:
-22830745	VirusScanner
-22773841	Taskkill /f /im "
-22402557	/f /im explorer.exe
-22230299	Wenn Sie schon alle Sprachen installiert haben, die Sie auf diesem Computer verwenden, und haben Sie nicht neue hinzuzufügen vor oder alte zu entfernen, können Sie sicher dieser Tweak aktivieren.
-22129734	SysInfo1
-21804495	{0}{1}
-21595570	MSDTC
-21336650	AboutGetPro
-21243188	Fügt zum Kontextmenü der Dateien «nach Viren scannen» hinzu
-21029046	\\Display
-20940045	serv6
-20907759	Вимкніть комплекс заходів для шифрування даних від Microsoft, якщо не користуєтеся шифруванням.\r\n\r\nДля надійного шифрування існують більш надійні та правильні інструменти, ніж те, що пропонує Microsoft.
-20798311	.jpeg
-20590071	@shell32.dll,-51377
-20258989	widget
-19243529	Всі Metro програми видалені.
-19202353	Recorder_del
-18602077	SystemRestore
-18313318	Видаляє з контекстного меню Створити пункти:\r\n\r\n• Точковий рисунок\r\n• Контакт\r\n• Документ у форматі RTF\r\n• Стиснута папка\r\n• Портфель\r\n\r\nПортфель видаляється назавжди.
-18287679	SHELL32.dll,19
-18003391	Контакт
-17443944	Транслювати на пристрій
-17369011	SOFTWARE\\Microsoft\\Windows\\CurrentVersion\\UserProfileEngagement
-16727929	Roboto Mono Light (TrueType)
-15818133	ContextMenu4
-15664404	True
-15321945	Ich verwende keine virtuellen Microsoft-Maschinen
-14907521	StartupForCurrent
-14489239	RefreshLnk
-14034853	PersonalPanelPlate
-13330473	Я не використовую локалізації Windows, крім тих, що вже є
-13135439	Застосування цього твіку зупинить Захисник Windows, видалить його з Автозавантаження, прибере його з контекстного меню, і на десерт вимкне SmartScreen, не даючи запускатися.\r\n\r\nSmartScreen — це такий фільтр, який вирішує за вас — небезпечний ви сайт відвідуєте чи ні.\r\n\r\nЯкщо ви користуєтеся Edge або Магазином Windows, не рекомендується відключати Захисник і SmartScreen.
-13083255	Size
-12279463	Sticky Notes
-12230917	explorer
-11915368	{0} ≈ {1:#.#} {2}\n{3} ping ≈ {4} {5}
-10951667	checkBoxCleaner7
-9751685	OptOldDriversDeleted3
-9671221	imageres.dll,267
-9660621	interface13
-9212253	PersonalTemp
-9203841	\\config\\systemprofile\\AppData\\LocalLow\\Microsoft\\CryptnetUrlCache\\Content
-9018104	\\servicing\\LCU
-8632340	{"scans":
-7908192	OneNote
-7377053	Personal4096
-6963367	NeuralNetworkTrained
-6549132	служба-регистрации-ошибок-windows
-5986209	Confidentiality9
-5248482	ProgrammaticAccessOnly
-4581187	msedge.exe
-3399529	Не вдалося обробити запит через те, що у вашій системі не встановлено основного браузера – спасибі автору збірки Windows. Встановіть у системі основний браузер і подумайте над тим, щоб використовувати оригінальну Windows.
-3181359	Очистка ОЗУ + кэш ОЗУ
-2967208	HardwareInformation.qwMemorySize
-2827625	MinimizeButton
-2356396	Дана програма прописана в «Планувальнику завдань»
251520	ТрейChoice3
790584	PhoneSvc
1110787	Посмотрите, как получить API-ключ для проверки на VirusTotal\r\nEmbed
1151830	ms-settings:personalization-background
1285213	Кликните, чтобы перейти к файлу
1415300	@%SystemRoot%\\system32\\twext.dll,-1024
2098394	"total":(.*?),
2753768	MainPanel6
2863216	icssvc
2924906	За 1 оплату вы активировали уже 2 компьютера.\r\nВ целях защиты от коммерческого распространения, вы не можете больше переактивироваться.\r\n\r\nНеобходимо обновить лицензию.
3609461	Die Regel existiert schon
3847203	ServStepsLabel2
4591064	checkBoxCleaner4
5475954	При досягненні 30%
6152854	NeuralNetworkReady
6272307	Очистит только кэш браузеров. Настройки, куки, история и пароли не затрагиваются.
6465212	ScDeviceEnum
6724413	\\CDPUserSvc
6734356	\\Fonts
6787488	Copy all info
7076625	SysInfo11
7128000	В Windows 8.1 и 10 есть баг, который Microsoft не торопится исправлять. Какое бы вы ни установили время блокировки экрана, сам экран будет гаснуть ровно через минуту. Данный твик добавит в схему электропитания опцию, благодаря которой можно регулировать время, через которое экран будет гаснуть с учётом блокировки самого экрана.
7155362	Система
7323712	restore2
7507963	Jetzt neu starten?
7844124	\\Mail.Ru\\Atom\\User Data
8214743	\\Mozilla\\Firefox\\Profiles\\
10447963	inifile\\
10883712	Stunden
11576494	schtasks /change /tn "\\Microsoft\\Windows\\Windows Defender\\Windows Defender Cache Maintenance" /enable &schtasks /change /tn "\\Microsoft\\Windows\\Windows Defender\\Windows Defender Cleanup" /enable &schtasks /change /tn "\\Microsoft\\Windows\\Windows Defender\\Windows Defender Scheduled Scan" /enable &schtasks /change /tn "\\Microsoft\\Windows\\Windows Defender\\Windows Defender Verification" /enable &schtasks /change /tn "\\Microsoft\\Windows\\ExploitGuard\\ExploitGuard MDM policy Refresh" /enable
11831662	dot3
12394135	Mixed Reality
12418408	DaysLabel
13235400	system3
13332904	The settings are saved next to Win 10 Tweaker.\r\n\r\nThe settings include all tweaks applied on this computer, as well as disabled services.
13547804	C:\\Windows\\System32\\appresolver.dll
13620943	SensorPermissionState
14131106	Добавляет возможность Создать:\r\n\r\n• Сценарий Windows.cmd\r\n• Файл реестра.reg\r\n• Файл сценария VBScript.vbs\r\n\r\nв контекстном меню любой папки, включая Рабочий стол.
14911323	HKLM\\SOFTWARE\\Policies\\Microsoft\\Windows\\Windows Error Reporting!Disabled
15498089	Recheck
15965169	CloseIcon
16512852	При досягненні 50%
17071077	SuperButtonRun
17319839	\\CEF
17502110	fhsvc
17685958	Check3
17726413	COR_ENABLE_PROFILING
18993784	checkBoxCleaner16
19870887	SuperButtonRun
20384401	fAllowToGetHelp
20573506	system10
21120319	PromptOnSecureDesktop
21302590	Портфель
22109468	https://www.google.com/logos/doodles/2018/celebrating-world-cup-2018-champions-france-5252467313868800-2xa.gif
23196238	Стан системи до Win 10 Tweaker
23230941	Ich sammle keine Fehlermeldungen
23509296	WMessageNo
23848844	Schau mal, wie man einen API-Schlüssel \r\nfür die Überprüfung der VirusTotal Embed erhalten kann
24371677	In den Papierkorb verschieben
24459656	Я не потребую фонової діагностики комп'ютера
24786964	Beschleunigen das Erscheinungsbild der Vorschau auf der Taskleisten
25697797	Выключение
25850500	дублікатів можна замінити жорсткими посиланнями:
26490723	VirusTotalFilename
26664860	checkBoxCleaner8
26864364	pfmfile\\
27407798	AboutActivatedPopup
27478657	EnableSmartScreen
27914292	MenuItem5
27920035	SysInfo9
27941060	DriversInstalled
29039746	Confidentiality4
30574744	Settings
31589330	Початково зміна мови здійснюється по Alt + Shift. Цей твік дозволить змінювати розкладку по Ctrl + Shift.
31784001	Interface10
31799580	Add item «Empty this folder» to folder context menu
31921548	Remove drives duplicates
32041205	Geräte-Manager
32109742	BlockexeDenied
32151603	\\NvTelemetryContainer
32482979	*.blf
33438692	{556FF0D6-A1EE-49E5-9FA4-90AE116AD744}
33731338	panelmenu3
33771191	Чисто
33987662	*\\shell\\VirusScanner
34335373	Microsoft XPS
34743426	GodMode
34764451	Sky Skin
35122716	RemoveAllPermanently2
36582413	bthserv
36875145	Dark Skin
37045923	netsh advfirewall firewall delete rule name="%1"
37051323	FriendlyName
38151844	System6
38600212	GetFileHash1
38745218	Hier können Sie jede Anwendung löschen, indem einfach auf ein Kreuz klicken.\r\n\r\nUm eine Anwendung wiederherzustellen, klicken Sie einfach auf das entsprechende Symbol.
38893705	shutdown /r /t 0
38911770	dism
38912108	\\Logout\\command
38951190	Widget
39081277	.NET Framework
39550187	Mein Office
40512980	Accessibility
40638767	HeaderPanel
40673168	cmd.exe /c takeown /f "%1" && icacls "%1" /grant 
40832951	Видалить вміст тимчасових папок, кеш установок Internet Explorer, кеш інсталяцій онлайн-завантажувачів, самі завантажувачі з тимчасових каталогів Internet Explorer, а також ярлики з «Області переходів».
42383829	NeuralNetworkNeed
42400011	Skin
42472830	Enter your e-mail to receive an activation code for this PC, so after reinstalling Windows or updating the hardware, you can easily restore Pro.
42820246	Ram600
43080790	8
43167957	0200
43538127	I don't use Smart cards / idk what it is
44136982	HKLM\\Software\\Policies\\Microsoft\\WindowsMediaPlayer!DisableAutoUpdate
44573738	Восстановить все приложения
45362262	BlockerMenu
46087711	Я не нуждаюсь в фоновой проверке безопасности от Microsoft
46108736	IPShow
46460948	System8
46499966	###
46736136	serv8
47075056	SOFTWARE\\Microsoft\\Windows\\CurrentVersion\\PushNotifications
47270497	P9RdrService_
47605510	OptTip2
47896102	Вручную ничего не нужно сюда вписывать.
48608569	https://win10tweaker.com/Reactivator.php?pcidOnly=
48744227	Останнє сканування:
48936933	<RSAKeyValue><Modulus>v9t0cRkgjLtC0dc9lEKJBhbdi+b4AdHDhTw9fHAi11jwnBRG6leoYuwrHJF415lUdCOIFrwOKlYq3P1+hJHEOYMFFlcT/r8ha0o/b6J22utwnGcxLuilpvHRzjQafjmjnc2EyWXbKW+oxoY7BNNETUP7vm1o1JtwNtp4pi1xo3wUWhUOc76DzWDuHOtu/W0K7KMrkt4bbW0PCopCCyXY4vuhRBzL/ZiC1QV/Ie8QWwvsyx7KT67tX9ag63YN8t6oiJX8U2f1o260pEwLPLWhtxKDf72dI9Z/VFK6i3nlJDkES2hERf1sqQ/oqEu38Dzusx/28pNriPh9iz6ToZKd4Q==</Modulus><Exponent>AQAB</Exponent></RSAKeyValue>
49051014	System6
49136682	OptRadioButton1
49372168	OptDropfiles
51125321	PersonalDefender
51198140	служба-загрузки-изображений-windows-wia
51400415	Версія:
52825775	Recorder_
53556982	LeftMenu11
54673458	Точковий рисунок
55185139	Wenn Sie keinen Scanner haben, dann brauchen Sie keine Scannerdienste.
55428261	YouTubeMiniLabel3
55809839	IconFont
56244526	Serv2
57347896	.lnk
57966827	google
58343851	RemoteAccess
59333109	hide:windowsdefender;
59671186	system3
61024986	SkinPopupDemo
61353591	Clear the system of obsolete drivers, duplicates of these drivers, as well as their backup copies.
61406046	\\imgurUp.exe" "%1"
61749422	Check78
61773695	пользовательская-служба-dvr-bcastdvruserservice
61951697	Informationen zum Autostart sind nicht verfügbar,\r\nweil Schutz auf Ihrem Computer blockiert die Arbeit Win 10 Tweaker.\r\nDeaktivieren Sie Antivirusprogramme oder fügen Sie Win 10 Tweaker \r\nzur Liste der Ausnahmen in Ihrem Antivirusprogramm hinzu.
62275420	Arial
62499964	Відключення прихованого моніторингу системи
62769047	System15
63030551	sShortDate_bak
63543030	\\Microsoft\\Terminal Server Client\\Cache
63862673	Xbox_
64148566	ResetCache
64394131	OptRadioButton4
64815137	Применение этого пункта отключит ClearType (сглаживание шрифтов для слепых), заменит Segoe UI на Tahoma, а в тех случаях, где это невозможно, на MS Sans Serif. Блокнот получит шрифт Verdana.\r\n\r\nЕсли в настройках Дисплея вы делали масштаб больше 100%, Вам будет казаться, что всё слишком мелко. Поэтому любителям масштаба больше 100% не рекомендуется этот твик.
65476660	Check79
65636005	Services Backup
65790385	Check33
66037112	Komprimierung alle System und Programmdateien\r\nauf der Systemfestplatte.
66825996	_drive
66984608	SysInfo3
67011972	BcastDVRUserService_
67057427	NeuralNetworkReady
67409578	Приложения не могут быть восстановлены
67450621	Data
67506601	OptDuring
67857946	checkBoxCleaner2
68306314	*.regtrans-ms
68445094	InterfaceFolder
68713639	Confidentiality11
68833936	У вас самая свежая версия
69510836	AboutActivatedPopup
70292104	Auf dem Startbildschirm fixieren
71619439	confidentiality12
72973599	OptDuring
73071103	DusmSvc
74102403	Русский
75165539	confidentiality15
75572864	Win 10 Tweaker detected that you have ditched Windows Defender and you can also win a decent amount of space on your system drive by completely removing it from the system by clicking Apply.
75895096	Weniger als eine Stunde...
75985012	Removing the history of all connected USB drives
76469600	SOFTWARE\\Classes\\SystemFileAssociations\\audio\\shell\\Enqueue
76677333	0.
77536147	/n, /select, 
77608709	Check38
78543499	OptHour
79079694	SettingsItemlabel06
79580108	ZuneMusic_text
80547734	GetFileHash1
80970952	System17
81139288	EnableExpressiveInputShellHotkey
81325381	DisableNotificationCenter
81511474	DontShowAgain
82432089	На основі вашого вибору засіб інтелектуального аналізу виявив, що додатково можна відключити наступні служби:
82556804	Skin
83287782	Застосовуючи цю конфігурацію, ви відключите відразу комплекс служб-датчиків пристроїв, від яких немає користі, якщо у вас стаціонарний комп'ютер або ноутбук.
83801401	system16
84608388	Fix «Console lock display off timeout» feature
84710322	NetworkError
84791232	I don't use Bluetooth devices (mouse, speakers, headphones)
84855960	Wenn Sie diese Empfehlung anwenden, können Sie das erweiterte Kontextmenü wiederherstellen, sodass es sofort und ohne zusätzliche Gesten geöffnet wird.
85556134	cmd.exe /c reg delete HKEY_CLASSES_ROOT\\CLSID\\{8E74D236-7F35-4720-B138-1FED0B85EA75} /f
85929371	4
85936469	MainPanel11
85971421	checkboxcleaner16
86344272	serv24
86977165	No copies or duplicates
87211620	checkBoxCleaner10
87869973	служба-поддержки-пользователей-bluetooth
88028296	Без змін
88265174	Найсильніше
88499980	"{0}"="{1}"
89085768	служба-хранения-данных-пользователя
89985963	Calibri
90215412	serv6
91499786	Please wait...
91675101	Разморозить
93258221	ServCancel
93878564	DPS
96527182	WrongEmailPcid
97079485	Сам об'єкт:
97389347	You can free up PC resources by disabling error-collecting and processing services.
97998735	\\InputSwitch.dll
98398807	\\config\\systemprofile\\AppData\\Local\\Microsoft\\CLR_v4.0\\UsageLogs
100122666	OneSyncSvc_
100144808	checkBoxCleaner12
100259552	Готовченко
100632789	R.I.P.
100973139	Compression is in progress:
102646402	[HKEY_LOCAL_MACHINE\\
102668843	Serv7
103160255	SOFTWARE\\Classes\\SystemFileAssociations\\Directory.Audio\\shell\\Play
103392623	Спільний доступ
105258808	sc stop DiagTrack & sc delete DiagTrack & sc stop diagsvc & sc delete diagsvc & sc stop dmwappushservice & sc delete dmwappushservice
105812886	SOFTWARE\\Microsoft\\Input\\Settings
105829068	SuperButtonUnblock
105942342	Show all tray icons
107606494	*.log_backup1
107801529	See how to get an API key to check on VirusTotal\r\nEmbed
107808769	Beschleunigen das Windows-Start und Programmen aus dem Autostart
108160604	Будь ласка, вкажіть пошту,\r\nна яку ви отримували активацію.
108243974	serv28
108970153	hide:windowsupdate;
108973058	ServAI
109383920	,
110033161	Примените авторскую конфигурацию, чтобы сделать минимальными размер и количество отчётов, генерируемых системой. Это значительно продлит срок службы вашего HDD / SSD.
110385762	Wenn Sie Bluetooth nicht verwenden oder haben Sie es nicht verwenden vor, dann brauchen Sie keine Bluetooth-Dienste.
110815313	Abgesicherter Modus
111758228	ConflictFix
113201910	0D3455
113470022	Service
113710612	VirusTotalSelectFiles
114829472	Deiser Tweak kann:\r\n • "Navigationsbereiche" deaktivieren\r\n • Erweiterungen anzeigen\r\n • "Computer" öffnen mit Win + E\r\n    (statt "Schnellzugriff")\r\n • Leere Festplatten anzeigen\r\n • Ordnerkonflikte anzeigen\r\n • Textdokuments Bugx korrigieren\r\n    (beinhaltet die Möglichkeit,\r\n    die gleichzeitige Übertragung\r\n    von Zeilen und Statusleiste\r\n    zu verwenden)\r\n • Entfernt das Limit(247 Symbole)\r\n    von Pfadelängen im Explorer
115521256	Nutzungsvertrag
115751494	Додати Перевірку на віруси в контекстне меню файлів
116208831	confidentiality5
116534079	interface17
117120002	Freezeexe
117146550	.ply
117693355	HKEY_CURRENT_USER\\SOFTWARE\\Microsoft\\Windows\\CurrentVersion\\Run
118135808	|*.exe;*.lnk;*.cmd;*.bat;*.vbs
118510846	WSearch
119131652	Treiber importieren
121720719	" action=block dir=out remoteip=
121736901	Панель управління
121891486	RAMContextMenuClear
121954561	Пошук дублікатів файлів та їх заміна жорсткими посиланнями. Безпечно для будь-яких типів: JPG, MP3 та подібних, однак, замінюючи програмні файли, ви ризикуєте зробити програму непрацездатною.
122053906	Очищення ОЗП
122488370	Preconfigure Internet Explorer
122638907	Диктофон
123003449	Cleaned2
123425326	Paint 3D
123426484	hex(2):
123595237	checkboxcleaner6
123603328	(zur Beta übergehen)
123668056	Hier können Sie Windows-Dienste konfigurieren je nach der Verwendung Ihres Computers.\r\n\r\nNach dem Abschluss der Konfiguration klicken Sie auf Anwenden-Taste.\r\n\r\nSie können den Status der Dienste jederzeit zum vorherigen Zustand zurücksetzen.
123833697	CredentialEnrollmentManagerUserSvc
124193983	{0}\\{1} ➜ {2}>1000
124588245	.jfif
124672140	WindowsAlarms_text
125019851	Check33
125334719	служба-истории-файлов
125450129	Information for laptop
126980178	WEPHOSTSVC
127242954	.vbs
127574141	Отключение сбора данных об установленных приложениях
128261351	Если вы не используете геймпады от Microsoft и не имеете ничего общего с Xbox, можете спокойно отметить этот пункт.
128344258	_bak
128741422	NeuralNetworkTryLater
128964716	Dieser Tweak merkt sich das Erscheinungsbild geöffneter Ordner, um sie nach dem Beenden oder Neustart wiederherzustellen.
129927509	DaysLabel
130176149	1806
130528028	HKLM\\Software\\Policies\\Microsoft\\Speech!AllowSpeechModelUpdate
130570333	Wenn Sie dieses Kontrollkästchen aktivieren, verlängern Sie die Lebensdauer Ihrer Festplatte / SSD gegen die gnadenlose Indizierung des Suchdienstes.\r\n\r\nWenn Sie jedoch den Verlauf einzelner Dateien verwenden, um sie zurückzusetzen, lassen Sie dieser Tweak in Ruhe.\r\n\r\nEs wird empfohlen, dieser Tweak aktivieren, um die Lebensdauer der Festplatte / SSD zu verlängern.
130680731	SystemValueRestored
131017374	\\wbem\\Logs
131278649	Твик отключит:\r\n • Запрос на SmartScreen\r\n • Запрос на преднастройки\r\n • Новости об Алле Пугачёвой\r\n • Первое приветствие\r\n\r\nСделает домашней страницей Google и заменит поиск Bing на Google в адресной строке и Поиске.
132450003	Schließen Sie das Programm erst, wenn die Erfolgsmeldung angezeigt wird.
133004310	{0}.#0 MB
133191596	_cpu
133858076	FontFace
134157841	days
134770769	CopyAll
135048271	WMessageOK
135188080	Даний твік дозволяє:\r\n • Відключити Область переходів\r\n • Відображати розширення\r\n • Відкривати Комп'ютер по Win + E\r\n    (замість Швидкого доступу)\r\n • Відображати порожні диски\r\n • Відображати конфлікти папок\r\n • Виправити косяки Блокнота\r\n   (включає можливість одночасного\r\n   використання перенесення рядків\r\n   та рядка стану)\r\n • Зняти ліміт (247 символів) із\r\n   довжини шляхів у Провіднику
135888776	Komprimierung (WinSxS) von alten Updates und Kopien den Komponenten. Beeinflusst nicht auf aktuelle Updates.
136316491	c1d3db
136742079	Зменшення кнопок Закрити, Згорнути, Розгорнути
137216111	\\XblGameSave
137439943	Hidden / silent keys Win 10 Tweaker
137636643	Restore System State
137970914	UptimeHours
139284613	Я не использую Виртуальные рабочие столы, Ночной свет, Ваш телефон
139318307	RemoveAllTweaksSuccess
139333159	ChangeLog
139462615	Tweaks importieren
140348299	People_del
141068775	Цей пункт дозволить прибрати стрілки з ярликів. Щоб побачити зміни, необхідний Вихід.
141094403	1
143192233	Если вам дано понять, что не счётчиками измеряется производительность, а опытом использования, смело отмечайте этот пакет.
143502395	OptRadioButton3
144400345	Сміттєві драйвери видалені
144516981	RestoreConfidentiality17
144584527	.vbs
144616891	*.etl
144673528	There are 2 items needed, to show you AD. 1) Your unique ID, that corresponds the type of AD. 2) AD itself. This tweak deletes your ID and ability for showing AD as well.
144764887	OptRadioButton3
144770620	PnPCapabilities
145187089	All extensions are successfully integrated with Windows
145431655	Segoe UI (TrueType)
145869617	HKLM\\Software\\Policies\\Microsoft\\Windows\\WindowsUpdate\\AU!**del.ScheduledInstallThirdWeek
146175023	Параметры Windows
146386226	SteamPath
146717742	LangPanel
146795587	zzz
147318865	SettingsHeader
148832838	Serv16
149847141	{0}\\{1} ➜ {2}>1000
151480957	Враховуючи, що у вас ноутбук, можливо, ви захочете використовувати Windows Hello і авторизовуватися по відбитку пальця / розпізнаванню обличчя. Якщо ні, сміливо обирайте для відключення.
152443750	\\SystemResources\\imageres.dll.mun
152547296	application/x-www-form-urlencoded
153120650	ServNoChoice2
154494468	StartupBottomTip
154854904	compress3
154909755	Incorrect process name.\r\nCorrect example: firefox.exe
155124885	{0}>{1}
155410517	Данный объект находится в службах
157438314	Доступна нова версія.\r\nОновити програму?
157895651	PersonalDoNothing
158170562	StartupShortcut4
158289709	\\
158790123	Restore
159137834	connected
159638248	Очищати автоматично...
159985959	Video FAQ for the program
159991699	Serv27
160605634	Очистит кэш, историю, отчёты и временные файлы Защитника Windows.
161580781	Erstellen einen symbolischen Link
162712448	Улучшить пункт «Персонализация» на Рабочем столе
162831832	AppsAlreadyRemoved
162852857	MessagingService_
162908116	Ваша Windows по умолчанию исключает возможность запуска Командной строки из папки. Применением этой рекомендации можно её вернуть.
164701210	Драйверы успешно сохранены в папку:
165166900	Win10Home
166022593	\\Microsoft\\Windows\\wfp
166275065	cmd /c "cd /d %1 && del /s /f /q *.* && rd /s /q ."
166320470	HKLM\\Software\\Policies\\Microsoft\\Windows Defender\\Real-Time Protection!DisableIOAVProtection
166522152	Extrakt
167312973	TroubleshootingSvc
167464517	confidentiality3
168373328	OK
168493462	Я не записываю игры и трансляции с помощью самой Windows
168535512	G:\\
169038040	CheckForUpdates
169445365	MinimizeButton
170696907	Ram300
170807305	Check80
171232271	Я не використовую шифрування файлів, папок, дисків
172331040	PageTitle
172392407	Прискорює всюди появу пунктів контекстного меню.
172740158	OptWaitCompress
173046274	This tweak disables ClearType, replaces Segoe UI with Tahoma. If not possible, applies MS Sans Serif. Notepad will use Verdana.\r\n\r\nThis tweak is not suggested, whose screen scale is bigger than 100%, because all fonts will seem very tiny.
174174017	Dieses Element entfernt die Pfeile von den Verknüpfungen. Beenden ist erforderlich, um die Änderungen zu sehen.
174185879	Interface9
174582312	{0}>{1}
174634247	SysNoBrowser
175462578	Windows может загружаться быстрее, если перевести некоторые автоматические службы на отложенный запуск. Всё, что вам нужно – Применить эту конфигурацию.
176311192	@%SystemRoot%\\\\system32\\\\PrintDialogs3D.dll,-5039
176315482	SOFTWARE\\Microsoft\\MediaPlayer\\Preferences
176663193	dot3svc
176912788	_os1
177355233	Gereinigt
177971562	Очищено
178064345	Check7
179139475	Wenn Sie dies Fenster schließen, wird der Vorgang im Hintergrund laufen. Das Programm ist nicht eingefroren und funktioniert weiter.\r\n«Schließen» auf jeden Fall?
179361080	HideFileExt
179485535	Нормальные шрифты и их отображение
179795767	SettingsHeader
180686803	CLSID\\{470C0EBD-5D73-4d58-9CED-E91E22E23282}
180710371	checkboxcleaner1
181806148	Confidentiality15
182823643	Fügt auf dem Desktop das Element «Befehlszeile» ein
183307622	Персональные рекомендации
185109321	MixedReality_text
185391974	EventType
185481507	sShortDate
185625527	Підказки
185843488	\\Explorer\\AutoplayHandlers
186902929	stisvc
187350689	confidentiality15
187801874	SOFTWARE\\Policies\\Microsoft\\Windows Defender\\Spynet
188217161	Personal4096
188590398	ContextMenu12
188680355	GoToWebSite
188912479	Службы из этой категории\r\nна вашем компьютере не обнаружены
190360689	RemoveAllAppsPleaseWait
190441599	05SHA512
190526132	Эта кнопка восстановит оригинальный размер Windows
191593614	OptTip3
191639369	VirusTotalFilename
192162388	Interface12
192755403	StartupYellowTip
193514217	Виявлено захист, який перешкоджає роботі програми.\r\nТак, Захисник або антивірус.\r\nСаме так.\r\n\r\nПрограма буде закрита.
193938345	SOFTWARE\\Microsoft\\Windows\\CurrentVersion\\WINEVT\\Channels\\ForwardedEvents
193939814	PreventHandwritingDataSharing
194035849	NVIDIA вирішила, що, якщо Microsoft можуть збирати дані про використання комп'ютера, чому б не почати займатися тим самим.\r\n\r\nДаний твік відключить телеметрію NVIDIA, розвантаживши при цьому роботу комп'ютера.
194646290	AppInstalled2
195286884	Calibri
195634595	true
195673971	Services
197138155	https://win10tweaker.ru/W10TVideoNotes
197242523	Für 1 Zahlung haben Sie bereits 2 Computer aktiviert.\r\nZum Schutz vor kommerziellem Vertrieb können Sie nicht mehr reaktivieren.\r\n\r\nLizenzaktualisierung erforderlich.
197330633	SOFTWARE\\Microsoft\\Windows\\Shell\\Associations\\UrlAssociations\\http\\UserChoice
197874768	Serv20
198335403	Check2
199175000	Операция успешно завершена
199191182	TipAutorunsWin10
199402564	If you don't know what Windows Kiosk is and don't use your PC as a billboard, check this item.
199556920	.htm
199579550	fAllowToGetHelp
200060833	Last scan:
200455528	p2pimsvc
202166914	Check73
202180595	pnputil -i -a "
202689397	SysInfo8
203429932	system5
203440991	Знайдено непотрібний драйвер:
203905662	Error in LookupPrivilegeValue: 
204474914	Телеметрия – это опция, которая собирает информацию о вашем поведении и отправляет её в компанию Microsoft, якобы для того, чтобы улучшить свои будущие продукты.\r\n\r\nДанный твик отключит все типы телеметрий Windows, Microsoft Office, Visual Studio.
204947105	API-ключ збережений
205630729	Broadcast
206349432	If you don't use Metro apps, including Mail, Calculator and the Windows Store itself, feel free to disable a huge range of services.\r\n\r\nIt is IMPORTANT to understand that apps management (uninstallation, installation, update) will become completely inaccessible. Therefore, first visit the Applications category in\r\nWin 10 Tweaker.
206858851	USB:
207735759	interface6
208024960	Control Panel
208097150	(auswählen)
208280587	Додає в контекстне меню папок пункт, що дозволяє видаляти вміст будь-якої папки, оминаючи підтвердження та залишаючи при цьому саму папку.
208314097	Операционная система:
208605133	g1xFnnONCXPvLSCecw5I4EQQxcAXDapzLP8oC9RKGjGRmDNL0nDmmF4ksiU+HW11g8LaS6rSmezOcZs88+NUCux/TcNvo3DFIoG/gUmcfbUF56FTU+vbiucTqREV7w4Mrki4aEus3m9XhCqKKW+aFVHzSE9yTs/1XIYXsfffaSHgzXiIthvhGDA4Rb/vJBF4CuoYXhpZaJJSptDLpCzysD4laNcYzJLmZ+uCA9ginQpiS/XpGo0uySHN5MaSup6N9/WKsmZv9HwSq5+/OW5hREK4kHp/LkYKPD/LM11OIQKUUnoxtCrEfaHub0LUfdNrQZskKzMVtP8cFAkzySfYAg==
209454833	SeBackupPrivilege
209701920	Löschen Cache von Windows-Installation.
209782919	OneNote
210179288	<html><head><meta charset="utf-8"><title>
210264382	Видалення папок із «Цей ПК»
211128887	\\Explorer\\RunMRU
212340075	Якщо ви користуєтеся віддаленим доступом, але самі до себе нікого не пускаєте за допомогою інструментів Microsoft, вам варто відключити служби, обравши цей пункт.\r\n\r\nAnyDesk, TeamViewer та інші будуть працювати і без зайвої пачки служб від Microsoft. Проте VPN після цього працювати не буде.
213370135	\\Personalize
213563042	system11
213797497	segoeui.ttf
214243839	CursorBlinkRate
214355790	MenuLabel7
214682387	Refresh
214734571	{0} {1}
216844077	\\Explorer
218352780	PNotice
218412521	ScrollHeight
218520848	Принять
218538671	confidentiality9
220150148	WindowsCamera_del
221115289	PreventHandwritingDataSharing
221172355	ContextMenu17
222337264	Закріпити на панелі швидкого доступу
222353143	Нет доступа в сеть
223396276	Подождите, идёт сжатие:
223474852	LogoutItem
223994236	Driver duplicates found.\r\nWould you like to remove them first?
224339766	Вже не потрібно
224782211	The screenshot URL is in your clipboard.
225190030	If you use handwrite input, Microsoft wants to improve its handwrite tech by analyzing yours. This tweak will not allow this.
225601751	Учитывая, что у вас ноутбук, возможно, не стоит делать сжатие выше уровня Ноутбук. Некоторые пользователи ноутбуков (менее 1%, но тем не менее) имели проблемы с некоторыми драйверами после более сильного сжатия.\r\n\r\nВы уверены, что хотите изменить степень сжатия?
225735299	По умолчанию Windows отключает питание дисков каждые 20 минут после бездействия. Постоянно торкать питание нехорошо. Поэтому рекомендуется Применить отключение этой медвежьей услуги.
227249272	PersonalMSI
228140246	CopyImageToClipboard
228830207	interface9
229294150	Disabling collection and Event Viewer data processing
229389678	Tahoma
230066578	OptOldDriversDeleted1
230893215	Netlogon
231002667	MaxSize_old
231081555	Empty this folder
231328881	MenuHoverIcon
232979481	temp
233081310	Резервна копія системи
233573276	exefile\\shell\\runas2\\command
234453776	System4
234480790	<DisallowStartIfOnBatteries>false</DisallowStartIfOnBatteries>
234714012	ZuneVideo_del
235246577	Serv27
236001923	TroubleshootingSvc
236137800	Неправильно введённое имя процесса.\r\nПравильный пример: firefox.exe
236306762	Сильне
236748397	04SHA384
236790447	Додалося
236938769	RestoreConfidentiality11
237987096	Check45
238097642	Установить авторские синие папки
238173189	dot1
238890568	OptRestore2
239124960	Supported types:\r\nlnk, exe, bat, cmd, vbs
239699794	SysInfo9
239801860	Logo
240388903	Klicken Sie hier, um zur Datei überzugehen
240426576	x2
240478760	Компьютер работает:
241185191	Wechseln das Tastaturlayout mit Ctrl+Shift
241285639	На даний момент програма
241464354	Warten Sie, die Liste wird gerade erstellt...
242422877	При досягненні 20%
243063100	GlobalError2
243079111	PNRPAutoReg
243198551	Serv17
243643014	apikey
243945025	SOFTWARE\\Classes\\SystemFileAssociations\\image\\shell\\copyimage
244441050	Microsoft хотіла б знати, як часто ви звертаєтеся у підтримку. Даний твік відключить цю перевірку.
245038968	ServDownPanel
245085761	SysNoBrowser
245197822	checkboxcleaner17
245811210	ExportFileNotice1
245853260	GeneratedBy
246595833	SOFTWARE\\Classes\\
246778104	Назад
247090462	WindowsStore_text
247168365	I don't use Windows performance counters
248813472	Видаляє з контекстного меню файлів, папок, пристроїв, Кошику та Комп'ютеру:\r\n\r\n• Відновити попередні версії\r\n• Редагувати у Paint 3D / Print 3D\r\n• На початковий екран\r\n• Закріпити на панелі доступу\r\n• Вибір музики в Інтернеті\r\n• Спільний доступ\r\n• Транслювати на пристрій\r\n• Включити до бібліотеки
249517330	ContextMenu7
249606655	Очистка
250161858	Photos
250437169	RAM Cleaner + RAM Cache Cleaner
252048387	\r\n
252088190	підключено –
252449234	\\WSearch
253091520	Serv12
254958123	HKLM\\Software\\Policies\\Microsoft\\Internet Explorer\\Safety\\PrivacIE!DisableLogging
255583354	Personal11OldContextMenu
255639991	WdiSystemHost
255648082	\\Installer
255656173	SOFTWARE\\Microsoft\\Windows\\CurrentVersion\\Explorer\\Advanced
257232248	Compressed (zipped) Folder
257401235	DsSvc
257554964	ServMenu
257815002	OptOn
259178661	https://win10tweaker.com/InfoChecker.php?key=imageres11
260001508	UnistoreSvc_
260496137	OptCanCompress
260808495	Почта и Календарь
263208418	Mit diesem Tweak wird OneDrive gestoppt und deinstalliert, wobei alle Spuren im System entfernt werden.\r\n\r\nDenken Sie daran, dass Microsoft dabei alle Daten löscht, die Sie mit OneDrive synchronisiert haben.
263593998	Minimieren
263684148	При досягненні 70%
264173559	\\$Windows.~BT
264373392	USB:
265534909	OptStartClear
266191273	EnableAutoTray
266231728	Software\\Classes\\CLSID\\{20D04FE0-3AEA-1069-A2D8-08002B30309D}\\shell\\ProgramsAndFeatures
266344458	Ярлик на цей об'єкт знаходиться у папці:
267027857	System13
267161644	Добавляет пункт, позволяющий получать Hash (контрольную сумму) любого файла.
267194968	VirusScanner
267237273	MainPanel5Serv1
267445175	подключено –
268383619	Einstellungen
268488308	Очистка хранилища (WinSxS) от старых обновлений и копий компонентов. Не затрагивает текущие обновления.
269225631	MixedReality_del
269476616	Я не использую устройства с Bluetooth (мышь, колонки, наушники)
269682566	Interface1
270471090	https://raw.githubusercontent.com/crazy-max/WindowsSpyBlocker/master/data/hosts/spy.txt
270700329	Win 10 Tweaker hat festgestellt, dass Windows Defender deaktiviert ist, Sie können auch genug freien Platz auf Ihrem Systemlaufwerk gewinnen, es komplett aus dem System entfernen, indem auf Übernehmen klicken.
271196539	System15
271350764	246 253 255
271466914	Paint_text
271533035	Сжатие хранилища (WinSxS) системных файлов и обновлений. Не требуется, если делали сжатие ОС.
271611826	RestrictImplicitInkCollection
272157751	Контакт
272211125	Fügt zum Kontextmenü des Computers die folgenden Links hinzu:\r\n\r\n• Verwaltung\r\n• Abgesicherter Modus\r\n• Geräte-Manager\r\n• Schalttafel\r\n• Programme und Komponenten\r\n• Gruppenrichtlinien-Editor\r\n• Registrierungs-Editor\r\n• Service\r\n• Datenträgerverwaltung
274246692	SharedAccess
274373470	SystemFileAssociations\\image\\
274510280	if Wscript.Arguments.Count = 0 then\r\n\tWscript.Quit\r\nend if\r\n\r\nset arg = Wscript.Arguments\r\nset run = WScript.CreateObject("WScript.Shell")\r\n\r\nif arg(0) = "reboot" then\r\n\trun.Run "cmd /c bcdedit /deletevalue {current} safeboot & shutdown -r -f -t 0", 0, true\r\nelseif arg(0) = "safemode" then\r\n\trun.Run "cmd /c bcdedit /set {current} safeboot minimal & shutdown -r -f -t 0", 0, true\r\nelseif arg(0) = "cmd" then\r\n\trun.Run "cmd /c bcdedit /set {current} safeboot minimal & bcdedit /set {current} safebootalternateshell yes & shutdown -r -f -t 0", 0, true\r\nelseif arg(0) = "network" then\r\n\trun.Run "cmd /c bcdedit /set {current} safeboot network & shutdown -r -f -t 0", 0, true\r\nend if
274835519	Якщо ви не користуєтеся віддаленим підключенням до баз даних на своїй роботі (AnyDesk і TeamViewer не береться до уваги), варто відключити корпоративний мотлох.
275541505	(история версий)
275595231	Звільнено:
277376091	\\SoftwareDistribution\\DataStore\\DataStore.jfm
277597924	Disable autorun removable media
278587182	\\Comms
279533903	Я не использую принтер, ни виртуальный, ни сетевой, ни локальный
280240770	StartupBottomTip7
280343452	SettingsItemlabel02
280779764	By default, Windows turns off power to the drives every 20 minutes after being idle. It is not good to constantly poke power. Therefore, it is recommended to Apply the disabling of this bearish service.
281138230	GlobalError2
281646127	DisableMRUPlaylists
283350373	PersonalEdge
283774698	Готово
284764915	Додати шлях до винятків
285532593	OptOldDriversDeleted4
286517344	Если вы не используете и не планируете использовать Bluetooth, вам не нужны Bluetooth-службы.
286578403	PSA
287835086	Check7
288533641	Lebenslange Win 10 Tweaker Pro Version
288704460	TypeOverlay
289545976	ServAI
290257864	For multiple checking you have to pack files into one archive.
290431067	EFS
290816325	StartupError
290920238	PersonalFolderCMD
292452471	powercfg /change monitor-timeout-ac 10
292634206	HKLM\\SOFTWARE\\Policies\\Microsoft\\InputPersonalization!RestrictImplicitTextCollection
293180685	StickyNotes_text
294321421	МБ
294736708	\\WDI\\BootPerformanceDiagnostics_SystemData.bin
295206856	ContextMenu11
295898469	This tweak accelerates previews appearance of taskbar items.
296476743	Standardmäßig schaltet Windows die Laufwerke nach dem Leerlauf alle 20 Minuten aus. Es ist nicht gut, daher wird empfohlen, die Deaktivierung dieses Dienstes anzuwenden.
296737509	Beschleunigt überall die Darstellung von Kontextmenüelementen.
296895108	\\AppData\\Local\\Temp
297042915	SysInfoUSB
297878146	0001
298292201	AboutGetBeta
299671720	I don't use the Windows Store and its apps
299672889	SOFTWARE\\Classes\\WMP11.AssocFile.MKV\\shell\\Enqueue
299896874	InfoWindow
300263156	Очищення оперативної пам'яті та фонових процесів
300617529	.
300660978	\\LocalLow\\Microsoft\\CryptnetUrlCache
301440426	Folder\\shellex\\ContextMenuHandlers\\Library Location
301472790	02SHA1
302843916	Зачекайте, виконується стиснення:
303051506	Скопировано
303053047	OptNotRequired
303298762	Всі виявлені биті ярлики були видалені.
303323035	Windows can boot faster by deferring some automatic services.\r\nAll you need to do is Apply this configuration.
303347008	" /tn "Win 10 Tweaker (AntiSpy)" /f
303379672	compact /u /i /a /f /q /s /exe "%systemroot%\\*.*" && compact /u /i /a /f /q /s /exe "%programfiles%\\*.*" && compact /u /i /a /f /q /s /exe "%programfiles(x86)%\\*.*" && compact /u /i /a /f /q /s /exe "%programdata%\\*.*"
303704623	Freeze
303966829	\\BraveSoftware\\Brave-Browser\\User Data
304147977	Import Tweaks
304247342	Увеличение кэша файловой системы позволит Windows не обращаться так часто к этой самой файловой системе, позволяя обрабатывать всё в оперативной памяти.\r\n\r\nЕсли у вас больше 4 ГБ оперативной памяти и, особенно, если у вас SSD, рекомендуется задействовать этот твик.
304582159	RestoreContextMenu12
305033990	If you apply this recommendation by disabling the emoji process in Windows, your laptop's battery life as well as the graphics card's performance will increase.
305092370	Reset configuration?
305327009	https://www.virustotal.com/vtapi/v2/file/report?apikey=
305346348	Removing stillborn folders of Windows
307012506	PersonalRecomendations
307200704	Перезагрузка
307363847	Gesamterkennungsgrad:
308406980	Ich benutze keinen Scanner, weder virtuell noch vernetzt oder lokal
308609552	Control Panel\\Mouse
309068925	Ваша Windows отвлекает уведомлениями о том, что вас во время игр ничего не отвлекает...\r\nВот это поворот. Нажимаем Применить и действительно больше не отвлекаемся.
309329099	About
310395742	HKLM\\Software\\Policies\\Microsoft\\Windows\\System!EnableSmartScreen
311763648	PersonalExplorerNetwork
311784673	\\Explorer\\TypedPaths
312177801	Tweaks exportieren
312189496	VirusTotalLastScan
312946434	Your Windows hasn't Backup / Restore feature.
313129579	SOFTWARE\\Microsoft\\PolicyManager\\current\\device\\System
313692908	SettingsItemlabel09
314104735	WaaSMedicSvc
314313232	Твік відновлює класичний «Перегляд фотографій Windows» у списку програм для роботи із зображеннями.
315446172	There are some services at Task Scheduler, that after their main process, collect process data and send it to MS. This tweak disables such behavior.
315570833	Language
315992985	LastCleanup2
316699829	Применено
316720854	Serv32
317094091	\\LogFiles\\WMI
317530403	system7
317600169	https://win10tweaker.com/InfoChecker.php?key=imgurup
317711327	Unspecified
319044376	YouTubeMainLabel1
319238959	ServPanelChoice
319279936	\\Acronis\\TrueImageHome\\Logs
319428923	DirectXIsMissing
321384966	contextmenu16
322057874	Logout
322640082	https://download.microsoft.com/download/0/5/C/05C1EC0E-D5EE-463B-BFE3-9311376A6809/NDP472-KB4054531-Web.exe
322769538	LargeSystemCache
323558401	MultipleProgramCopies
323883640	ScanWithAntiVirus
324474145	Apply authoring configuration to minimize the size and number of reports generated by the system. This will significantly extend the life of your HDD / SSD.
324530782	menu
324843377	SELECT * FROM Win32_USBHub
325545996	Import Extensions
325663431	Немає доступу до мережі
325902928	Run RAM Tray Cleaner on Windows start
328031499	StartupBlueWorking
328721760	\\LogFiles\\WMI\\RtBackup
328916738	Купить Pro
330740873	WaaSMedicSvc
330910691	293440
331741718	imageres.dll,101
331897524	fdPHost
332508975	Einzelzugang (erforderlich, um Rechte für Müllverzeichnisse zu erhalten)
333053110	X8
333345093	toolStripSeparator1
333395582	Serv8
333437632	Музика
334448572	PersonalDefender
334735211	DelayedAutostart
334865298	Pfeile aus den Verknüpfungen löschen
335073288	Сбросить конфигурацию?
335918454	\\Explorer\\CommandStore\\shell\\GodMode
336613876	SOFTWARE\\WOW6432Node\\Microsoft\\Windows\\CurrentVersion\\Run
336738125	SettingsUri
337442065	Данная программа запускается только под текущей учётной записью
339120287	Я не використовую принтер, ні віртуальний, ні мережевий, ні локальний
339353259	SOFTWARE\\WOW6432Node\\
339803686	Интерфейс
341439525	Check51
341527954	powercfg /change monitor-timeout-ac 0
341789358	Якщо ви не використовуєте паролі, пін-коди, відбитки пальців і Windows Hello в цілому, можете відключити базову службу, відповідальну за авторизацію в Windows.
342778616	cmd.exe /c takeown /f "%1" && icacls "%1" /grant 
343099744	Get-PhysicalDisk | select FriendlyName,MediaType
343783101	NukeOnDelete
344429705	serv29
345120928	false
345486341	Confidentiality9
345673801	PlayIcon
345751866	Ohne Änderungen
345772109	\\WinBioPlugIns
345862264	SomethingWentWrong
345943678	Додати можливість сповільненої анімації вікон при затиснутому Shift
345964703	Your Windows reserves several GB of free space on the system drive for its needs. To disable Reserved Storage, just click Apply.
346110186	Восстановление служб в исходное состояние
346752694	\\Default\\Code Cache\\js
347058100	Про програму
347281316	WiaRpc
347788838	"
349058742	About
349631886	SNMPTRAP
350153289	*'} | Remove-AppxProvisionedPackage -online
350730218	Удаляет из контекстного меню файлов, папок, устройств, Корзины и Компьютера:\r\n\r\n• Восстановить прежнюю версию\r\n• Изменить в Paint 3D / Print 3D\r\n• Закрепить на начальном экране\r\n• Закрепить на панели доступа\r\n• Поиск музыки в Интернете\r\n• Отправить (Поделиться)\r\n• Передать на устройство\r\n• Добавить в библиотеку
351190021	cmd /c start /min shutdown.exe -s -t 0
351584283	WpnService
352629776	Applying this configuration, you immediately disable the complex of device sensor services, which are useless if you have a desktop or laptop.
352829816	confidentiality17
353108996	Tahoma
353250822	OptDragText
354350565	DisabledByUser
354499840	LocalGroupPolicyEditor
355003251	SuperButtonUnblock
355335071	Wenn dir das Programm gefällt, du kannst mir ein Kaffee kaufen ☕️
356105642	Укажите папку с драйверами, которые вы хотите установить:
356127991	Зображення
356184291	RestoreInterface15
356279950	Ram40
358032149	запам'ятав галочки Очищення\r\nу файл Win 10 Tweaker.ini
359270290	Отключить автозапуск съёмных носителей
360137409	checkboxcleaner13
360164771	System32
360668121	ByteSize
360765293	TipDefault
361441470	WMessageYes
361780390	MainPanel5Serv2
362171277	MenuShowDelay
362692201	@photoviewer.dll,-3043
363334787	Telemetrie-diese Option, die Informationen über Ihr Verhalten sammelt und sendet an Microsoft, um angeblich die zukünftigen Produkte zu verbessern.\r\n\r\nDieser Tweak deaktiviert alle Arten von Windows- und MS Office Telemetrie.
364040740	Параметри экрану
364049592	\\Acronis\\VolumeTrackerLogs
364430756	Antispy Rules Auto Update
364513589	 
364540054	NVIDIA
364829028	VirusTotalFilesError
364845210	confidentiality10
365071758	sShortDate_bak
365541227	rtffile\\
365760978	reg add "HKCR\\CLSID\\{8E74D236-7F35-4720-B138-1FED0B85EA75}\\ShellFolder" /v FolderValueFlags /t REG_DWORD /d 0x00000028
365763021	Відключити «Область переходів»
366086217	Die Verknüpfung für dieses Objekt befindet sich im Ordner:
366387737	Відео-справка
366419518	OptReplace
366622636	ContextMenu5
367512537	HKLM\\SOFTWARE\\Policies\\Microsoft\\Windows\\Windows Error Reporting!DontSendAdditionalData
369198959	Disabling and full cutting Microsoft spyware
370363581	Wählen Sie einen Ordner zum Scannen:
370487811	Interface7
370766545	linkmenu4
371181832	Купити Pro
371286957	Control Panel\\Cursors
372525613	SystemComponent
372678316	checkBoxCleaner6
373448534	Оберіть ступінь стиснення
374166664	Выберите степень сжатия
374306473	96
375061377	StartupForAll
375550487	\\\\Shell32.dll
375655404	Auf der Grundlage Ihrer Auswahl hat das Data-Mining-Tool festgestellt, dass Sie die folgenden Dienste optional deaktivieren können:
376532386	SkySkin
377295283	Отримання довідки
378856822	Win10Home
379034618	ButtonBack
379251084	WMPNetworkSvc
380701403	HKLM\\Software\\Policies\\Microsoft\\Windows\\WindowsUpdate\\AU!**del.AllowMUUpdateService
380968181	Serv9
381663603	WarpJITSvc
382261521	contextmenu1
383826298	RAMCleanMode1
384097580	\\SystemResources\\imageres.dll.mun
384274666	ClipSVC
386434053	LogoutRequired
386587385	Taskkill /f /im "
387047011	Der Tweak invertiert die Farben der Befehlszeile, wobei Weiß auf Schwarz und Schwarz auf Weiß ersetzt wird, wodurch cmd und PowerShell mit 5% Transparenz hinzugefügt werden.\r\n\r\nDurch dieser Tweak wird auch das Kontextmenü sorgfältiger dargestellt. Er ersetzt riesige Pfeile auf kleine und ersetzt fetthaltige Trennstreifen auf dünne Streifen.
387366788	DisableSecuritySettingsCheck
387567423	StartupConfirm1
387588448	служба-language-experience-service
387672194	NeuralNetworkNeed
387789928	Check6
388104763	Show empty drives
388172608	Check42
389268520	MainPanel3
389475658	WOW6432Node\\
390752407	System.NullReferenceException
391092848	Я не переналаштовую інтернет, він уже налаштований та працює
391360962	Disabled
391486492	Dieser Artikel enthält die folgenden Windows-Dienste:
391793849	Vergrößert
391819568	<DisallowStartIfOnBatteries>true</DisallowStartIfOnBatteries>
392262013	Column2
392332246	Starten eine zusätzliche Reinigung des neuronalen Netzwerks des Computers
392342185	ВиджетЗакрыть
392776872	Nicht verfügbar
393027668	Lebenslange Pro Version
394017577	,
394766223	RestoreInterface14
395020997	checkAll4
395572043	Viewer_text
395724746	Видалення всіх файлів всіх існуючих діагностик у Windows
396114762	PhoneSvc
396336454	.exe
396999567	NormalReboot
397096380	Запустити
399326995	Allow
399810789	Параметри Windows
400530806	serv12
400787708	Increase file system cache
400982318	Уже не требуется
401981704	\\Microsoft\\CLR_v4.0\\UsageLogs
402101663	{0}{1}{2} (v. {3}){4}{5}
403608760	StartupForAll
405295057	Standardmäßig schaltet Windows den Bildschirm nach 10 Minuten Inaktivität aus. Wenn dies nicht zu Ihnen passt und Sie es nicht möchten, nehmen Sie diese Empfehlung an.
405459005	*.log
407155521	RAMCleanMode3
407179794	Check80
407204067	vmicvss
407249072	Рабочий стол
407748459	Minimize to tray
407922512	OptOldDriversDeleted1
409305133	RasMan
410109628	WrongEmailPcid
410888375	$this.Icon
410979002	bottom
411711566	Virenscan mit einem API-Schlüssel
411834695	\\Microsoft\\Windows Mail
412149303	NullFile
412359675	YouTubeMiniLabel3
413125075	\\Acronis\\Schedule2
413138561	The requested resource is not among
414043031	\\NVIDIA
415819696	ProcessorNameString
416064798	system5
416074098	powercfg /change disk-timeout-ac 20
416180198	SYSTEM\\CurrentControlSet\\Control\\Class\\{4d36e972-e325-11ce-bfc1-08002be10318}\\0001
416547847	При достижении 90%
417417221	Start_TrackProgs
417520141	VirusTotalPNG
418177147	Ich verwende nichts von Windows Media
419356200	готовность-приложений
419524684	\\CDPUserSvc
419702686	RAM Auto Cleaner
419880688	SYSTEM\\CurrentControlSet\\Control\\WMI\\Autologger\\
421181966	Advanced
421294019	rstrui
422578741	Погода
422972385	Want to permanently remove all Metro apps?\r\n\r\nIf you click Yes, all apps will be removed permanently and you cannot restore them. You will benefit from this around 2 GB of free space on your system drive.\r\n\r\nIf you click No, the apps will be removed, but they can always be returned.
423680830	Check65
424994509	Готово
427005842	Поиск дубликатов файлов и их замена жёсткими ссылками. Безопасно для любых типов: JPG, MP3 и подобных, однако, заменяя программные файлы, вы рискуете сделать программу неработоспособной.
427603760	Windows settings
427761295	Serv9
428071457	Microsoft
428092862	Запускати перевірку битих ярликів при старті програми
430108330	UevAgentService
430116421	SessionEnv
430422619	SourceHash*
430787161	Обнаружен ненужный драйвер:
432015212	Очистит кэш установок Windows.
432166680	.tiff
433049688	Popup
433442577	RestoreContextMenu16
433443950	модуль-поддержки-netbios-через-tcp-ip
433612351	Interface16
435107989	GB
435509903	.exe|
436097247	AgreementHeader
436351915	Отключить Teredo, ISATAP и IPv6
436365596	BlockexeDenied
436936758	\\AppData\\Roaming\\Mozilla\\Firefox\\profiles.ini
437086505	ServRestoreButton1
437137124	Программы и компоненты
437221289	Control Panel\\Desktop
437242307	виявив відсутні бібліотеки DirectX. Якщо хочете їх завантажити, просто натисніть на це повідомлення.
437729684	\\SkyDrive.exe
437869493	Hier können Sie hilfreiche Informationen über Ihre PC finden, sowie die notwendigen Daten kopieren.
438338081	LeftMenu9
438369907	Wenn Sie Spiele mit OBS, NVIDIA, Bandicam aufnehmen / streamen, dann brauchen Sie definitiv keine Dienste von Microsoft.
438930732	служба-помощника-wlpasvc
439168655	Тут ви можете налаштувати служби Windows, в залежності від характеру використання комп'ютера.\r\n\r\nПо завершенню конфігурації натисніть кнопку Застосувати.\r\n\r\nУ будь-який момент можна повернути стан служб на той стан, який був до конфігурації.
439692601	Entsperren
440493403	Win 10 Tweaker|*.ini
440859083	@-webkit-keyframes shimmer { 0% { background-position: -5rem top; /*50px*/ } 100% { background-position: 100rem top; /*200px*/ } }
440901388	\\WinSxS
441097915	This tweak already applied
441408077	daysvalue
442509857	\\головне меню\\Програми\\Автозавантаження
443238502	Автозагрузка
443253237	Win10HomeSuggestion
443295287	\\WinSxS\\Temp
444010565	Upload.ee
444062786	Windows
444384375	freier Speicherplatz
446197083	Якщо ви не користуєтеся Хмарами через WebDAV або не знаєте, що таке WebDAV, можете спокійно обирати для відключення.\r\n\r\nGoogle.Диск та інші Хмарні клієнти будуть працювати в будь-якому випадку.
447785326	\\Microsoft\\Temp
447785498	Процесор:
447868502	з'ємних пристроїв –
447879256	Ваша Windows резервує під свої потреби кілька ГБ вільного місця на системному диску. Щоб відключити зарезервоване сховище, просто натисніть Застосувати.
448411221	Check22
448996245	Ram500
449019992	Покращити пункт «Персоналізація» Робочого столу
449425377	SysInfo7
449668107	https://win10tweaker.ru/files/APIen.mhtml
449717764	\\LastGood.Tmp
449971503	AdapterRAM
450247280	contextmenu7
450882441	If you close this window, the job will continue in the background (Not recommended).\r\nStill want to close?
451040206	Hash
451275622	Russian
451301464	checkboxcleaner2
451507157	This item contains the following services:
452808773	\\Default\\Service Worker
453239141	Deaktivieren das Autostart-auswechselbare Geräte
453693663	interface5
454935657	Sie haben zwar zuvor eine Aktivierungscode erhalten, jedoch nicht auf diesem Computer. Um Zeit zu sparen und zur Zahlung zu gehen, klicken Sie die Schaltfläche Nein. Oder lesen Sie alles sorgfältig durch, was unten steht.\r\n\r\nDie lebenslange Aktivierungscode, die Sie erhalten haben, ist für den Computer, der sie erhalten hat, immer noch lebenslang gültig ist. Im Rahmen der Nutzungsvereinbarung haben beide Vertragspartei ihre Verpflichtungen vollständig erfüllt. Anstatt jedoch eine Lizenz für einen neuen Computer zu kaufen, haben Sie "Ich habe bereits eine Pro" gewählt. Sie wollten also verschiedene Computer für eine Zahlung aktivieren. Zum Schutz vor kommerzieller Verbreitung können Sie nicht mehrere Geräte für einen Kauf aktivieren. Niemand, einschließlich den Programmentwickler, weißt nicht, zu welchem ​​Zweck Sie versuchen eine neue Aktivierung auf einem anderen Computer zu erhalten. Der Programmentwickler ist aber auch einen Mensch, und versteht, es kann auch passieren, dass Sie kürzlich eine Pro version gekauft haben und danach eine neue PC-Hardware erneuert haben. Damit der Benutzer sich nicht beleidigt fühlt, dass er zweimal zahlen muss, wenn der alte Computer nicht mehr vorhanden ist, bietet der Programmentwickler ein Treueprogramm an, bei welchem der Benutzer muss nicht wieder kaufen, sondern einfach den alten Computer deaktivieren und anstatt den alten Computer einen neuen Computer aktivieren. Sie haben zwei Möglichkeiten:\r\n\r\n1. Ja, wir deaktivieren die vorherige Lizenz und aktivieren die neue\r\n2. Nein, wir verlassen die vorherige Lizenz und kaufen eine neue
456604351	\\Microsoft\\OneDrive\\setup\\logs
456713083	00
457005144	Your Windows distracts with notifications that nothing distracts you while gaming...\r\nOMG. Click Apply and really no longer get distracted.
457299004	Этот твик допишет в ваш файл hosts и Брандмауэр домены, на которые обращается Windows при отправке данных о вас и вашем использовании компьютера.\r\n\r\nhosts – это системный файл, который позволяет перенаправить любой сетевой адрес на любой другой. Твик перенаправляет шпионские сетевые адреса в никуда.
457315306	First Run Agreement
457446363	Check53
458328689	\\Windows Defender\\Scans
459472659	Interface11
459496669	HideBasedOnVelocityId
460178196	\\SystemApps\\Microsoft.Windows.Cortana_cw5n1h2txyewy\\SearchUI.exe
461770267	RemoveAllAppsDone
461883541	Видаляємо?
463028889	SysInfoLaptop
463663400	Unlock
464155720	interface14
464851142	checkboxcleaner12
464906196	SettingsItemlabel06
465608304	Даний твік встановить чорні авторські курсори.
465878732	Ich verwende keine Biometrie (Fingerabdruckscanner, Gesichtserkennung)
467078272	TipDefault
467143000	*.bak
467285119	Відкривати Комп'ютер по Win + E
467392705	Müll
468231452	DirectX
468583225	shell32.dll,27
468855698	Recorder_text
469207941	Coffee
469816600	system11
470131514	Blank
470363844	ServReset1
470546801	MSIextract
471123770	_mother
471979463	SystemStart\r\nAutorisiert zur Ausführung von Prozessen und Befehlen im Namen von SYSTEM und TrustedInstaller.\r\nGeben Sie beispielsweise regedit oder services.msc ein, um diese mit den höchstmöglichen Berechtigungen auszuführen.
472019163	This tweak restores classic Windows Photo Viewer application for image files.
472750372	https://win10tweaker.ru/W10TServicesRu
473586222	PNotice
474281644	RAM Cache Cleaner
474527798	SOFTWARE\\Policies\\Microsoft\\Windows\\System
474934753	Вы действительно хотите переместить этот файл в корзину?
474994910	MsMpEng
475076996	Заметки о разработке Win 10 Tweaker
476184185	Check4
476497568	\\ImgurUp.exe
476539618	Запускати трей-віджет очищення оперативної пам'яті разом із Windows
477856102	panelmenu1
479497309	OptNotRequired
479625437	\\Blank.ico
479693714	\\Run
479906762	Тільки за допомогою Win 10 Tweaker ви зможете надійно відключити Оновлення Windows. Службам Оновлень властиво довільно запускатися, однак, це не має значення, так як після застосування конфігурації в Win 10 Tweaker Оновлення точно не пролізуть.
479997723	Посмотрите последнее видео с заметками о разработке\r\nYouTube
481394772	Gespart
481546455	Interface15
481559899	wscript C:\\Windows\\SafeMode.vbs network
481954161	wscsvc
483067015	Export Drivers
483107470	Этот пункт удалит (скроет) из\r\n«Этот компьютер»:\r\n\r\n• Видео\r\n• Документы\r\n• Загрузки\r\n• Изображения\r\n• Музыка\r\n• Рабочий стол
483171877	Win 10 Tweaker - das ist ein kleines, aber sehr leistungsfähiges Programm, mit dem Sie durch wenigen Klicks eine vollständige Optimierung und Reinigung von Windows durchführen können.
484763531	Tahoma
484836350	Upon reaching 20%
484892987	Doppelte Treiber gefunden.\r\nSoll vor dem Export gelöscht werden?
484982107	Console\\
486080793	Люди
486103818	Check8
486435774	SysLastShutdown
487097741	Виконується заміна дублікатів...
489087714	SOFTWARE\\Microsoft\\Windows\\CurrentVersion\\PushNotifications
489213864	Применение этого твика отключит историю использования для файлов и папок для панели быстрого доступа и меню Пуск.\r\n\r\nВ эту историю входят:\r\n\r\n• Недавно используемые файлы\r\n• Недавно открытые файлы Пуск\r\n• Часто используемые файлы\r\n• История «Выполнить» Win + R
489251783	Die Regel ist erfolgreich erstellt
489876238	TweakAppliedNot
489998717	ButtonBack
490974924	C:\\Program Files\\Windows Defender\\shellext.dll
491411236	SysInfo4
491459292	DiagLog
491776366	CscService
491840871	Редактор реєстру
491932918	policyhost.exe
492031560	Möchten Sie diese Datei wirklich in den Papierkorb verschieben?
492088724	SOFTWARE\\Classes\\.contact\\ShellNew
492327666	@%SystemRoot%\\system32\\zipfldr.dll,-10194
492530947	Confidentiality3
493319471	ftp://
493361521	Видалення префікса «Ярлик для...» / постфікса «– Ярлик»
493496932	OptDuring
493699207	checkboxcleaner7
493893391	SOFTWARE
494822043	"="0"
494894745	ContextMenu14
495436816	directx
495889204	Ram20
496699629	Отключение телеметрии NVIDIA
497011329	OptLaptop
497116512	\\Display\\command
497633265	OptRadioButton4
497760395	Bei der Erreichung von 60%
499091124	_4 ImportTweaksIcon
499354338	MemoryWasReleased
499635259	CleanerException2
499648940	Antispy Rules Auto Update
499769625	BlockexeAlreadyExists
501641735	Доступна новая версия.\r\nОбновить программу?
502009047	PersonalDay
503099074	Home
503412261	Gottmodus
504096760	UptimeDays
504153397	/
506118353	Images
506238281	ProgrammaticAccessOnly
506593016	ServTooltip
506819078	\\WinSxS
506901809	Speech synthesis refreshes in background without your permission. This tweak disables this service.
506966253	DispBrokerDesktopSvc
508844842	Serv6
508997545	Interface8
509345256	Отключить «Область навигации»
509396674	Документ в формате RTF
510049682	*.dat
510430511	По умолчанию смена языка осуществляется по Alt + Shift. Этот твик позволит менять раскладку по Ctrl + Shift.
510485893	contextmenu4
511038940	StartupService
511198373	*\\shell\\
511262360	EnableLUA
511663656	BingWeather_text
511944484	YouTubeMiniLabel2
512572159	При достижении 40%
512600730	Confidentiality13
512973746	запущен в режиме совместимости с Windows 7
513001108	DelegateExecute
513299439	YouTubePic2
514648042	contextmenu1
514930380	WdiServiceHost
515047410	minutes
515261567	checkBoxCleaner15
516049269	Точечный рисунок
516449741	Flags
518330543	CursorType
518397078	SystemUsesLightTheme
518474186	IsolatedCommand
518972912	Download auf Upload.ee
519032002	appwiz.cpl,4
519373676	BrokenShortcutFound1
519721387	{0}>{1}
520069098	HasLUAShield
520166602	HideMergeConflicts
520336324	WSFFile\\
520729707	People_text
521049347	Clearing cache of installed games, Steam, Origin, NVIDIA and AMD graphics cards
521807653	ShutdownItem
522155364	MUIVerb
522308067	system13
523446171	Последнее выключение:
523717792	checkboxcleaner7
524282330	Deaktivieren die Speicherdiagnose
524392431	 -path '%1').hash.tolower().tostring()|set-clipboard"
525007779	ExplorerCommandHandler
526521752	DisableNotificationCenter
527203298	RestoreContextMenu13
527542476	Fügt Punkt «Internetzugang Zulassen/Verweigern» ein
528261459	IconFont
528376220	\\Explorer\\CommandStore\\shell\\Logout
528972633	Link
529936972	BackupSuccess
530067059	\\
530128649	Додає до контекстного меню папок пункт, що дозволяє перемикати видимість прихованих системних файлів і папок.
530631741	Восстановление
530951949	contextmenu15
531043147	</div></div></td></tr></tbody></table><br><div class="copyright">
531460072	Operation completed successfully
531780874	cmd.exe /c takeown /f "%1" && icacls "%1" /grant 
532288403	Додати пункт «Командне вікно» на Робочому столі
533182156	Low
533345143	AAAAA7
533685268	Об'єкт, відмічений сірим кольором
534062181	Я не использую Темы Windows / использую, но не меняю
534172546	AboutHeaderAbout
535429329	GetFileHash2
535481513	VirusTotalFilesError
535806942	Serv18
535999852	 USB Device
536551324	txtfile\\
537454648	system10
538136929	linkmenu7
538484887	progressBar1
538595285	Check37
538790293	служба-контактных-данных
539594351	HKLM\\Software\\Policies\\Microsoft\\Windows Defender\\Real-Time Protection!DisableRealtimeMonitoring
540531425	PersonalTemp
541139521	irmon
541357978	Öffnen «Computer» mit Win+E
542587844	Published Name : 
542712618	\\Explorer\\Modules\\GlobalSettings\\Sizer
542844128	Во время операции действия будут недоступны.
543755751	Personalization
543901823	Ваша Windows відволікає повідомленнями про те, що вас під час ігор нічого не відволікає ...\r\nОце так поворот. Натискаємо Застосувати і дійсно більше не відволікаємося.
543970228	ContextMenu16
544743685	Ändert das Punkt «Personalisierung Menü» auf «Unterelemente»:\r\n\r\n• Windows - Einstellungen\r\n• Bildschirm - Einstellungen\r\n• Anpassen\r\n• God Mode\r\n• Beenden\r\n• Neu Start\r\n• Ausschalten
544857628	CloseIcon
546550988	ImportYesNo
547097050	Solitaire
548513307	Заморожування\r\nБуквально заморожує процес/програму повністю. Це не означає, що програма зависне. Це означає, що процес/програма буде поставлена ​​на "паузу". Введіть explorer, щоб протестувати.
548776408	DescriptionSuperexe
550326361	Geben Sie Ihren vorherigen Aktivierungscode ein,\r\nden Sie für die angegebene E-Mail erhalten haben.
550540283	HarvestContacts
550807475	UploadOnImgur
551021510	Видалити сміттєві пункти з контекстного меню Створити
551681019	Ukrainian
552051428	\\Explorer\\StartupApproved\\StartupFolder
552156014	Редагувати у Paint 3D / Print 3D
552253518	Permanently delete
552505397	StartupYellowTip
552581882	Ram50
553143948	PersonalJPEG
553702645	Управління дисками
553941466	PersonalHiberfil
554727955	confidentiality13
555180927	OptSure
555415566	Ersetzte Duplikate:
555498890	StartupAddItem
555569967	contextmenu15
555583648	VirusTotalPNGClipboard
557063536	Зачекайте, виконується побудова списку...
557342649	Чтобы исправить произвольно выключающийся Numlock (цифры справа клавиатуры),\r\nпримените эту конфигурацию.
557761695	SOFTWARE\\Policies\\Microsoft\\Windows\\Windows Search
560184260	CloseIcon
560869209	/command:
561207217	body { font-family: Arial, sans-serif; background-color: #dbe0e212; } .header { text-align: center; color: #175d8e; font-size: 27; text-shadow: 1px 1px 0px #ffffff, -1px -1px 0px #ffffff, 2px 2px 1px #175d8e61 }
562822836	Link zum Screenshot des Scan-Ergebnisses wurde in die Zwischenablage kopiert.
562865395	0D3B52
564114827	Створити ярлики на Перезавантаження та Оновлення оболонки провідника
564791727	RAMCleanerMM
565203435	Beschleunigt überall die Cursors-Flimmer beim Tippen.
565801353	UnauthorizedAccessException
565969150	Bearbeiten in Paint 3D / Print 3D
566857380	Access denied
566883824	На початковий екран
567462098	Lebenslängliche Pro Version wurde aktiviert\r\nAktivierungscode:
567671455	Add items to New context menu on Desktop
567736183	RestoreConfidentiality12
568040322	Recycle Item
568355747	EnterOldPCID1
568540023	\\Logs
569681373	OptDrop
570544258	SomethingWentWrong
571153488	Материнська плата:
571489214	Extract
572882368	Extended
573076552	Очистить «Журнали подій» Windows.
573951409	SOFTWARE\\Microsoft\\Windows NT\\CurrentVersion\\Image File Execution Options
574994072	\\CompatTelRunner.exe
575031963	1806
575482062	showip
576037675	PersonalHiberfilError
577140145	{0}\\{1}\\{2}>1000
577460610	SuperButtonClose
578117554	КБ
578379673	Windows settings;
578430525	.
578742083	\\hiberfil.sys
579200645	DisableAntiSpyware
579915744	Attributes
579919253	помощник-по-подключению-к-сети
580545024	Fügt Punkt «Hochladen auf ImgBB» zum Bildkontextmenü ein
580566179	Paint 3D
580696266	SOFTWARE\\Classes\\SystemFileAssociations\\Directory.Video\\shell\\Enqueue
581045438	Dieser Tweak deaktiviert die Diagnose des RAM-Speichers Ihres Computers.
581503547	Restore services to their original state
581672406	*.inf
581688588	\\Microsoft\\Windows\\PowerShell
582075785	Угода користувача
582310240	SysInfo8
582533786	Entfernt sinnlose, totgeborene Ordner von Installationsordner für NVIDIA-/AMD/Intel-Treiber und andere.
583089399	VirusTotalLargeFile
584827954	OptPleaseWaitCleaner
584883300	API
585511723	serv32
585824081	serv13
586118081	Watch the latest development notes video\r\nYouTube
587408461	Run Neural Network Cleaner
588114955	vmicrdv
589065295	https://win10tweaker.ru/forum/addtopic/7
589554534	Adding to folders context menu item, that allows to delete all folder content without confirmation dialog window and folder itself.
589945631	OptCloseConfirm
591434463	RefreshLnk
591438579	Я не коллекционирую отчёты об ошибках
592248128	.stl
592595874	" && Timeout /t 1 && "
593347138	SysInfo10
593494079	\r\n
594076222	Zur Bibliothek hinzufügen
594135338	BlockexeErrorSyntax
594363453	SELECT * FROM  Win32_BaseBoard
594881812	%
595649311	Serv25
596416810	%SystemRoot%\\system32\\mspaint.exe "%1" /ForceBootstrapPaint3D
596509526	Win 10 Tweaker
597704139	Запускати очищення, призначене для користувача, разом із Windows
599388163	HKLM\\Software\\Policies\\Microsoft\\Windows\\WindowsUpdate\\AU!**del.AUOptions
600531372	Видалення стрілок із ярликів
600585492	%SystemRoot%\\System32\\rundll32.exe "%ProgramFiles%\\Windows Photo Viewer\\PhotoViewer.dll", ImageView_Fullscreen %1
601286175	Автоматически обновлять антишпионские правила каждые
601547917	\\AppHost
601810594	false
602403610	<Command>
602855880	SeBackupPrivilege
603006430	VirusTotal scan Results
603050064	Im Hintergrund wurde defekte Verknüpfung erkannt:
603082420	.gif
603646653	.3mf
603965650	SysInfoMbps
604183401	Відключити діагностику пам'яті
604189372	https://myexternalip.com/raw
604358317	panelmenu4
605425478	Akzeptieren
606289367	OptCanBeReplaced
606388271	Check1
607513779	Win 10 Tweakеr.exe
608147703	GodMode
608465519	clean
609210029	0D3B52
609303878	Bitte geben Sie die E-Mail-Adresse an, \r\nfür die Sie die Aktivierungscode erhalten haben.
610310679	Deaktivieren die nervende Warnung, wenn Sie ein exe ausführen
610345303	ScrollWidth
610851080	Confidentiality4
611620454	LeftMenu10
612324039	Serv1
613034850	SysInfo8
613132354	SettingsItemlabel08
613544709	checkboxcleaner2
613980479	Редактор реестра
614140159	uncheckAll
614211249	 
615351985	\\DeliveryOptimization
615621530	Нейросеть обучена новым каталогам для сканирования мусора в категории Очистка.
616077434	Confidentiality14
616914870	Deleting from context menu "New"\r\n\r\n• Bitmap image\r\n• Contact\r\n• Rich Text Document\r\n• Compressed (zipped) Folder\r\n• Briefcase\r\n\r\nThe Briefcase will be gone forever.
617114563	Дозволити доступ в інтернет
618598226	ContextMenu7
619533772	HKLM\\Software\\Policies\\Microsoft\\Windows Defender\\Real-Time Protection!DisableOnAccessProtection
620184734	MenuLabel2
620236391	При досягненні 60%
620757485	MainPanel10
621407877	.jpg
622172927	Confidentiality13
622312649	\\Microsoft\\Edge
624401413	OptTip4
624973945	Конфігурація служб залишилася без змін.
625156216	Software\\Classes\\CLSID\\{20D04FE0-3AEA-1069-A2D8-08002B30309D}\\shell\\ControlPanel
626234974	Sie haben die neueste Version.
626405648	{0}{1}{2}{3}{4}
626587919	WEPHOSTSVC
626609272	OptStartCompress
626650315	hex(7):
627505205	удаленный-реестр
627529478	cmd
627723322	Netzwerkfehler.\r\nÜberprüfen Sie Ihre Internetverbindung.
628231268	\\AMD\\DxcCache
628321240	OfficeHub_del
629234085	Xbox_text
629258358	<StopIfGoingOnBatteries>false</StopIfGoingOnBatteries>
630073087	CleanerSavedMarks
631377148	\\Uninstall
631757111	Allow Internet activity
631950189	ExportExtsDone
632419099	SYSTEM\\CurrentControlSet\\Control\\Class\\{4d36e972-e325-11ce-bfc1-08002be10318}\\0001
632652808	serv11
632667528	BlockexeErrorSyntax
633104374	I
635203856	Telemetry is very smart name for service, that collects all user activity and sends it to Microsoft. So they could use it to improve their products.\r\n\r\nThis tweak disables all types of telemetry on Windows, Microsoft Office, Visual Studio.
636021895	Entfernt Müllpunkte aus dem Kontextmenü «Erstellen»
636557656	WiFiSession
636687743	checkAll
636721503	Serv3
637442546	KeyDominator
637472124	Полное отключение Контроля учётных записей. Этот твик избавит от значков щита, уведомлений безопасности и прочей ереси.
637705919	HH:mm:ss – dd-MM-yyyy
637937175	служба-политики-отображения
638088851	\\Boot\\PCAT
639056520	Отключить назойливое уведомление о безопасности от Центра уведомлений
639186607	NetworkError
639596578	Product
640123681	AboutAuthor
640462504	Win 10 Tweaker.ini
640894035	\\dmwappushservice
641619430	\\imageres.dll
642577391	R.I.P.
642980301	SysLastShutdown
643299445	wscsvc
643438936	telemetry
643818899	Это удалит саму папку «Объёмные объекты» из папки пользователя
644385584	20
644496693	It is important to understand:\r\nCertain configuration can make unavailable the Applications category.
644816360	служба-регистрации-управления-dmenrollmentsvc
645158100	\\GodMode
645363333	Версия:
645526320	checkAll2
645631445	Cleaned2
645798309	\\Microsoft\\Edge\\User Data
645980580	Serv10
646046732	English
646707618	Ваш e-mail:
647056891	\\WinBioDatabase
647166443	OptTip5
647412283	Здесь вы можете удалить любое приложение простым нажатием на крестик в углу иконки.\r\n\r\nЧтобы восстановить любое приложение, просто кликните на его иконку.
647731082	URL
647786767	Möchten Sie unwiderruflich löschen?\r\n\r\nWenn Sie Ja klicken, wird die Anwendung unwiderruflich entfernt.\r\nWenn Sie Nein klicken, kann die Anwendung zurückgegeben werden.
647954967	%WINDIR%\\system32\\unregmp2.exe /ShowWMP /SetShowState
648293470	DimText
648672497	rundll32.exe shell32.dll,Control_RunDLL appwiz.cpl
648737225	The rule already exists
648818135	\\key.txt
649021462	OneDrive
649336603	notepad.exe
649468940	Toggle02
650152339	https://www.virustotal.com/ui/files/
650393286	Firewall_Allow
651172662	PWN
651214967	ServStepsLabel
651547498	If you use only 1 monitor and don't plan to connect another one, you can safely check this item.
652807048	DefenderAuditLogger
653299927	ChooseCompressionMethod
653907683	WindowsAlarms_text
654010859	диспетчер-удостоверения-участников
655442698	\\Explorer
655487043	Control Panel\\Cursors
655587907	Disable Cortana and all child processes
655790409	\\shell\\edit\\command
656210491	\\ServiceProfiles\\NetworkService\\AppData\\Local\\Temp
656233288	StickyNotes_del
656549314	WindowsMaps_
656763742	checkBoxCleaner8
657101880	Removing all system languages not used by Windows
657174030	DefaultTTL
657433067	Folder\\shellex\\ContextMenuHandlers\\Library Location
657779171	APISaved
658158516	StartupForAll32
659151800	YouTubeMainLabel3
659256168	PersonalExplorerNetwork
659386255	AarSvc_
661885119	\\command
662197477	DoubleBuffered
662359949	ZuneVideo_text
663201961	OptHour
663677364	Windows - Einstellungen
663785732	Standardmäßig verursachen ausführbare Dateien, die auf dem Computer ausgeführt werden, diese Warnung:\r\n\r\n"Dateien,\r\n            die aus dem Internet heruntergeladen werden,\r\n            können Ihren Computer beschädigen..."\r\n\r\nDieser Tweak deaktiviert diese Warnung.
664235433	\\Explorer\\UserAssist\\{F4E57C4B-2036-45F0-A9AB-443BCFE33D9F}\\Count
664427985	rtffile\\
664507511	SENS
665823764	8
666301119	\\CompatTelRunner.exe
666709259	\\Microsoft\\Windows Defender
667018377	Autostart
667167368	System4
668029999	SpecifyDriversDirectory
668798168	OptSure
668861363	CleanerException3
669100931	EmailForActivation
670144064	\\Microsoft\\Windows Defender\\Scans\\History\\Results\\Resource
670536916	System11
670664562	StartupShortcut4
670813414	checkboxcleaner11
670862155	Verwenden Sie diese Kategorie besser nicht , weil Ihr Windows 7 ohne den Themes-Dienst komplett extrem schäbig aussehen wird.
670865598	Оберіть папку для сканування:
671731529	panelmenu6
672035322	I don't use Windows updates and install the components myself
672297301	hex(b):
673621174	подключено
674812219	Погода
674842743	Check6
675291111	{0}\\{1}\\{2} ➜ {3} ➜ {4} >1000
675860143	Похоже, что вы либо недавно делали очистку, либо система слишком свежая.\r\nПопробуйте позже.
676795764	Personal20minutes
676876674	SeRestorePrivilege
677006130	PersonalPanelPlateLabel
678684136	StatusFont
680226762	Remove?
681618527	Файл сценария VBScript.vbs
681633563	auf
681715649	PersonalBIO
682092947	Прискорення частоти мерехтіння курсору
682551262	schtasks /change /TN "
683044458	Shift9
685626257	ImportSuccessful
687297240	POST
688126506	Оптимізацію рекомендується виконувати після того, коли всі драйвери оновлені, а програми налаштовані.
688878740	RAMContextMenuWidget
689633543	Windows Registry Editor Version 5.00
689641787	SOFTWARE\\Classes\\WMP11.AssocFile.WAV\\shell\\Enqueue
689660008	_monitor
689810530	compact /c /s /a /i /q /exe:
690408806	Restore all applications
690720947	Microsoft doesn't sleep at night and thinks: is there something to diagnose that we can find?
690877625	Personal10minutes
691100910	SYSTEM\\ControlSet001\\Control\\Class\\{4d36e968-e325-11ce-bfc1-08002be10318}
691155634	Create Restore Point
692002320	*.tmp
692655051	Добавляет в контекстное меню папок пункт, позволяющий переключать видимость скрытых системных файлов и папок.
692711688	телефонная-связь
693190494	ms
694239486	DimText
694456750	\\Shell\\3D Print\\command
695568345	Если вы не используете VPN-клиенты на своём компьютере (при этом есть роутер), вам не нужны лишние службы. Отключение служб не помешает таким браузерам как Opera и Tor, работать с их встроенными якобы "VPN - соединениями".
695841424	Richtig
695950872	брокер-фонового-обнаружения-devquery
696401797	Aktiviert
697112819	Check57
697169602	Панель управления
697213890	SysInfo8
697655538	SCardSvr
697958126	%SystemRoot%_System32_WindowsPowerShell_v1.0_powershell.exe
697987329	HKLM\\Software\\Policies\\Microsoft\\WindowsMediaPlayer!GroupPrivacyAcceptance
699493124	CDPUserSvc
699681183	Upon reaching 40%
699741804	\\GPUCache
700514635	Die Suche nach doppelte Dateien und die Ersetzung durch feste Links. Es ist für alle Arten sicher: JPG, MP3 usw., jedoch, beim Ersetzen von Programmdateien besteht die Gefahr, es kann nicht mehr funktionsfähig sein.
701132648	SOFTWARE\\Microsoft\\PolicyManager\\current\\device\\Bluetooth
701317259	System.Net.WebException
701359309	ChooseCompression
701382855	Добавить пункт «Создать символическую ссылку»
701550272	/c 
702218086	Microsoft möchte wissen, wie oft Sie sich an den Support wenden. Dieser Tweak deaktiviert das.
702373895	ZuneVideo_
703091402	contextmenu5
704408280	command
704965550	Check41
705390857	Клик на объект включает/отключает его Автозагрузку\r\nКрестик удаляет объект из Автозагрузки без предупреждения
705444989	MaxSize
705903098	Copy to clipboard
706098106	\\INF\\setupapi.dev.log
706348313	contextmenu14
707041964	confidentiality11
707739157	NVIDIA решила, что, если Microsoft могут собирать данные об использовании компьютера, почему бы не начать заниматься тем же.\r\n\r\nДанный твик отключит телеметрию NVIDIA, разгрузив при этом работу компьютера.\r\n\r\nТвик не подходит тем, кто использует GeForce Experience.
708406304	SysInfo10
708676158	Your System doesn't need to compress Windows now.
708971224	SOFTWARE\\Microsoft\\Windows\\CurrentVersion\\ContentDeliveryManager\\SuggestedApps
708977298	.dxf
709179911	NoWorkingDirectory
709325009	Start_TrackProgs
709717698	\\DiagTrack
710423341	system12
710502130	96
710579739	%SystemRoot%\\system32\\twext.dll
710858434	Serv20
711577252	TogglesPanel
715337278	cmd.exe /c ren C:\\Windows\\system32\\upfc.exe upfc.bak
716189627	AppData
717320558	OptDrop
717352922	ServNoChoice1
717408432	000
717571379	Wenn Sie keine Apps von Windows, einschliesslich Mail, Taschenrechner und den Windows Store nutzen, können Sie sicher eine Vielzahl von Diensten deaktivieren.\r\n\r\nEs ist WICHTIG zu verstehen, dass auf die Anwendungsverwaltung (Deinstallation, Installation, Aktualisierung) nicht mehr zugegriffen werden kann. \r\nBesuchen Sie daher zuerst die Kategorie Anwendungen in Win 10 Tweaker.
719162712	DoubleBuffered
719311124	ShowHideSysFldrs
719408628	RemoveAllPermanently2
719658835	Check52
720358644	.fucked
720883501	Check8
723737717	\\Microsoft\\Windows Defender\\Network Inspection System\\Support\\NisLog.txt
724339232	contextmenu6
724731278	MediaStorage 
724836403	Interface6
726252450	HKEY_LOCAL_MACHINE\\SOFTWARE\\WOW6432Node\\Microsoft\\Windows\\CurrentVersion\\Run
726371401	OptTip1
726444262	Безповоротне видалення
726765663	\\AppData\\Roaming\\Origin\\CatalogCache
727405981	Check78
727481791	SELECT * FROM  Win32_BaseBoard
728279636	ModelDownloadAllowed
729017862	Щоб виправити Numlock, що довільно вимикається (цифри праворуч клавіатури),\r\nзастосуйте цю конфігурацію.
729070046	Sperren
729339544	ChangeLog
729778722	Замінити
731328306	Confidentiality1
732447794	Tagen
733365938	serv3
734025366	checkboxcleaner18
734356553	\\INF
735111000	Your Windows lowers the quality of the wallpapers you set.\r\nYou can disable this disservice by clicking Apply.
735305830	Слабке
735353730	HKLM\\Software\\Policies\\Microsoft\\Windows\\WindowsUpdate\\AU!**del.ScheduledInstallEveryWeek
736243763	AgreementHeader
736801093	windowsappruntime
738044001	Alle defekte Verknüpfungen wurden erfolgreich gelöscht.
738076244	Диспетчер устройств
738533412	Заморозка\r\nБуквально замораживает процесс/программу целиком. Это не значит, что программа зависнет. Это значит, что процесс/программа будет поставлена на «паузу». Введите explorer, чтобы протестировать.
738961547	People
739796430	If you've disabled Windows Defender, it is worth turning off additional background services that are not directly related to Defender but are related to Windows security.
740412445	DisagreeButton
740720528	Toggle08
741051320	WindowsMaps_
741199824	regedit
742336147	Die Anfrage konnte nicht verarbeitet werden, da auf Ihrem System kein Standardbrowser eingestellt ist. Stellen Sie in Ihrem System ein Standardbrowser ein und denken Sie nach, ob Sie ein Original Windows verwenden haben.
742747570	PerfHost
742811877	This tweak disables and disarms Cortana and all its related services.
743834653	Toggle01
744662227	Keine Kopien oder Duplikate
745306576	Скопировать
745369651	This tweak disables two spy modules, that collect data about your activity and inactivity while using PC.
745529258	.tiff
745751283	JPEGImportQuality
747172761	NtfsLog
747609073	cmd.exe
748408450	MenuLabel10
749095769	NoLockScreenCamera
749743370	panelChoiceLine
750024497	Angewandt
750658044	EnableSecureUIAPaths
750744923	confidentiality8
750831484	Hotkey
751083561	«Navigationsbereich» deaktivieren
751213017	\\Explorer\\Search\\Preferences
751481919	Paint_text
752569711	OptWaitRestore
753093874	Dieses Programm wird nur mit dem aktuellen Konto ausgeführt.
753225980	SysInfo4
753312753	ShowTaskViewButton
753356067	printworkflow
753583285	Programs and Features
754017177	Check62
754059015	SOFTWARE\\Classes\\.bmp\\ShellNew
754495539	interface5
755280990	Безпечний режим
755307471	https://www.virustotal.com/vtapi/v2/file/scan
755322033	Состояние системы до Win 10 Tweaker
755349395	\\Explorer\\Advanced
756165018	\\AMD
756197901	BingWeather_
756270201	Choose compression method:
756427463	serv31
756636199	Anpassen
756643116	Додає до контекстного меню зображень пункт, що дозволяє завантажувати JPG, PNG, GIF, BMP на хостинг зображень ImgBB.com\r\n\r\nПісля завантаження посилання копіюється в буфер обміну.
756671886	Безвозвратное удаление
757796647	OptDone
757845352	SysInfo11
757930155	%WINDIR%\\ehome\\mcspad.exe showicons
758206884	Отпустите
758364842	{d3162b92-9365-467a-956b-92703aca08af}
758405979	LogoutRequired
759420956	Применяя этот пункт, вы не просто отключаете указанный функционал, но и блокируете сразу тонну шпионов от Microsoft.
759638960	uncheckAll
759980461	_gpu1
760840568	Xbox_text
761087114	ExportFileNotice1
761352927	OptTip1
761400204	Добавить пункт «Копировать в буфер» на изображениях
761556024	 SCSI Disk Device
762002329	SysInfoMonitor
762831175	Восстановить предыдущую версию
763347541	serv30
763533794	(перейти на beta)
763768249	Извлечь
764055445	Sketch_text
764346876	По умолчанию, исполняемые файлы, запускаемые на компьютере, вызывают такое предупреждение:\r\n\r\n«Файлы, скачанные из интернетов, могут навредить вашему компу...»\r\n\r\nДанный твик отключает это предупреждение.
764367901	KB
764657038	@%SystemRoot%\\system32\\devmgr.dll,-4
765642397	imageres.dll,312
766006939	Uploader{0}
766107122	Xbox_text
766708209	Я не использую ничего от Xbox, ни геймпад, ни сохранения игр Xbox
767311747	NetworkError
768687882	System12
768868200	MuiVerb
768922529	Видалить папки інсталяцій драйверів NVIDIA / AMD / Intel та інші.
769067845	This tweak reduces size of Minimize, Maximize and Close buttons by 20%
769950900	Твик сделает скролл-бар (полосу прокрутки) в окнах и программах тоньше на 17%.
770005624	LocalGroupPolicyEditor
770182151	SysInfo10
770254970	Win 10 Tweaker Pro
771107192	\\SoftwareDistribution
771172875	Skype_
771499296	LeftMenu8
773035367	Anwendungen
773243357	OptTip1
773736154	.bat
773995915	Wenn Sie für Windows Home Unterstützung \r\nfür Gruppenrichtlinien erhalten wollen, \r\nklicken Sie auf diese Nachricht.
776851168	StartupAutorunWarning
777158065	ddd, {0}
777783408	dism
778701612	rstrui
779230343	Очистка кэша браузеров Cent, Chrome, Opera, Firefox, Яндекс и прочих
779271556	Активувати Pro-версію
779409103	DefenderApiLogger
779439339	compact /c /s /a /i /q "%systemroot%\\*.*" && compact /c /s /a /i /q "%programfiles%\\*.*" && compact /c /s /a /i /q "%programfiles(x86)%\\*.*" && compact /c /s /a /i /q "%programdata%\\*.*"
779444556	\\\\
780260259	Adding to executable files and links context menu item, that Allows/Denies them to access Internet connection.
780976163	Treiber exportieren
780979554	\\Shell\\3D Print
781747053	Цей твік не застосований
781952090	\\Microsoft\\EdgeCore
782474737	LanmanServer
782824714	OK
782845739	OptLaptopWarning
782931591	\\Wecsvc
783221855	\\SafeMode
783613238	SeIncreaseQuotaPrivilege
784172442	Ноутбук
784765402	I don't use VPN (special VPN clients)
785210617	Применить
785460824	Want to permanently delete?\r\n\r\nIf you click Yes, the app will be permanently deleted.\r\nIf you click No, the app can be returned.
786049529	StartupForAll32
786253750	checkBoxCleaner10
786704259	YouTubeMiniLabel1
786780564	Serv32
787174208	serv2
787387658	StartupAddItem
788002539	Виконується відновлення:
788045412	CaptionWidth
788393093	confidentiality8
789272751	Ihr Windows schließt standardmäßig die Möglichkeit aus, die Eingabeaufforderung von Ordner zu starten. Mit dieser Empfehlung, können Sie sie zurückgeben.
790436629	Taskkill /f /im "
790872941	YouTubeMainLabel2
792245757	Додає в контекстне меню файлів пункт, що дозволяє завантажувати будь-які файли на файлообмінник з додаванням прямого посилання на файл у буфер обміну.
793248234	Копіювати в буфер
793750689	PersonalStorage
794510166	TrustedInstaller
794543615	SSDPSRV
794696318	Check63
795264969	Було очищено: 
796616993	VirusTotalSelectFiles
796649357	Поставить все галочки
796673630	IE10TourNoShow
796696672	ControlPanelName
797538291	.3ds
797581562	Очистит кэш обновлений Windows.
797633257	Software\\Classes\\CLSID\\{20D04FE0-3AEA-1069-A2D8-08002B30309D}\\shell\\ProgramsAndFeatures
797685930	SysInfoAverage
798358706	checkBoxCleaner16
798426783	Check54
798518636	interface16
798716147	CommandWindow
798719223	Schau mal ein erklärendes Video zu Windows-Diensten an\r\nYoutube
799235996	StartupShortcut2
799684364	Check41
799698045	OneSyncSvc
800162190	Додати «Стати власником і отримати повний доступ»
800344304	Abbrechen
800809510	C:\\Windows\\System32\\playtomenu.dll
801857799	{06622D85-6856-4460-8DE1-A81921B41C4B}
801928855	Добавить пункт «Разрешить/Запретить доступ в интернет»
801957362	System1
802215494	Fügt ein Element zum Kontextmenü der Ordner hinzu, mit dem Sie den Inhalt eines beliebigen Ordners löschen können, die Bestätigung umgehen und den Ordner dabei behalten.
803178287	LxpSvc
803933090	Я не використовую нічого від Xbox, ні геймпад, ні збереження ігор Xbox
804301749	drvexport
804808860	Confidentiality15
804922348	ApplyButton7
805203122	Ваша Windows резервирует под свои нужды несколько ГБ свободного места на системном диске. Чтобы отключить зарезервированное хранилище, просто нажмите Применить.
805364793	\\Microsoft\\Search\\Data\\Applications\\Windows\\GatherLogs\\SystemIndex
807337419	Komprimierung des Betriebssystems, um Platz zu sparen.
807440325	{f86fa3ab-70d2-4fc7-9c99-fcbf05467f3a}
807621371	\\AppContainer\\Storage\\microsoft.microsoftedge_8wekyb3d8bbwe\\MicrosoftEdge\\PhishingFilter
808006840	Photos
808299352	SmsRouter
808625330	\\NVIDIA Corporation\\Installer2
809083248	Центр відгуків
809165273	{8A734961-C4AA-4741-AC1E-791ACEBF5B39}
809993723	serv21
810093106	Добавит на Рабочий стол значок, а не ярлык «Компьютер».
810554590	This item will disable the useless Themes service. If you've already customized your theme and are happy with the sounds and cursors, you don't need this service. Wallpapers can be changed anyway.
810755491	ResAllButton
810779764	AppCompat
812124173	.log
812523308	/command:
812835666	Store
813225927	Служби
813540486	PersonalJPEG
814059379	tip2
814189466	installierte Anwendungen
814215185	warpjitsvc
814397456	StartupYellowTip7
815322571	Ви добряче звільните ресурси комп'ютера, відключивши служби, що займаються збором і обробкою помилок.
816047314	ServCancel
816249589	Ihr Windows verringert standardmäßig die Qualität der festgelegten Hintergrundbilder.\r\nSie können diesen Dienst deaktivieren, indem auf Übernehmen klicken.
816401691	\\Microsoft\\Windows\\WER
817339838	StartupService
817849013	\\PeerDistRepub
818051288	Deaktivieren Werbe-ID und Werbungen
819523608	NewVersionAvailable
819529347	IP-адрес:
819734007	1806
819969615	ContextMenu3
820710407	Це видалить саму папку «3D-Об'єкти» з папки користувача
820716089	Я не использую виртуальные машины Microsoft
821067155	connected –
821139245	/c 
821194451	interface2
823157018	11
824132738	wscript C:\\Windows\\SafeMode.vbs cmd
824641769	ContextMenu17
825007263	system8
825121996	Personal10minutes
825830884	YouTube3
826025507	Solitaire_text
826727620	Administrieren
826768663	Executing
826823387	\\Microsoft\\Windows Defender\\Network Inspection System\\Support\\NisLog.txt
827308502	RemAllButton
827975792	Win 10 Tweaker Pro Features:\r\n• Optimization (Compression, Clearance, Dupes replacing)\r\n• Clearance and optimization with /clean /kill /widget /tray keys\r\n• Export and Import Settings (include -import)\r\n• Export and Import Drivers (backup and restore)\r\n• Export and Extensions (for future restore)\r\n• Personal recommendations (bug fixes, unique features)\r\n• Monitoring the relevance of user APIs\r\n• Virus scanning and much much more
828411391	https://suggestqueries.google.com/complete/search?output=firefox&client=firefox&qu={searchTerms}
828507411	checkboxcleaner16
828578297	{f7300245-1f4b-41ba-8948-6fd392064494}
829859550	contextmenu10
830153448	System13
830215214	StartupShortcut2
830458547	associators of {{{0}}} where AssocClass = Win32_DiskDriveToDiskPartition
830770905	SYSTEM\\CurrentControlSet\\Control\\Power\\PowerSettings\\7516b95f-f776-4464-8c53-06167f40cc99\\8EC4B3A5-6868-48c2-BE75-4F3044BE88A7
830887673	Es löscht der Verlauf den angeschlossenen USB-Laufwerke an diesem PC. Es ist nützlich für diejenigen, die keine Spuren hinterlassen möchten und denen es nicht gefällt, dass den Buchstabe des USB-Sticks gespeichrt wird und setzt nicht zurück, aber Sie das benötigen.
831355950	Результат сканирования.png
831603037	tip6
831963238	.jpeg
832826919	Удалить мусорные пункты из контекстного меню Создать
833261606	Check64
833327260	Weather
833573164	RmSvc
833627056	\\Microsoft\\SmsRouter\\MessageStore
833637422	Deny
833886302	Wenn Sie dieser Tweak anwenden, wird Windows-Defender angehalten, aus den Autostart-Ordner deaktiviert, aus das Kontextmenü ausgeschnitten und SmartScreen abgeschnitten, ohne dass es ausgeführt wird.\r\n\r\nSmartScreen ist ein solcher Filter, der für Sie entscheidet - ob Sie die gefahrvolle Website besuchen oder nicht.\r\n\r\nWenn Sie EDGE oder Microsoft Store verwenden, wird die Deaktivierung von Defender und SmartScreen nicht empfohlen.
835420810	checkboxcleaner9
835421360	MuiVerb
837017580	ServRestoreTooltip
837122705	Restore
837160108	SystemPaneSuggestionsEnabled
837190333	секунд
837392608	-270
837451877	DirectXIsMissing
837471666	Zurücksetzen der Konfiguration
837720684	Ram40
837806104	Microsoft\\Windows\\CurrentVersion\\Explorer\\MyComputer\\NameSpace\\{0DB7E03F-FC29-4DC6-9020-FF41B59E513A}
838423303	Удалит все системные отчёты Windows, включающие в себя отчёты об ошибках, отчёты об установках, отчёты состояний установки драйверов и т.д.
839100203	Копій та дублікатів немає
839940401	PersonalPanelHeaderLabel
840089461	Check9
840582880	ServAI
840769458	\\SoftwareDistribution\\SLS
841186262	ServBonus2
841721913	\\command
841873260	Очистка кэша инсталляций NVIDIA (Installer2) и Microsoft Office (MSOCache)
842069624	\n
842676340	del
844020028	AJRouter
844792940	Если у вас ноутбук, не стоит делать компрессию выше уровня ноутбука. У некоторых пользователей ноутбуков (менее 1%, но все же) возникли проблемы с некоторыми драйверами после использования более высокого сжатия.Wenn Sie einen Laptop haben, lohnt es sich nicht, eine Komprimierung über dem Laptop-Level durchzuführen. Einige Laptop-Benutzer (weniger als 1%, aber dennoch) hatten Probleme mit einigen Treibern, nachdem sie eine stärkere Komprimierung verwendet hatten.\r\n\r\nSind Sie sicher, dass Sie Komprimierung-Level wirklich ändern möchten?
844957102	ItemName
845199023	\\NetFramework.exe
845399547	Зробити cmd, PowerShell та Контекстне меню менш страшними
845648633	Dieses Objekt befindet sich in Diensten
845758081	background-repeat: no-repeat; -webkit-background-clip: text; -webkit-text-fill-color: transparent; -webkit-animation-name: shimmer; -webkit-animation-duration: 2.2s; -webkit-animation-iteration-count: infinite; -webkit-background-size: 8rem 100%; /*50px*/ }
846053190	pictureBox1
846600805	Правило успешно создано
846742767	Fügt ein Punkt zum Kontextmenü den Dateien und Ordnern hinzu, mit dem Sie als Besutzer des Objekts werden kann und vollen Zugriff darauf erhalten. Erforderlich, wenn das System keine Änderungen zulässt.\r\n\r\nWenn Sie brauchen, dass das Element nicht dauerhaft angezeigt wird, stellen Sie das Häckchen (Shift+RMt) - Sie können das Element nur mit Shift + RMt aufrufen.
846868917	AppInstalled1
846910967	служба-сетевых-ресурсов-windows-media
847401062	Прискорює всюди частоту мерехтіння курсору при наборі тексту.
847425098	\\Explorer\\CommandStore\\shell\\Reboot
847883207	Check77
847980711	дубликатов можно заменить жёсткими ссылками:
848311479	Ярлык на этот объект находится в папке:
849648497	Run silent RAM Cleaner on Windows start
851678948	Ich verwende keine Windows-Leistungsindikatoren
852987884	OneDrive
853000507	Firewall_Allow
854786591	OptStartCompress
854875094	Widget
855973780	TipAutorunsWin7
856094802	command
856176271	ServCancel
856347017	UptimeSeconds
856389067	SuperButtonRun
856488446	YouTubeMiniLabel2
856596381	ThreadingModel
856636836	.jpg
858509545	RAMCleanerMM
858616537	Якщо ви знайомі з VirtualBox, то вам точно не захочеться мати справу з віртуалізацією від Microsoft.
860110778	Check55
861572335	Datenträgerverwaltung
861880113	\\Microsoft OneDrive
861993387	Pin to Start
862122843	Reinigung RAM + Cache RAM
862713071	Очистить кеш, історію, звіти та тимчасові файли Захисника Windows.
863633266	ZuneVideo_text
863843632	Möchten Sie wirklich dauerhaft löschen?
864374219	Очищення системи від застарілих драйверів, дублікатів цих драйверів, а також їх резервних копій.
864706456	\\Microsoft\\Internet Explorer\\Recovery\\Active
865418783	ToggleDisabled
865562149	<ExecutionTimeLimit>PT0S</ExecutionTimeLimit>
866240404	BTAGService
866380463	Mittler
866390480	OptRestore2
867236664	Комп'ютер працює:
867381140	MenuLabel7
868342957	Сброс
868563915	ServRestoreButton1
868577596	\\MSOCache
868774959	Label
868874088	SysInfo8
869054545	Start clearance
869111182	zzz
869323841	ZuneMusic_
869712033	IE10RecommendedSettingsNo
872080810	CertPropSvc
872149121	SYSTEM\\CurrentControlSet\\Services\\wscsvc
872233221	SOFTWARE\\Microsoft\\Windows NT\\CurrentVersion\\PasswordLess\\Device
873194981	\\Application
873405919	.jpg
874267316	\\steamapps\\common
874322095	Run custom cleanup on Windows start
874451551	Textdokument-Einstellungen korrigieren
875568932	В данный момент приложение
875644888	All Metro apps deleted.
878273873	OptTip5
878761393	Duplikate können durch feste Links ersetzt werden:
878874783	Check76
879098662	confidentiality7
879513949	Applications\\photoviewer.dll\\shell\\open
879686737	calculator
880306486	PersonalUP
881278070	SOFTWARE\\Classes\\WMP11.AssocFile.MP4\\shell\\Enqueue
881753371	Выберите объект, который нужно добавить в Автозагрузку
882543909	cmd
883217316	3
884469481	ApplyButton1
884492180	I don't use Windows Kiosk / idk what it is
884510524	SafeModeCMD
884792467	cmd /d /c "netsh advfirewall firewall add rule name="%1" dir=in action=block program="%1" & netsh advfirewall firewall add rule name="%1" dir=out action=block program="%1""
884802342	1
884865417	Если вы используете лишь 1 монитор и не планируете подключать дополнительные, можете безопасно отметить этот пункт.
884930014	system12
884939672	Блокировка\r\nПозволяет блокировать запуск исполняемых файлов. Если вы введёте, например, iTunesHelper.exe, то даже после обновления iTunes, процесс iTunesHelper.exe никогда не сможет появиться в Диспетчере задач.
885366217	PersonalRestore
885746180	Clearing RAM cache and terminating background processes
885922053	Объектами Автозагрузки могут быть:\r\nlnk, exe, bat, cmd, vbs
886423559	SmCaptionFont
886936639	Sketch_
887351926	Ви успішно відмінили усі твіки, застосовані за допомогою Win 10 Tweaker
887830288	Software\\Classes\\CLSID\\{20D04FE0-3AEA-1069-A2D8-08002B30309D}\\shell\\ControlPanel
887933296	Interface3
887946977	Applications\\
888650004	IE10TourShown
890111760	\\Icaros
890124745	BingSearchEnabled
890174835	This program runs in «Task Scheduler».
890358847	Твік зробить скрол-бар (смугу прокрутки) у вікнах і програмах тонше на 17%.
890926658	SkinPro
890978842	CheckForUpdates
891431692	Toggle12
891821708	for %x in ("Deleted", "DeletedAllUserPackages") do rd /s /q "C:\\Program Files\\WindowsApps\\%x"
892201538	Disable Performance Counters
892474825	Serv21
892766469	DoSvc
893420454	confidentiality11
893597043	Edit with Paint 3D / Print 3D
893647233	.gif
893663415	Я не використовую ні USB-модеми, ні USB-роутери
894303110	Durch das Erhöhen des Dateisystem Caches kann Windows nicht so oft auf dieses Dateisystem zugreifen, sodass alles im RAM verarbeitet werden kann.\r\n\r\nWenn Sie mehr als 4 GB RAM-Speicher und SSD-Festplatte haben, empfehlen wir dieser Tweak verwenden.
895421178	Serv12
895689257	@%systemroot%\\system32\\mspaint.exe,-59414
896080938	contextmenu7
896531269	Это действие нельзя будет отменить.\r\nПродолжаем?
897342779	10
897371996	Einstellungen
897835330	Check44
898397531	root\\CIMV2
898649980	Your e-mail:
898691023	ContextMenu6
900193776	SmartScreenEnabled
900273259	MessageLabel
900627481	Ram40
900676027	UserDataSvc_
900709571	https://download.microsoft.com/download/1/7/1/1718CCC4-6315-4D8E-9543-8E28A4E18C4C/dxwebsetup.exe
900948579	Убрать дубликаты дисков
900956658	root\\WMI
902452715	fix.exe
903393675	Keine Duplikate
903445218	MenuItem2
904899278	\\Tasks\\Win 10 Tweaker (AntiSpy)
905035698	SettingsIcon
905348056	Software\\Microsoft\\Windows\\CurrentVersion\\Notifications\\Settings\\QuietHours
905687843	UptimeSeconds
905764036	Compress all system files and program files on the\r\nsystem drive.
905975941	command
906476326	Medium
906881671	CLSID\\{596AB062-B4D2-4215-9F74-E9109B0A8153}
907696730	Interface15
907872639	Serv5
909441792	ContextMenu6
911308577	Даний об'єкт знаходиться у службах
913104822	SysInfo2
913685196	Отключает и обезвреживает Cortana сразу двенадцатью приёмами.
914741706	ServNo
914757888	UploadOnImgur
915063146	20
915438601	Lifetime Win 10 Tweaker Pro
915760238	CleanerLog
916106279	PnPCapabilities
916225889	HKLM\\Software\\Policies\\Microsoft\\Windows\\Windows Error Reporting!Disabled
916519132	SOFTWARE\\Classes\\.zip\\CompressedFolder\\ShellNew
916564388	Disabling hidden background refresh of speech synthesis
916591951	Видалення всіх тимчасових файлів у всіх тимчасових каталогах
916592944	YouTube1
916745680	Deaktivieren alle Häkchen
917530018	\\Win 10 Tweaker.ini
918284821	CopyAll
918296558	Applications\\
918399324	Feedback_
918883818	Alle Apps wurden gelöscht.
918940322	Microsoft wants to know, what type of data you prefer to work with.\r\n\r\nThis tweak disables such data collection and will not allow them to be sent to Microsoft.
919193373	schtasks /change /tn "\\Microsoft\\Office\\Office ClickToRun Service Monitor" /disable &schtasks /change /tn "\\Microsoft\\Office\\OfficeTelemetry\\AgentFallBack2016" /disable &schtasks /change /tn "\\Microsoft\\Office\\OfficeTelemetry\\AgentFallBack2016" /disable &schtasks /change /tn "\\Microsoft\\Office\\OfficeTelemetry\\OfficeTelemetryAgentLogOn2016" /disable &schtasks /change /tn "\\Microsoft\\Office\\OfficeTelemetryAgentFallBack2016" /disable &schtasks /change /tn "\\Microsoft\\Office\\OfficeTelemetryAgentLogOn2016" /disable &schtasks /change /tn "\\Microsoft\\Office\\OfficeTelemetryAgentFallBack" /disable &schtasks /change /tn "\\Microsoft\\Office\\OfficeTelemetryAgentLogOn" /disable &schtasks /change /tn "\\Microsoft\\Office\\Office 15 Subscription Heartbeat" /disable &schtasks /change /tn "\\Microsoft\\Windows\\Device Information\\Device" /disable &schtasks /change /tn "\\Microsoft\\Windows\\Device Information\\Device User" /disable
919443580	ContextMenu16
919482069	Restore
921043859	YouTubeMainLabel4
921529846	ServReset2
922420276	служба-hyper-v-powershell-direct
922572979	Check62
923314041	MenuShowDelay
927106745	Check72
927135142	AdvertisingInfo
927566823	VBEFile\\
927577658	HideFileExt
927593636	Start retraining the Neural Network?\r\nIf you choose No, the previous training will be used.
927928453	extexport
927962438	ImportSuccessful
928233859	Б
929785220	Kopiert
931350364	Даний твік зупинить та деінсталює OneDrive, видаливши всі його сліди в системі.\r\n\r\nПАМ'ЯТАЙТЕ, у процесі Microsoft видаляє всі дані, які ви синхронізували з OneDrive.
932354146	checkAll
933004309	serv32
933897565	RestoreContextMenu9
934007013	служба-синхронизации-времени-hyper-v
934131572	Check53
934428019	Удаление всех файлов всех существующих диагностик в Windows
934866260	Применением этой рекомендации вы можете вернуть расширенное контекстное меню, чтобы оно раскрывалось сразу, без дополнительных телодвижений.
935126434	NewVersionAvailable
935777615	\\System32\\Tasks\\
936340499	Data
936382549	видалена
936578923	Учитывая, что у вас стационарный компьютер, а не ноутбук, можете спокойно отключать биометрию (Windows Hello в целом).
937524552	Об'єкти, які ви тут бачите, запускаються при кожному включенні комп'ютера
937809748	Служби з цієї категорії\r\nна вашому комп'ютері не виявлені
937840153	RestoreConfidentiality6
937848244	EFD29E
938054377	У вас досить продуктивний ПК, щоб збільшити розмір кешу прев'ю зображень. Таким чином, він (кеш) не буде занадто часто переписуватись (насилувати HDD / SSD).
938164775	ChooseCompression
938474796	buttonNo
938558896	HKLM\\Software\\Policies\\Microsoft\\Windows Defender\\Spynet!**del.SpynetReporting
939154852	ResAllButton
939603220	служба-avctp
939733901	При достижении 70%
941314606	Check23
941667207	Vorkonfiguration des Internet Explorers
941735612	В Windows 10 есть модуль, который подписан Microsoft, но не описан ею. Задача его простая – шариться в папке вашего профиля и искать там интересную информацию. Этот твик прекратит бессовестное поведение Microsoft так делать.\r\n\r\nТвик также отключит «Хронологию», «Ваш телефон», «Виртуальные Рабочие столы» и «Ночной свет». Либо так, либо со шпионом.
942180581	will no longer be cleaned.\r\n\r\nAll exceptions you can find in Win 10 Tweaker.ini
942396391	SysLastShutdown
942415036	LeftMenu4
942769628	OptOldDriversDeleted4
943131976	SSD
943140067	SYSTEM\\CurrentControlSet\\Services\\NlaSvc
943432002	Weiterleiten
943825655	Заменено дубликатов:
944157451	\\Uploadee.exe
944234286	Die Datei, die Sie überprüfen, wurde noch nie in den VirusTotal geprüft, und deswegen müssen Sie ein paar Sekunden warten, bis fünfzig Antiviren-Programme es scannen.\r\n\r\nWir empfehlen nicht, zu oft zu prüfen.
944304626	\\shell\\
944343734	English
944933675	Нейромережа навчена новим каталогам для сканування сміття в категорії Очищення.
944966292	UserDataSvc_
945356308	; 
946163332	03SHA256
946357136	\\$WinREAgent
946460280	SystemValueRestored
947353597	OneDriveSetup
948930922	Zusammen mit Windows eine RAM-Reinigung starten
949571994	Запись голоса
950255393	Bei der Erreichung von 80%
951322594	MessagingService
951920512	SysInfoMilliseconds
952479658	serv11
952663015	This is a popup message with the selected skin.
955147415	GetFileHash2
955484957	Es ist wichtig zu verstehen:\r\nBestimmte Konfiguration von Diensten können dazu führen, dass Anwendungen in der entsprechenden Kategorie nicht mehr verwaltet werden können.
955875068	Zeigen Sie mit der Maus auf ein Objekt, um eine detaillierte Beschreibung zu erhalten.\r\n\r\nDurch Klicken auf das Pfeilsymbol neben dem Kontrollkästchen stellen Sie den Systemwert wieder her, der standardmäßig in Windows gespeichert ist.
955943473	ГБ
956043173	Edit
957654859	OptDuring
958606214	Активована Pro-версія!\r\nПрограма буде перезапущена.
958944291	Search
959074378	Додати пункт «Копіювати в буфер» на зображеннях
959379926	VirusTotalSelectFiles
960274930	SkinPro
961807697	LeftMenu1
961809123	If you don't use VPN clients on your PC, you don't need their services. Disabling services won't affect browsers such as Opera and Tor from working with their supposedly built-in «VPN connections».
961951890	Fügt ein Element zum Kontextmenü von Ordnern hinzu, mit dem Sie die Sichtbarkeit verborgener Systemdateien und Ordner ändern können.
962521842	7 Home
962614684	confidentiality4
962929639	YouTubeMainLabel4
964145539	Enabled
964522718	Machen cmd, PowerShell und Kontextmenü weniger beängstigend
965736059	aab7c4
965882510	InstallService
966044330	_del
966872085	serv5
967119346	Cast to Device
967206902	checker2
967579026	AppsNewSize
967659936	powershell -windowstyle hidden -command "(get-filehash -algorithm 
967676118	Check2
968175982	Arial
969668831	AllowSearchToUseLocation
969851102	Check79
970767616	\\wuauserv
971150060	netcenter.dll,5
971336153	SOFTWARE\\Classes\\CLSID\\{86ca1aa0-34aa-4e8b-a509-50c905bae2a2}\\InprocServer32
971929377	linkmenu1
972037608	HKLM\\Software\\Policies\\Microsoft\\SQMClient\\Windows!CEIPEnable
972622646	{0}\n\n==========\n{1}
972844595	ContextMenu9
972903213	checkBoxCleaner5
973139419	Drop Files Here
974022474	confidentiality16
974664457	WindowsMaps_text
974713003	Broken Shortcuts
974753458	– запускається при старті Windows
974864486	interface1
975005382	Експорт драйверів
975473546	Програми та засоби
975724822	RemAllButton
976797887	WiFiDriverIHVSession
977150712	Upload on ImgBB
978076778	SQMLogger
978227400	\\Microsoft\\input
978649310	\\Personalize\\command
979509233	Diagtrack-Listener
979877201	Folder\\shellex\\ContextMenuHandlers\\Library Location
979893504	ButtonBack
979932400	Change Key Sequence to Ctrl + Shift
979996735	Win 10 Tweaker.exe
980127408	de-DE
980965903	You have to Restart your PC
981330445	shell32.dll,176
981371110	\\drivers\\etc\\hosts
981675589	-list
981963467	ImportExtsDone
982111713	Ich benutze keine Bluetooth-Geräte (Mäuse, Lautsprecher, Kopfhörer)
982217026	\\shell\\UploadOnImgur
982464113	Als Besitzer werden und vollen Zugriff erhalten
983938189	\\Policies\\DataCollection
984104236	Description
985264285	PNRPsvc
985495467	restoreOpt
986097943	ImportExtsDone
986967317	\\Shutdown
987009347	Check81
987268259	Цей твік відключить синхронізацію всього, що синхронізує Windows:\r\n\r\n • Теми\r\n • Паролі\r\n • Налаштування Windows\r\n • Налаштування браузеру\r\n • Налаштування мовної панелі\r\n • Налаштування спрощеного\r\n   доступу\r\n • Додаткові налаштування
987473983	Reinigung den RAM-Speicher und Hintergrundprozesse
987857631	TipServices
987874554	hex:
988604105	Сжатая ZIP-папка
988678703	bthserv
989452310	Deaktivieren die NVIDIA-Telemetrie
989686208	imageres.dll,255
990294322	Ich benutze kein Fax, weder virtual, noch Netzwerk oder lokal
990669382	Add New
990693655	Если вы не используете локальную сеть, этим пунктом вы сможете отключить сразу пачку служб, периодически работающих в фоне.
994165462	Xbox_del
994223685	Довічний Win 10 Tweaker Pro
994765122	interface14
995007474	Performance
995096309	Software\\Microsoft\\Windows\\CurrentVersion\\Explorer\\FileExts
995517388	Warten! Die Reinigung läuft...
995799385	ContextMenu8
996589257	APISaved
996869351	10
997012544	PersonalDelayedAuto
997568720	UptimeSeconds
998497492	.cat
998518517	Services management in Windows
998848958	Serv24
999588876	Import den Einstellungen von Win 10 Tweaker
999596178	checkBoxCleaner13
999710241	ex 
999760313	Так виглядає поп-ап повідомлення з обраним скіном.
1001420313	Видалить всі системні звіти Windows, що включають у себе звіти про помилки, звіти про установки, звіти станів установки драйверів і т.д.
1001880498	Отключение скрытого мониторинга системы
1002518999	400
1002603099	HKLM\\Software\\Policies\\Microsoft\\Windows\\DeviceInstall\\Settings!DisableSendGenericDriverNotFoundToWER
1002868634	System15
1002965936	SQMLogger
1003221970	Відміна
1003232729	GodMode;
1003661358	" & exit
1004180147	AboutDescription
1004605605	PersonalMSI
1007082943	Reinigung den Cache der installierten Spielen, Steam, Origin, NVIDIA / AMD-Grafikkarten
1007208093	\\SafeModeNetwork
1007491360	Beenden
1007986593	Ukrainian
1008348829	AboutActivatePro
1008395096	Ich nehme keine Spiele und Sendungen anhand des Windows-Systems auf
1008411278	Застосуйте цю конфігурацію, якщо хочете перенести папку Temp у корінь диску.\r\nПісля застосування потрібно зробити перезавантаження.
1008743091	PublishUserActivities
1008818695	Синтез речи обновляется в фоне и без вашего согласия. Данный твик отключит эту возможность.
1009432636	Я не використовую Віртуальні робочі столи, Нічне світло, Ваш телефон
1009913610	Очистка кэша эскизов проводника, Windows и живых плиток
1010188704	Це зменшить розмір кнопок\r\nЗгорнути / Розгорнути / Закрити\r\nу вікнах на 20%.
1010672351	Зупинити та відключити UAC (Контроль облікових записів)
1011750012	VirusTotalImgBBCopy
1011820492	system15
1014051616	VirusTotalLastScan
1014777958	StartupShortcut1
1014830415	Якщо у вас немає сканера – вам не потрібні служби сканера.
1016568970	Dies ist das erste Mal, dass Sie das neuronale Netzwerk auf diesem Windows einschalten. Win 10 Tweaker muss die Künstliche Intelligenz erlernen, um selbst Papierkorbverzeichnisse zu identifizieren. Es kann ein paar Minuten dauern.\r\n\r\nStarten?
1016862100	https://www.virustotal.com/vtapi/v2/file/report?apikey=
1017222087	segoeuiz.ttf
1017277286	You can Apply this configuration to completely disable Notification Center and never see any notification from the Center again.
1017346954	SecurityHealth
1017868979	Тут ви бачите об'єкти, які запускаються разом із Windows при кожному включенні комп'ютера.\r\n\r\nПри наведенні миші на шлях об'єкту ви побачите його повний шлях.\r\n\r\nЩоб увімкнути або вимкнути будь-який об'єкт, досить просто клікнути на його ім'я.
1018241619	UmRdpService
1018752194	Пользовательское соглашение
1018816922	There is a bug in Win OS 8.1 and 10, when you Log off to Lock screen, display will turn off after 1 min, either you have other timeout. This tweak adds item to Advanced power settings, so you can change display turning off during Lock screen.
1018967665	RemoteRegistry
1019126509	I don't use anything related to Windows Media
1019403977	system13
1019558560	PersonalRecomendations
1020351486	Serv18
1020545802	SYSTEM\\CurrentControlSet\\Services
1020546494	Cursors
1020792667	OptCloseConfirm
1021386571	checkBoxCleaner9
1022016636	Neural network trained on new directories for scanning trash directories in the Cleaning category.
1023509584	bc1q53aljl6k6f9uktp63ssrj9lxykydrnqlhux2eh
1024278889	HKLM\\SOFTWARE\\Policies\\Microsoft\\Windows\\WDI\\{9c5a40da-b965-4fc3-8781-88dd50a6299d}\\!ScenarioExecutionEnabled
1024410876	WindowsMaps_text
1025511952	DefenderApiLogger
1026441576	IsolatedCommand
1027678266	AboutUpdateBeta
1027945929	EnabledV9
1028488648	*.exe
1030022813	This button will restore the original size of WinSxS
1030332975	energy-report-latest
1030446593	MBSize
1031258904	-255
1031478238	RAMContextMenuClose
1031910023	system12
1032834055	Firewall_Block
1033255796	Обираючи цей пункт, Ви продовжите термін служби свого HDD / SSD від нещадного індексування службою пошуку.\r\n\r\nОднак, якщо ви використовуєте Історію окремих файлів для їх відкату, залиште цей пункт.\r\n\r\nРекомендується все ж застосувати пункт, щоб продовжити термін служби HDD / SSD.
1033325230	https://win10tweaker.ru/W10TArgsEn
1033381946	SysWOW64
1033755183	HKLM\\Software\\Policies\\Microsoft\\WindowsMediaPlayer!DisableAutoUpdate
1033869365	Check34
1033912215	Я не использую локализации Windows, кроме тех, что уже есть
1034328429	BlockexeAlreadyExists
1034454934	NoDriversFound
1034480632	Это остановит службу сбора данных Журнала Событий Windows, а также фоновую обработку этого журнала.
1034607637	Очистка кэша обновлений Windows
1034643845	regedit
1034773301	_cpu1
1035269156	-cleariconcache
1035608113	^[a-zA-Z0-9\\-._]+@[a-zA-Z0-9\\-._]+\\.[a-z]+$
1035919671	/c chcp 65001 & schtasks /TN \\Microsoft\\Windows\\MemoryDiagnostic\\
1035998481	Я не использую факс, ни виртуальный, ни сетевой, ни локальный
1036356543	System2
1036514935	control.exe
1037114316	Interface10
1037631057	SOFTWARE\\Policies\\Microsoft\\Windows Defender\\SmartScreen
1038877673	LeftMenu5
1039437838	\\Uninstall
1039465572	Check21
1039811075	LxpSvc
1040310822	ex 
1040909761	UptimeDays
1041204320	\n
1041325048	\\WDI\\{86432a0b-3c7d-4ddf-a89c-172faa90485d}
1042806258	SYSTEM\\CurrentControlSet\\Services\\Tcpip6\\Parameters
1043092510	_8 ImportDriversIcon
1043240945	_speed
1043385337	Confidentiality2
1043595703	\\Explorer\\Shell Icons
1043757718	confidentiality1
1044082957	, true
1044193798	Maps
1044691256	SkinPro
1044740611	Закрыть
1044810331	Shift + Right Click
1045331479	tmp
1045534949	"scans":\\{(.*?)\\},"sha1"
1045679190	&email=
1045859956	Информация об автозагрузке недоступна, т.к.\r\nзащита на вашем компьютере блокирует работу\r\nWin 10 Tweaker. Приостановите антивирусные\r\nпрограммы, либо добавьте Win 10 Tweaker\r\nв список исключений в своём антивирусе.
1047296193	MoUsoCoreWorker.exe
1047401965	SOFTWARE\\Classes\\.zip\\CompressedFolder\\ShellNew
1048358820	embeddedmode
1048837152	MainPanel8Line1
1049057437	compact /compactos:always
1049247125	Обнаружена защита, препятствующая работе программы.\r\nДа, Защитник / антивирус / подобное ПО.\r\nДа, точно.\r\n\r\nПрограмма будет закрыта.
1049268150	SysInfo2
1050199433	AppsNewSize
1050470768	\r\n
1050486950	\\Microsoft\\Windows\\Caches
1050640679	\\Rebofresh
1050644648	биометрическая-служба-windows
1051029210	RunFullMemoryDiagnostic
1051541041	#
1051948366	Остановить и отключить Защитник Windows и SmartScreen
1052328329	Mostly all programs have popup hints with old ugly yellow balloons. This setting changes color to unrecognizable cyan.
1052383203	timeout /t 2 && del "
1052418105	Ich benutze keinen Drucker, weder virtuell noch vernetzt oder lokal
1052784016	ContextMenu7
1053408732	MenuLabel2
1053415807	Восстановлено
1053952801	Чтобы иметь возможность просматривать содержимое msi-пакетов с помощью контекстного меню (Извлечь), примените эту конфигурацию.
1055335064	<Command>
1055457403	Отмечено Верно
1055689772	VirusTotalLargeFile
1055739329	CLSID\\{7AD84985-87B4-4a16-BE58-8B72A5B390F7}
1056118595	https://win10tweaker.ru/W10TArgsRu
1057521570	AppInstalled2
1057750383	Abbrechen
1057911831	The objects marked Yellow
1057992941	" && Timeout /t 1 && del "
1058642001	OptRestore3
1059057641	Auf dem System-Disk ist nicht genügend Speicherplatz vorhanden, um die Ruhezustandsdatei (Schlafmodus) wiederherzustellen.
1059471699	Check66
1059513749	{0}\\{1}{2}\\DefaultIcon>1000
1059552270	MouseHoverTime
1059908011	\\Shell\\3D Edit
1059971086	Win 10 Tweaker is developing in step with Windows updates, therefore, some tweaks may become outdated due to the methods of their use. Several of them have been found on your computer. To avoid conflicts, Win 10 Tweaker has rolled them away. All you need is just apply them again.
1060125333	TipVirusTotal
1060281248	SettingsItemlabel12
1060880547	\\Microsoft\\Edge
1060989686	OptHour
1061005868	При достижении 20%
1062719774	EnableAutoTray
1062839931	SoftLandingEnabled
1062935957	SOFTWARE\\Classes\\WMP11.AssocFile.MP3\\shell\\Enqueue
1064444841	Serv9
1064491980	serv26
1064888075	chrome
1065443518	https://win10tweaker.ru/twikinarium/services/
1066370510	Imageres.dll,184
1066371962	_Display.ControlPanel
1066481466	Der Prozessname wurde falsch eingegeben.\r\nDas richtige Beispiel ist: firefox.exe
1066998239	OptRadioButton2
1067011920	ContextMenu11
1067840251	God Mode
1068099390	\\\\.\\root\\default
1068193926	Карти
1068948729	A click on an object enables/disables its Startup\r\nThe cross deletes the object from Startup without warning
1069591148	Hinzufügen
1069592680	ExportFileNotice1
1069998181	Запускать виджет очистки оперативной памяти вместе с Windows
1070027367	LeftMenu9
1070603984	regfile\\
1071299406	Last Cleanup
1071345109	\\systray.exe
1071591918	Die Einstellungen wurden neben Win 10 Tweaker gespeichert.\r\n\r\nDie Einstellungen fassen alle angewendeten Tweaks auf diesem Computer um, sowie ggf. deaktivierte Dienste.
1072159759	serv17
1072801393	WManSvc
1073270303	First Run AppsVisited
1073436458	Restart PC now?
1074672114	RAM-Speicher:
1075314277	.lnk
1076465586	DescriptionFreezeexe
1076941316	Enabled
1077252798	Aktivieren alle Häkchen
1077362322	AxInstSV
1078138762	checkboxcleaner14
1078423837	Win 10 Tweaker is a small, but very powerful program that allows you to make complete optimization and cleanup your Windows just in a few clicks away.
1078602126	SysInfoPC
1079907724	Check5
1079983922	Serv4
1080047380	OneNote_text
1080363370	Слишком большой файл
1081188017	OptClicktoNavigate
1082094230	imageres.dll,258
1082270252	This tweak disables these type of synchronization:\r\n\r\n • Themes\r\n • Passwords\r\n • Windows properties\r\n • Browser properties\r\n • Language bar properties\r\n • Ease of Access properties\r\n • Additional properties
1083958677	PenService
1083994843	SOFTWARE\\Microsoft\\Internet Explorer\\Security
1084023405	Ви збираєтесь видалити службу\r\n\r\nЯкщо ви впевнені, що не пошкодуєте про це, натисніть Так.\r\nСлужба буде видалена назавжди.
1084131579	PersonalStorage
1085068037	Watch the video about hidden opportunities\r\nYouTube
1085555557	HKLM\\Software\\Policies\\Microsoft\\Windows\\AppCompat!AITEnable
1085660255	All tweaks were successfully applied
1086285534	Msi.Package\\shell\\Extract
1086519426	<StopIfGoingOnBatteries>true</StopIfGoingOnBatteries>
1086649513	7
1088989423	\\Acronis\\MMS
1089357113	StickyNotes_
1089404229	Mit einem einzigen Zugriff können Sie als Besitzer der Müll-Dateien und Ordner werden, für die spezielle Zugriffsrechte erforderlich sind.\r\n\r\nEs ist einmal erforderlich, daher ist das Häkchen bei diesem Element standardmäßig deaktiviert.
1089462022	CloseButton
1089590322	Display;
1089825277	Serv31
1089981829	SOFTWARE\\Classes\\Directory\\shell\\cmd
1090771222	Bitcoin
1090944622	Редактор групповой политики
1091881741	96
1092439557	HKLM\\SOFTWARE\\Policies\\Microsoft\\Windows\\Windows Search!AllowCloudSearch
1092764897	DisableMRUMusic
1093703660	from Startup?
1094875189	MSiSCSI
1095370739	First Run AppsVisited
1095786544	System Ordner Anzeigen/Ausblenden
1095891151	\\AMD\\GLCache
1096408750	I don't use tablet mode, I have a desktop / laptop
1097556324	" clean
1097799386	Software\\Classes\\CLSID\\{645FF040-5081-101B-9F08-00AA002F954E}\\shell\\Win 10 Cleaner
1098040538	Отключить надоедливое предупреждение при запуске любых exe
1098218540	RestoreConfidentiality9
1099300385	Разблокировать классический «Просмотр фотографий Windows»
1100038808	confidentiality3
1100517170	DescriptionBlockexe
1101355255	Безпечний режим з підтримкою командного вікна
1101594831	imageres.dll,257
1102327910	BcastDVRUserService_
1102593396	WindowsStore_text
1103230952	" tray
1103288818	Check56
1103380907	MUIVerb
1104844926	wcncsvc
1104922351	schtasks /change /tn \\Microsoft\\Windows\\Maintenance\\WinSAT /disable &schtasks /change /tn "\\Microsoft\\Windows\\Autochk\\Proxy" /disable &schtasks /change /tn "\\Microsoft\\Windows\\Application Experience\\AitAgent" /disable &schtasks /change /tn "\\Microsoft\\Windows\\Application Experience\\Microsoft Compatibility Appraiser" /disable &schtasks /change /tn "\\Microsoft\\Windows\\Application Experience\\PcaPatchDbTask" /disable &schtasks /change /tn "\\Microsoft\\Windows\\Application Experience\\ProgramDataUpdater" /disable &schtasks /change /tn "\\Microsoft\\Windows\\Application Experience\\StartupAppTask" /disable &schtasks /change /tn "\\Microsoft\\Windows\\PI\\Sqm-Tasks" /disable &schtasks /change /tn "\\Microsoft\\Windows\\NetTrace\\GatherNetworkInfo" /disable &schtasks /change /tn "\\Microsoft\\Windows\\Customer Experience Improvement Program\\Consolidator" /disable &schtasks /change /tn "\\Microsoft\\Windows\\Customer Experience Improvement Program\\KernelCeipTask" /disable &schtasks /change /tn "\\Microsoft\\Windows\\Customer Experience Improvement Program\\UsbCeip" /disable &schtasks /change /tn "\\Microsoft\\Windows\\DiskDiagnostic\\Microsoft-Windows-DiskDiagnosticResolver" /disable &schtasks /change /tn "\\Microsoft\\Windows\\DiskDiagnostic\\Microsoft-Windows-DiskDiagnosticDataCollector" /disable &schtasks /change /tn "\\Microsoft\\Windows\\Feedback\\Siuf\\DmClient" /disable &schtasks /change /tn "\\Microsoft\\Windows\\Feedback\\Siuf\\DmClientOnScenarioDownload" /disable
1105109787	CreateRestorePoint
1105222381	en-
1106380997	NoWorkingDirectory
1106693355	0200
1106736049	auswechselbare Geräte –
1107650723	oem*.inf
1108664639	-
1108680821	Командне вікно
1109284515	Microsoft розробила нову фічу експериментальних дій над ПК користувача. Якщо вам не подобається думка про те, що над вами проводять або можуть проводити експерименти, скористайтеся цим твіком.
1109516908	contextmenu11
1109848095	SettingsProgress
1110001785	Додати пункт «Завантажити на ImgBB» на зображеннях
1110733341	\\ServBackup.reg
1110830116	Löschen alle vorhandenen Systemberichte
1110909815	Ви можете очищати ОЗП колесом (середньою кнопкою миші) і в режимі плаваючого віджета і в треї.
1111873354	Ein Klick auf das Objekt aktiviert / deaktiviert den Autostart\r\nDas Kreuz löscht das Objekt von Autostart ohne Vorwarnung
1112637269	Personal11OldContextMenu
1113096321	The path:
1113875552	PersonalFSCapture
1114053554	YouTubeMiniLabel1
1114847351	\\Microsoft\\Windows\\INetCache
1115403504	PopupCopied
1115751215	{0}[{1}]
1115848719	HKLM\\Software\\Policies\\Microsoft\\PCHealth\\ErrorReporting\\DW!DWNoSecondLevelCollection
1118240391	більше не буде очищатись.\r\n\r\nВсі винятки зберігаються у Win 10 Tweaker.ini
1119760207	AgreementText
1119972224	System
1120254836	настройка-сервера-удаленных-рабочих
1120674368	Adding to Files and Folders context menu item, that grants you ownership of object and full access permission to it. Needs when System denies to make any changes.\r\n\r\nIf you don't want to see this menu item all the time, check Shift + Right Click. It will activate this menu item only by pressing Shift + Right Click.
1121098530	interface2
1121187531	Ordner Zusammenführungskonflikte anzeigen
1121348462	Standardmäßig kann man die Eingabesprache nur mit Alt+Shift ändern.\r\nMit diesem Tweak können Sie die Eingabesprache mit Ctrl+Shift ändern.
1122118297	Восстанавливать прежние окна папок при входе в систему
1122344830	Deaktivieren verdeckte Hintergrundaktualisierung der Sprachsynthese
1122706045	BingWeather_text
1122878223	contextMenuStrip1
1122891904	Dieser Tweak kann die Animation von Fenstern verlangsamen, wenn Sie "Minimieren,\r\n            Maxiemieren oder Schließen", dabei Shift Taste halten.
1123184715	\\NVIDIA Corporation\\GameSessionTelemetry
1123578977	Software\\Classes\\MSInfoFile
1124541494	VirusTotalImgBBCopy
1124712738	Serv30
1125487123	Обновить оболочку
1125877139	FlagEnglish
1125932338	Данная программа запускается под всеми учётными записями
1126244715	SOFTWARE\\Classes\\.rtf\\ShellNew
1126735682	WdiContextLog
1126749363	Einfrieren\r\nEs friert den gesamten Prozess / Programm ein. Das bedeutet nicht, dass das Programm abgestürzt ist. Das bedeutet, dass der Prozess / das Programm angehalten wird. Geben Sie "explorer" ein, damit das austesten.
1127949322	Информация об этом настольном компьютере
1129417586	Interface3
1130797105	DisagreeButton
1131178319	\\Locktime\\NetLimiter\\4\\Stats\\nlstatsV6.db
1131476196	YouTubePic4
1133305873	P9RdrService
1135275474	UptimeHours
1135317524	SuperButtonUnfreeze
1136973999	serv22
1137176274	WFP-IPsec Trace
1137565359	Резервна точка системи успішно створена.
1137773349	Check45
1138528152	\\Windows settings\\command
1138605787	\\BitLockerDiscoveryVolumeContents
1138937518	DesktopBackground
1139712268	lzx
1140563580	Якщо ви використовуєте лише 1 монітор і не плануєте підключати додаткові, можете безпечно обрати цей пункт.
1141436491	system14
1141703916	SettingsItemlabel06
1141767678	ItemName
1142087820	TakeOwnerShip
1142112093	\\WMPNetworkSvc
1142322459	У вас найсвіжіша версія
1142764377	Данная 32-битная программа запускается под всеми учётными записями
1143212745	Check37
1143612838	Требуется Выход
1144018975	Запускать дополнительно нейросетевую очистку компьютера
1144827496	*.log
1145989178	Blank.ico
1146241873	\\
1147378544	winsta0\\default
1147532725	WaitTillEnabled
1147823570	ExportDrivers
1148049632	terminal
1148154757	RefreshLnk
1148228147	Serv15
1149618991	Trained
1150113013	\\shell\\open\\command
1150662124	1
1151597990	Enabled
1152063914	Цей твік вже застосований
1152740814	SettingsItemlabel03
1152784740	If you click Yes, tweaks will be applied automatically.\r\n\r\nIf you click No, the program will simply mark all checkboxes according to import file.
1152801801	interface12
1152825195	system1
1152845894	{b455f46e-e4af-4035-b0a4-cf18d2f6f28e}
1153073736	(обновить beta)
1153096101	SOFTWARE\\Microsoft\\Windows NT\\CurrentVersion
1153114779	AppInstalled1
1153128460	\\ImmersiveShell\\StateStore
1153209724	7CB7EA
1153388613	Circular Kernel Context Logger
1153506225	XblAuthManager
1153879462	\\security\\logs
1154139234	Home
1154236738	pdvalue
1154418840	SkinPopupDemo
1154626754	schtasks /change /tn "\\Microsoft\\Windows\\MemoryDiagnostic\\CorruptionDetector" /enable &schtasks /change /tn "\\Microsoft\\Windows\\MemoryDiagnostic\\DecompressionFailureDetector" /enable
1154675440	ZIP-komprimierter Ordner
1154757760	Dokumente
1154873023	RestoreInterface11
1154889855	Відновити
1155890859	progressBar3
1156118884	WMessageYes
1156928433	exefile\\shell\\Firewall_Allow\\command
1156983739	AppSync
1157421336	Откатить все твики, применённые с помощью Win 10 Tweaker
1157653882	PersonalDelayedAuto
1157745845	SOFTWARE\\Microsoft\\Windows\\CurrentVersion\\Explorer
1157955198	checkBoxCleaner7
1158111219	Если вы записываете / стримите игры с помощью OBS, NVIDIA, Bandicam, вам точно не нужны медвежьи услуги от Microsoft.
1158363258	The rule was created successfully
1158668468	Sie haben eine ungültige E-Mail-Adresse eingegeben
1159146997	Während der Operation wird die Aktionen nicht verfügbar.
1159257395	Not required
1159847145	(выбрать)
1159926808	Autostart der Objekte können sein:\r\nlnk, exe, bat, cmd, vbs
1160732035	Якщо натиснете Так, твіки будуть застосовані автоматично.\r\n\r\nЯкщо натиснете Ні, програма просто розставить галочки відповідно до файлу імпорта.
1160784219	Выключение
1160940751	HKLM\\SOFTWARE\\Policies\\Microsoft\\Windows\\Windows Error Reporting!Disabled
1161445322	OptClicktoNavigate
1162590063	%SystemRoot%\\system32\\mmc.exe /s %SystemRoot%\\system32\\services.msc
1163772849	Результат сканування.png
1163882080	Відключає та знешкоджує Cortana відразу дванадцятьма прийомами.
1164188136	Remove folders from «This PC»
1164561373	Storages:
1164632432	Liste der installierten Programme
1165016356	CLSID\\{596AB062-B4D2-4215-9F74-E9109B0A8153}\\InProcServer32
1165596984	Confidentiality1
1165698307	Якщо ви встановили всі мови, якими будете користуватися на цьому комп'ютері та не збираєтеся додавати нові або видаляти старі, сміливо обирайте цей пункт.
1165808412	Deaktiviert und neutralisiert Cortana sofort mit den zwölf Tricks.
1165970221	Я не использую ни USB-модемы, ни USB-роутеры
1166322433	:\\
1166737720	PersonalNC
1167012239	Kontakt
1167343737	This tweak makes folders blue instead of yellow.
1167899481	Extended
1168251693	При достижении 60%
1168563117	центр-обновления-windows
1168613020	checkBoxCleaner17
1169006664	Based on your selection, the data mining tool has found that you can also disable the following services:
1169413454	explorer
1169426621	Reinigung den Windows Explorer-Miniaturcache und die Live-Kacheln
1170494272	Ihr Ryzen-Prozessor kann unter dem aktuellen Windows 11 mindestens 3% schneller arbeiten, wenn Sie den albernen TPM-Speicher herunterfahren.
1170649588	I don't use Clouds via WebDAV / idk what it is
1171066314	83B8E4
1171511890	{0} {1} / {2}
1171719792	Данный твик отключит все службы геолокации и всё, что может определять ваше местоположение.
1171953706	8.1 Connected
1172063154	255 255 225
1172101787	Arial
1173208899	\\WindowsUpdate
1173895395	Клікніть, щоб перейти до файлу
1174127141	Sie können den RAM mit dem Rad (mittlere Maustaste), sowohl im schwebenden Widget-Modus als auch im Tray reinigen.
1174403976	Unavailable
1174632339	{0}\\{1}\\{2}>1000
1175640457	LogoutItem
1176631107	\\Policies\\DataCollection
1176845310	Erstellt Desktop-Verknüpfungen\r\n• Neuestart\r\n• Shell aktualisieren\r\n\r\nDie Shell Aktualisierung ist ein Autors Skript, das die Shell des Explorers korrekt aktualisiert, ohne sie neu zu starten. Gleichzeitig wird nicht nur die Verknüpfung Cache aktualisiert sondern auch Symbol-Cache nach Erweiterungstyp vom ersten Mal aktualisiert.
1177230406	imageres.dll,266
1177369337	InstalledPrograms
1177725341	EnableWebContentEvaluation
1177825887	%systemdrive%
1179122490	4
1179398109	HKLM\\SOFTWARE\\Policies\\Microsoft\\Windows\\Windows Search!DisableWebSearch
1179422077	HARDWARE\\DESCRIPTION\\System\\CentralProcessor\\0
1179486585	_5 ExportExts
1180240121	HKLM\\Software\\Policies\\Microsoft\\Windows\\AppCompat!AITEnable
1180463519	Reinigung den Windows Defender-Cache
1180958148	SOFTWARE\\Policies\\Microsoft\\Windows\\Explorer
1181302997	PersonalRestore
1181855740	PersistBrowsers
1182346130	.reg\\ShellNew
1182661160	wercplsupport
1182697752	" "
1183703936	mmc.exe /s diskmgmt.msc
1183869785	serv17
1184158922	checkBoxCleaner12
1184576133	RestoreConfidentiality10
1184919916	checkAll1
1185713199	_C
1186658471	120
1187996417	schtasks /create /xml "
1189537663	Import von Dateiendungen
1189651988	ServStepsLabel1
1189736452	API Key
1189883627	\\WinSxS\\Backup
1190982313	Было очищено: 
1191024363	интерфейс-гостевой-службы-hyper-v
1191786310	If you're familiar with PotPlayer and other great players, it's worth turning off the mistake called Windows Media.
1192144074	Position
1192206142	Усі драйвери успішно встановлені.
1192319351	_drive1
1192645481	больше не будет очищаться.\r\n\r\nВсе исключения хранятся в Win 10 Tweaker.ini
1192957839	Командная строка
1193140110	rd /s /q "%userprofile%\\3D Objects"
1193244806	^("[a-z]|[a-z]):.[^:]*(\\.exe|\\.dll).*$
1193482841	Apps können nicht wiederhergestellt werden
1195159779	250
1195194227	Deaktivieren Sie die Datenverschlüsselung-Suite von Microsoft, wenn Sie keine Verschlüsselung verwenden.\r\n\r\nEs gibt zuverlässige und korrekter Tools für eine starke Verschlüsselung als das, was Microsoft anbietet.
1195326616	Камера
1195906859	Активирована Pro-версия!\r\nПрограмма будет перезапущена.
1196173049	wlidsvc
1196710657	Ram20
1196770093	Restore previous folder windows at logon
1196888659	checkboxcleaner18
1197018493	*\\shell
1197070677	SysInfo11
1197937926	System.ParsingName:<>"::{679f85cb-0220-4080-b29b-5540cc05aab6}" AND System.ParsingName:<>"::{645FF040-5081-101B-9F08-00AA002F954E}" AND System.IsFolder:=System.StructuredQueryType.Boolean#True
1198658042	Vollständige Deaktivierung der Benutzerkontensteuerung. Dieser Tweak deaktiviert alle Schild-Symbole, Sicherheitsbenachrichtigungen und anderes.
1199623183	Extended
1200376313	Ausschalten
1202016436	InstalledPrograms
1202203943	\\Recovery
1202501820	https://myip.ms/info/whois/
1202570225	Clearing Windows installation cache.
1203056087	Personal11RyzenPerfomance
1203756471	Caption
1203974090	CaptionHeight
1204072640	Microsoft Store
1204619453	SettingsButton
1204784703	" /f
1205767698	Запускати віджет очищення оперативної пам'яті разом із Windows
1206240685	GetProHeader
1206509770	*.log
1206533197	ГБ
1207075916	PrintWorkflowUserSvc
1207326123	VirusTotalRecheck
1207576330	checkBoxCleaner5
1207795217	Personal11RyzenPerfomance
1207924041	Solitaire_text
1208271752	ShiftCheck
1208614800	Detection ratio:
1209063638	Sketch_text
1209833388	Zusammen mit Windows ein RAM-Reinigung Tray-Widget starten
1210762991	RestoreInterface13
1210857246	Serv1
1210889610	Відключити Cortana та всі дочірні процеси
1212528894	Fügt Punkt zum Kontextmenü «Erstellen» ein
1212698347	Switcher enabled
1212736796	\\Fonts
1212966459	Выход
1213157487	Добавляет в контекстное меню на Рабочем столе пункт, позволяющий запускать Командную строку.
1213640120	(check for updates)
1214395916	GetFileHash2
1214659375	OptMoveTrash
1215908500	PersistBrowsers
1216318980	Wenn Sie diese Empfehlung anwenden, indem Sie den Smiley-Prozess in Windows deaktivieren, wird sich die Betriebszeit Ihres Laptops und die Qualität Ihrer Grafikkarte verbessern.
1216775696	StartupError
1217062335	Alle Treiber wurden erfolgreich installiert.
1217403253	_____________________________________________________________________________
1218467573	control
1219245801	confidentiality2
1220142062	Переключиться в режим для слепых?
1220269263	Check62
1220282944	SettingsItemlabel05
1221448983	BrokenShortcutDeleted
1221643337	ToggleEnabled
1221677060	Check63
1221799889	RestoreInterface10
1222112247	ProgressBar
1222124993	OptFreeUp2
1222892769	Personalization
1222917919	<br></div><br><br><br></body></html>
1223168126	StartupBottomTip
1223533867	UBPM
1223863548	Сжатие всех системных и программных файлов\r\nна системном диске.
1224324472	MenuLabel3
1224584646	If you don't have a fax (of course) you don't need its services.
1224599881	PathName
1224949188	workfolderssvc
1224971471	AboutHeader2
1226313838	PNotice
1226734844	\\SkyDrive.exe
1226742740	\\Microsoft\\Windows\\Explorer
1226979888	Wählen Sie die Datei zum Scannen
1226992947	TipDefault
1227395857	Копіювати в буфер
1228099233	Alle Dateiendungen wurden erfolgreich ins System importiert
1228231088	Software\\Microsoft\\Siuf\\Rules
1228286287	Accelerate frequency of cursor flickering
1228453504	Interface14
1228500451	Recorder_text
1228978813	serv13
1229640843	restore3
1230122346	checkBoxCleaner4
1231910045	AboutDescription
1232564008	RestoreSystem16
1232732208	запущений у режимі сумісності з Windows 7
1232738376	SysInfoAverage
1234477124	checkBoxCleaner6
1235023293	Fügt ein Element hinzu, mit dem Sie symbolische Links zu Dateien und Ordnern erstellen können. Es funktioniert nur, wenn die Konten-Steuerung deaktiviert ist.
1235335651	Komprimierung starten
1235490714	Watch the FAQ video for Windows Services\r\nYouTube
1235595572	You'd better not use this item, 'cause everything will look extremely poor without the Themes service on your Windows 7.
1235692664	NoWorkingDirectory
1235960367	Kino und TV
1235986086	служба-шифрования-дисков-bitlocker
1236610802	schtasks /change /tn NvTmRepOnLogon_{B2FE1952-0186-46C3-BAEC-A80AA35AC5B8} /enable &schtasks /change /tn NvTmRep_{B2FE1952-0186-46C3-BAEC-A80AA35AC5B8} /enable &schtasks /change /tn NvTmMon_{B2FE1952-0186-46C3-BAEC-A80AA35AC5B8} /enable &net start NvTelemetryContainer & sc start NvTelemetryContainer
1237411383	autorunpanel
1237506252	Tahoma
1238372813	OptDone
1238796632	Deutsch
1239069514	sc config Winmgmt start= auto & sc start Winmgmt
1239166606	Released:
1240385563	Dieser Tweak deaktiviert die Synchronisierung von allem, was Windows synchronisiert:\r\n\r\n• Themen\r\n• Passwort\r\n• Windows-Einstellungen\r\n• Browser-Einstellungen\r\n• Sprachleisten-Einstellungen\r\n• Vereinfachte Zugriff-Einstellungen\r\n• Erweiterte Einstellungen
1240697921	Mbit/s
1240822667	CscService
1240871213	встановлена
1241444106	PersonalLetsFinish
1242103159	Користувачі\\
1242535365	ContextMenu7
1242682247	SOFTWARE\\WOW6432Node\\Microsoft\\Windows\\CurrentVersion\\Explorer\\MyComputer\\NameSpace\\
1243393094	Возможности Pro-версии:\r\n• Оптимизация системы (Сжатие, Очистка, Замена дубликатов)\r\n• Очистка и оптимизация ключами /clean /kill /widget /tray\r\n• Экспорт и Импорт настроек (включая тихий импорт)\r\n• Экспорт и Импорт драйверов (включая список программ)\r\n• Экспорт и Импорт расширений (на новую Windows)\r\n• Персональные рекомендации (ускорение, фиксы, лечение)\r\n• Наблюдение за актуальностью пользовательских API\r\n• Проверка файлов на вирусы и многое-многое другое
1244434156	Include in library
1244498884	pctype
1245139084	RestoreConfidentiality8
1245238254	Про програму
1245683219	\\Default\\Application Cache
1246268219	; 
1246357965	BlockexeSuccessCreated
1247387526	Rebofresh
1247774568	Block\r\nAllows you to block the launch of exe files. If you type, for example, iTunesHelper.exe, then even after updating iTunes, the iTunesHelper.exe process will never appear in the Task Manager.
1247819097	TipAutorunsWin7
1247842973	SeRestorePrivilege
1247897912	\\shell\\
1248098000	\\Explorer\\HideDesktopIcons\\NewStartPanel
1248203125	Check71
1249704119	Serv13
1249984178	DisabledByUser
1250679600	schtasks /change /tn NvTmRepOnLogon_{B2FE1952-0186-46C3-BAEC-A80AA35AC5B8} /disable &schtasks /change /tn NvTmRep_{B2FE1952-0186-46C3-BAEC-A80AA35AC5B8} /disable &schtasks /change /tn NvTmMon_{B2FE1952-0186-46C3-BAEC-A80AA35AC5B8} /disable &net stop NvTelemetryContainer & sc config NvTelemetryContainer start= disabled & sc stop NvTelemetryContainer
1251005735	"Start"=dword:0000000
1251972940	ServYes
1252202983	\\db
1252371807	Check74
1252863370	SystemStateBeforeW10T
1253016073	Путь:
1253181356	ServDescription
1253439180	"=
1254059206	Отображать пустые диски
1254888346	Interface2
1255047541	Добавить новый
1255561018	Выполнено
1255665386	Registrierungs-Editor
1256498092	System8
1256680363	del /f /q "
1256835683	...
1258176539	CLSID\\{596AB062-B4D2-4215-9F74-E9109B0A8153}
1258386561	PersonalTTL
1258448724	Ram40
1258814685	Збільшити кеш файлової системи
1259237248	\\BOOTSECT.BAK
1259257130	Clearing NVIDIA (Installer2) installation and Microsoft Office (MSOCache) cache
1259279298	Відключення доступу до мережі для доменів збору даних
1259442712	Исправить превью видеофайлов
1260228715	SystemPaneSuggestionsEnabled
1260236806	Відключити Teredo, ISATAP і IPv6
1260244897	Відключення визначення місця розташування користувача
1260585211	people
1260763219	Показать/Скрыть системные папки
1262430797	serv3
1263384905	OptRadioButton2
1263469005	\\Start Menu\\Programs\\Startup
1263743112	 
1263762220	RemoveAllTweaksQ
1264142825	checkboxcleaner8
1264435337	\\Roaming\\Opera Software\\Opera Stable\\Code Cache\\js
1265488174	SystemRestore
1266181190	Если ваш компьютер подключён к интернету по кабелю или по Wi-Fi, можете избавиться от лишних служб, отметив этот пункт.\r\n\r\nЕсли на этом компьютере планируется использовать USB-модем или USB-маршрутизатор, не применяйте эту категорию.
1266654538	Löschen Cache von NVIDIA-Setup Dateien (Ordner Installer2) und Einstellungen-Cache (MSOCache) von MS Office.\r\n\r\nWenn Sie regelmäßig MS Office installieren und zusätzlichen Müll von NVIDIA-Treiber, dann wird dieser Artikel für Sie nicht empfohlen.
1267352719	netsh interface teredo set state disabled &netsh interface isatap set state disabled &netsh int ipv6 isatap set state disabled &netsh int ipv6 6to4 set state disabled &netsh interface IPV6 set global randomizeidentifier=disabled &netsh interface IPV6 set privacy state=disabled
1267534990	Отключить Cortana и все дочерние процессы
1267605998	StartupConfirm2
1267704545	WindowsMaps_del
1267947849	*.lnk
1267968874	Microsoft\\Windows\\CurrentVersion\\Explorer\\Desktop\\NameSpace\\DelegateFolders\\{F5FB2C77-0E2F-4A16-A381-3E560C68BC83}
1268472064	Recycle Item
1268747678	ТрейОчистить
1268858076	System11
1270227801	root\\CIMV2
1270602558	Tahoma
1271463457	False
1272402631	PhotoViewer.FileAssoc.Tiff
1272845076	Я не використовую VPN (спеціальні VPN-клієнти)
1273496257	Im «Taskplaner» es gibt einige Dienstreihen, die nach ihrer Arbeit die Angaben sammeln und an Microsoft senden.\r\n\r\nDieser Tweak blockiert und deaktiviert dieses Verhalten.
1273531022	Installed programs
1273834334	ExportFileNotice2
1274303244	]\n
1274431941	YouTubeMainLabel1
1274451542	Я не використовую біометрію (сканер відбитків, розпізнавання обличчя)
1275375640	UsageTracking
1275389321	Header
1276905730	Экспорт расширений
1277425946	OneNote_
1277894988	Об'єктами Автозавантаження можуть бути:\r\nlnk, exe, bat, cmd, vbs
1277915357	Введите е-mail, на который будет отправлен код активации для этого компьютера, чтобы после переустановки Windows или обновления железа вы легко смогли восстановить Pro.
1278538785	shell\\
1278784731	IP address:
1278939922	NewVersionAvailable
1279292134	LeftMenu10
1280806107	Confidentiality10
1281283405	win.log
1281347461	QWAVE
1281731773	Dieses Programm läuft mit allen Konten.
1281854902	.gif
1281904793	_11_pwn
1282372368	confidentiality3
1282461110	MenuLabel9
1282714342	Приложения уже удалены
1283074987	This tweak grants to memorize open state of any window after Sign Out or Restart.
1283131601	wisvc
1283566288	SYSTEM\\CurrentControlSet\\Enum\\USBSTOR
1283834053	ServRestoreButton1
1283864165	MicrosoftAccount\\
1283939178	Searching for duplicates...
1284700079	Refuse
1284918495	Відключення прихованого фонового оновлення синтезу мови
1285643956	Якщо хочете, щоб ваша Windows Home\r\nотримала підтримку Групової політики,\r\nклікніть на це повідомлення.
1285645708	Восстановление системы
1286551837	If your PC doesn't use auth via Smart Cards and is not connected with Smart Cards at all, check this item.\r\n\r\nIf you don't know what Smart Cards are, of course check this one.
1287286759	Налаштування
1287817391	Add item «Create symbolic link» to files / folders context menu
1288023760	DropFileHereVT
1288513802	Apps have already been deleted
1288984070	ServYes
1290121317	Confidentiality1
1290169863	сетевой-вход-в-систему
1290439194	(свернуть)
1290545860	NoDriversFound
1290860200	contextmenu5
1291051706	OptStartCompress
1291170576	SessionEnv
1292237737	Відключення телеметрії NVIDIA
1292612629	control.exe
1293045143	Так выглядит всплывающее сообщение с выбранным скином.
1293875647	Б
1294100677	ReacivationQT0
1294326739	Ich verwende kein Tablet-Modus, ich habe einen PC / Laptop
1294745021	Paint_text
1295076210	AllowCloudSearch
1295987887	{0} {1}
1296272046	I don't collect bug reports
1296467054	MainPanel
1296793020	This action cannot be undone.\r\nAre you fine with that?
1297142020	PersonalEdge
1297719425	Point mouse at any item to get its detailed description.
1298122184	Name
1298875904	Da Sie keinen Laptop haben, aber ein SSD-Disk nutzen, können Sie eine Menge Speicherplatz auf der Systempartition gewinnen, indem Sie die Ruhezustandsdatei (Schlafmodus) entfernen.
1300437694	Введіть е-mail, на який буде відправлений код активації для цього комп'ютера, щоб після перевстановлення Windows або оновлення заліза ви легко змогли відновити Pro.
1300672599	AppsCantBeRestored
1302170239	von Autostart?
1302498571	Enable
1302595663	Если Вам нравится программа, Вы можете купить Мне кофе ☕️
1302700846	Довічна Pro-версія
1302768157	msedgewebview2.exe
1303163490	Создать символическую ссылку
1303791362	{3ADD1653-EB32-4cb0-BBD7-DFA0ABB5ACCA}
1304275997	.bat
1304421635	RestoreContextMenu4
1304987625	Згенеровано за допомогою
1305410036	serv4
1305702548	CommandLine
1306385803	\\catroot2\\dberr.txt
1306745681	DmEnrollmentSvc
1307441103	\\Microsoft\\DiagnosticLogCSP\\Collectors
1307768484	У фоновому режимі був виявлений битий ярлик:
1308038654	Importieren Dateiendungen?
1308194460	SystemFileAssociations\\Directory.Audio\\shellex\\ContextMenuHandlers\\WMPShopMusic
1308871360	DefenderAuditLogger
1309387569	Segoe UI (TrueType)
1309569674	Ersetzen
1309575911	AllowAdvertising
1309777576	MemoryWasReleased
1309891460	LwtNetLog
1311070916	Make scrollbar little bit thinner
1311135769	By default, Windows turns off the screen after 10 minutes of inactivity. If you don't like it / you don't want the screen to turn off all the time, Apply this recommendation.
1311187953	\\Explorer\\Advanced
1313041762	Средство интеллектуального анализа
1313282939	Directory\\shell\\SuperHidden
1313449694	VacSvc
1314032316	(оновити beta)
1315070009	Застосуйте цю конфігурацію, щоб у вашому ноутбуці не відвалювався Wi-Fi. Даний твік запобігатиме довільному відключенню Wi-Fi, яке нібито економить енергію.
1315691052	serv23
1316628978	Control Panel\\Desktop\\WindowMetrics
1317183509	Важно понимать:\r\nОпределённая конфигурация служб может сделать недоступным управление Приложениями в соответствующей категории.
1317274515	\\SafeModeCMD
1317372019	\\InputSwitch.dll
1317556746	Я не пользуюсь Магазином Windows и его приложениями
1317577771	contextmenu1
1318014083	Останнє очищення: 
1318374040	\\WDI\\LogFiles
1318781582	Не вдалося створити резервну копію стану через явно застарілу версію .NET Framework на вашому комп'ютері. Будь ласка, оновіть .NET Framework, щоб повернутися.
1318919000	Flags
1319361445	Деякі об'єкти, при натисненні на них, назавжди видаляються\r\nз Автозавантаження (буде потрібно підтвердження)
1320216194	Add item «Show / Hide System data» to folders context menu
1320654121	ZuneVideo_text
1321252039	С помощью этого твика вы сможете сделать папки синими, вместо жёлтых.
1321662353	Подивіться, як отримати API-ключ для перевірки на VirusTotal\r\nEmbed
1322228259	ReadyBoot
1322726056	Check31
1323665863	\n
1324410080	Disabling NVIDIA telemetry
1324464804	GoToWebSite
1325419016	\\Microsoft\\Internet Explorer\\Recovery\\High\\Last Active
1325597018	Dieser Tweak entfernt aus dem Explorer-Browser (aus der Explorer-Listenstruktur) in der linken Menüliste das Punkt «3D - Objekt» (Volumenobjekte).
1326661609	SettingsButton
1327131714	Отключение рекламного идентификатора и рекламы
1327345240	Das ist die Einstellungsdatei Win 10 Tweaker von
1328053556	Skype_text
1328248564	BlockexeDenied
1328791283	\\System32\\SecurityHealthSystray.exe
1328876776	Microsoft хотела бы знать, хорошо ли у вас получается пользоваться приложениями. Вывод она делает исходя из сбора всех данных всей активности в любом установленном приложении.
1328892958	ContextMenu9
1329337343	cmd
1330945156	https://win10tweaker.ru/W10TServicesEn
1331030252	"
1331296667	Expand the «Personalization» item of Desktop menu
1332220765	Disabled
1332625812	LeftMenu
1333214022	SOFTWARE\\Classes\\Briefcase\\ShellNew
1333483783	Confidentiality12
1333756378	System2
1334160508	StartupOpenDialog
1334801525	11
1335690304	FlowPanel
1337452490	Удалит бессмысленные, буквально мёртворождённые папки от Microsoft.
1337707269	Отключение скрытого фонового обновления синтеза речи
1338319289	Всі розширення успішно імпортовані в систему
1339125109	chrome
1339956179	.
1340182241	Ich benötige keinen Hintergrund-Sicherheitsscan von Microsoft
1340223441	Я не використовую Смарт-карти / не знаю, що це
1340397732	taskkill
1340805057	Исправить функцию «Время ожидания до отключения экрана блокировки»
1341559086	win10tweaker.ru
1341618125	WiFiSession
1342742028	...
1343047638	\\SleepStudy
1343193276	_ip1
1343205767	UserFriendlyName
1343231486	Результаты сканирования
1343358455	Restore
1343372136	RemovePermanently2
1343895559	Interface7
1344828294	SYSTEM\\CurrentControlSet\\Control\\Power\\User\\PowerSchemes\\
1345118422	imageres.dll,101
1345244572	Недоступно
1345265597	\\SchCache
1345392273	Dieser Tweak löscht ganz komplett zwei Microsoft-Spyware-Module, die die Informationen über Ihren Aktionen sammelt und auch während der Untätigkeit des Computers.
1345860437	Price
1345980258	DisableFirstRunCustomize
1346176833	dump
1346489216	Так как вы используете сторонний браузер по умолчанию, можете избавиться от встроенного Edge со всеми его службами, шпионами и планировщиками (Xbox авторизация перестанет работать).
1346524544	AboutUpdateBeta
1346715764	Reinigung Cache der installierten Spiele auf der Systemfestplatte, löscht den Steam-Cache (wenn es gibt), löscht den Cache von NVIDIA/AMD/Intel-Grafikkarten.
1346849632	}
1347705325	служба-пространственных-данных
1347786769	ContextMenu13
1347878256	checkBoxCleaner2
1349287104	IsolatedCommand
1349660917	ShowTaskViewButton
1350116887	wscript C:\\Windows\\SafeMode.vbs reboot
1350173524	Take Ownership and Full access
1350467904	Ram30
1350849779	Если у вас нет принтера – вам не нужны службы печати.
1351845767	\\\\localhost\\root\\default
1352866845	{374DE290-123F-4565-9164-39C4925E467B}
1353018952	Personalize;
1353903842	\\INF\\setupapi.setup.log
1355490171	@%SystemRoot%\\system32\\shell32.dll,-4161
1355570530	Список встановлених програм
1355586712	Entfernen die Hint-Sprachleiste
1356949519	SysInfo9
1357440456	serv30
1357477412	microsoft
1357846304	rstrui.exe
1357918917	Nur mit Win 10 Tweaker können Sie Windows-Updates sicher deaktivieren. Update Services werden in der Regel zufällig gestartet, dies spielt jedoch keine Rolle, da nach dem Anwenden der Konfiguration in Win 10 Tweaker. Updates werden definitiv nicht mehr ankommen.
1357932598	Informationen über diesen Desktop-Computer
1359044472	Ihr früherer Aktivierungscode:
1359679878	Segoe UI Bold Italic (TrueType)
1360384302	checkBoxCleaner17
1360948045	Fügt ein Element zum Kontextmenü auf dem Desktop hinzu, mit dem Sie die Befehlszeile starten können.
1362313562	13709620-C279-11CE-A49E-444553540000
1362659059	VirusTotalImgurCopy
1362659431	toolStripSeparator2
1363248863	OptBack
1363515124	Wenn Sie kein Fax haben (bestimmt haben Sie keines), dann brauchen Sie keine Dienste.
1363665589	Файл експорту розширень збережений\r\nпоруч із Win 10 Tweaker
1364018216	Are you sure you wanna restore the services to a previous state before the applied configuration in the program?
1364968271	About
1365777820	Если вы не пользуетесь удалённым подключением к базам данных на своей работе (AnyDesk и TeamViewer не в счёт), стоит отключить корпоративное барахло.
1366105630	checkAll3
1366344071	Ускоряет везде частоту мерцания курсора при наборе текста.
1367309517	RestartRequired
1367580930	System4
1368180130	Personalize
1368298775	PersonalStorage
1368378767	ByteSize
1368721666	Удаление истории всех подключённых USB-накопителей
1369200028	Если вы не используете пароли, пин-коды, отпечатки пальцев и Windows Hello в целом, можете отключить базовую службу, отвечающую за авторизацию в Windows.
1369235849	Видео
1369418271	Debugger
1369546018	Name
1369668478	confidentiality4
1370090153	xbox-accessory-management-service
1371045188	SOFTWARE\\Policies\\Microsoft\\Windows\\TabletPC
1371797049	HKLM\\Software\\Policies\\Microsoft\\Windows\\WindowsUpdate\\AU!**del.ScheduledInstallFourthWeek
1372236226	SOFTWARE\\Policies\\Microsoft\\Windows\\AppCompat
1373540287	EmailForActivation
1374685302	SysInfoOS
1374830667	7
1374992760	Застосуйте авторську конфігурацію, щоб зробити мінімальними розмір і кількість звітів, що генеруються системою. Це значно подовжить термін служби вашого HDD / SSD.
1375813169	-330
1377903970	Вы можете также проверять файлы на вирусы, просто бросая их на Win 10 Tweaker или ярлык, то есть, даже не запуская программу.\r\n\r\nВо избежание нерационального использования, вам придётся сохранить в программе свой API-ключ из своего профиля на virustotal.com
1378111046	Confidentiality5
1378296791	.cmd
1378657103	Тут ви бачите об'єкти, які запускаються разом із Windows при кожному включенні комп'ютера.\r\n\r\nПри наведенні миші на шлях об'єкту ви побачите його повний шлях.
1378674445	Дата и время установки Windows:
1379448052	ShowRecent
1380041853	IpxlatCfgSvc
1380090476	AllowTelemetry
1380203673	_speed1
1380292674	Ця опція прибере з області переходів провідника в лівому списку меню (із дерева списку провідника) пункт 3D-Об'єкти.
1380990238	PersonalDefender
1381206687	Обнаружена ошибка доступа к серверу Win 10 Tweaker. Хотите узнать подробности, чтобы исправить?
1381652266	First Run Agreement
1381778824	Музыка Groove
1382121176	Fügt Punkt «Bild in Zwischenablage kopieren» zum Kontextmenü ein
1382783992	If you're using VirtualBox, then you definitely shouldn't mess with Microsoft's virtualization.
1382979000	Here you can get and copy helpful information about your PC.
1383734252	ShowSuperHidden
1384073227	contextmenu3
1386901325	WMessageCancel
1387326894	SOFTWARE\\Microsoft\\Windows\\CurrentVersion\\App Paths
1388521755	Читаючи наступне, не плутайтеся в термінах:\r\n • Екран блокування\r\n • Блокування екрану\r\nУ Windows 8.1 і 10 є баг, який\r\nMicrosoft не поспішає виправляти.\r\nЯкий би ви не встановили час\r\nблокування екрану, екран\r\nблокування буде гаснути рівно\r\nчерез хвилину.\r\nДаний твік додасть у схему\r\nелектроживлення опцію, завдяки\r\nякій можна регулювати час, через\r\nякий екран буде гаснути з ураху-\r\nванням блокування самого екрану.
1388590160	Панель управления
1388856164	c1d3db
1389123139	\\DeliveryOptimization\\Config
1389212864	VirusTotalResults
1389473215	,
1389480976	Початково у Windows відключена можливість завантаження у Безпечний режим\r\nза допомогою клавіші F8. Тут ви можете легко це виправити.
1390315227	Я не использую Смарт-карты / не знаю, что это
1390320387	Файл, який ви перевіряєте, ще жодного разу не перевірявся в базах VirusTotal, тому доведеться почекати кілька секунд, поки його відсканують півсотні антивірусів.\r\n\r\nНе рекомендується робити перевірку занадто часто.
1390328908	Skin
1390965321	WinPhoneCritical
1391184174	Voice Recorder
1392559077	Toggle05
1393702842	cmd /c echo @echo off>>%%windir%%\\Symlinker.cmd & echo set IS_MINIMIZED=1>>%%windir%%\\Symlinker.cmd & echo set "myCommand="(new-object -COM 'Shell.Application')^^.BrowseForFolder(0,'',0).self.path"">> %%windir%%\\Symlinker.cmd & echo for /f "usebackq delims=" %%%%I in (`powershell %%myCommand%%`) do set "dir=%%%%I">>%%windir%%\\Symlinker.cmd & echo setlocal enabledelayedexpansion>>%%windir%%\\Symlinker.cmd & echo mklink "!dir!\\%%~nx1" %%1 ^& del /f /q %%windir%%\\Symlinker.cmd>>%%windir%%\\Symlinker.cmd & start /min Symlinker.cmd "%1" ^& exit
1393808509	DisableUAR
1394164169	BrokenShortcutFound2
1394745583	Software\\Classes\\CLSID\\{20D04FE0-3AEA-1069-A2D8-08002B30309D}\\shell\\SafeMode
1395876867	Разовый доступ (требуется, чтобы получить права на мусорные каталоги)
1395901140	Toggle09
1395925115	Taskkill /f /im "
1396794489	@%SystemRoot%\\system32\\shell32.dll,-22059
1397702839	\\Reboot
1397739076	\\debug
1398363792	\\ShaderCache\\GPUCache
1399085226	BluetoothUserService_
1399447901	\\UserChoice
1401004549	Твік відключить:\r\n • Запит на SmartScreen\r\n • Запит на попередні налаштування\r\n • Новини про Софію Ротару\r\n • Перше вітання\r\n\r\nЗробить домашньою сторінкою Google та замінить пошук Bing на Google в адресному рядку та Пошуку.
1401044927	.
1401120144	VirusTotalFilename
1401383750	250
1401539556	SEMgrSvc
1402377015	Serv7
1402395617	ServNoChoice1
1402840832	Загрузить на ImgBB и скопировать в буфер
1402938336	SettingsItemlabel01
1406457751	Ich verwende keine Windows-Lokalisierungen, außer die, die bereits da sind
1406634066	По умолчанию в Windows отключена возможность загрузки в Безопасный режим\r\nс помощью клавиши F8. Здесь вы можете легко это исправить.
1406763157	EmailOkIdNot
1406824608	/n, /select, 
1407112428	Disabling data collection of application usage statistics
1407429087	PathName
1407986903	" enable=yes
1410136730	Скрытые / тихие ключи Win 10 Tweaker
1411144751	\\Explorer\\BitBucket\\Volume
1411792791	OptIn
1412210644	Очищення кешу оновлень Windows
1413415407	del /f /q "
1414162592	Deutsch
1414640243	Виконати перезавантаження зараз?
1415358428	Virus scan report.png
1416749272	Number of deleted files
1418717268	RemAllButton
1418787900	*.xml
1420428654	StartupForAll32
1420464053	AMD
1420574738	Toggle07
1420671597	Optimization is recommended after all the drivers are updated and the programs are configured.
1421400559	Sketch_text
1422155930	Подивіться відео про приховані можливості\r\nYouTube
1422562320	SysInfo1
1422615770	email
1422927328	DisableAutoplay
1423329819	\\Logs
1424003613	interface12
1424089135	ContextMenuOptIn
1424097226	SOFTWARE\\Classes\\WMP11.AssocFile.M2TS\\shell\\Enqueue
1424121499	ProgId
1424327156	.ply
1425632316	Застосувати
1426336740	Ram80
1426527485	Serv17
1428492062	MouseHoverTime
1428597187	System1
1428793351	Table
1429081351	SOFTWARE\\Classes\\SystemFileAssociations\\image\\shell\\copyimage
1429332412	confidentiality15
1429372867	Wow6432Node\\CLSID\\{018D5C66-4533-4307-9B53-224DE2ED1FE6}
1429397140	WebClient
1429406736	MenuLabel3
1431126020	People_text
1432536076	CloseButton
1432786283	SysInfo11
1433671374	post
1434688963	\\PerfLogs
1434962608	EmptyThisFolder
1434989116	Scannende Datei:
1435012358	2962489444
1435410122	UserDuckingPreference
1435587324	\\SafeMode.vbs
1435954257	служба-узла-поставщика-шифрования-windows
1436582339	Откатить
1437723075	imageres.dll,256
1438130541	Показатель выявления:
1438528633	God Mode
1439216023	Больше не показывать это сообщение
1439589260	linkmenu2
1439839078	WindowsSettings
1440630933	*.inf
1441550464	windows-mixed-reality-openxr-service
1441730862	Entfernt aus dem Kontextmenü folgende Elemente:\r\n\r\n• Bitmap Bild\r\n• Kontakt\r\n• Dokumente in RTF-Format\r\n• Komprimierter ZIP-Ordner\r\n• Aktenkoffer\r\n\r\nDer Aktenkoffer wird dauerhaft entfernt.
1441822940	Nice popup tooltip color instead of classic yellow one
1442823742	Операція виконана
1442850207	HideBasedOnVelocityId
1443011468	Ram20
1443405730	OptConfirmDelete
1443446637	Ram50
1443462819	ZuneMusic_text
1443467820	Все драйверы успешно установлены.
1443568002	Закрити
1444986917	ServNo
1445271915	Отключить диагностику памяти
1445374790	vmicvss
1445377792	interface6
1446291813	Pin To Start Screen verb handler
1446494135	Check32
1446496751	Засіб інтелектуального аналізу
1446517776	I don't use Windows File History / idk what it is
1448183071	checkBoxCleaner9
1449727431	" "%1"
1450424702	\\Windows\\System32\\rstrui.exe
1450893612	First Run Middle Mouse
1451017811	\\FontSubstitutes
1451038670	Виконано
1451827194	The request could not be processed due to the fact that your system does not have a default browser installed – all appreciates to n00b builders. Set default browser on your Windows and think about original Windows next time.
1452317585	.exe
1452321872	\\DiagTrack
1453051025	Drop file here:
1454006010	Microsoft разработала новую фичу экспериментальных действий над ПК пользователя. Если вам не нравится мысль о том, что над вами проводят или могут проводить эксперименты, воспользуйтесь этим твиком.
1454086920	chrome.exe
1454095011	taskkill
1454776686	Alle Hintergrundprozesse beenden, um den RAM-Speicher zu entladen und die Geschwindigkeit des Computers zu erhöhen. Ihre Programme werden nicht betroffen. Nur Hintergrundsystem und temporäre Prozesse werden abgeschlossen.\r\n\r\nPro Version reinigt den RAM-Speicher automatisch, dazu entlädt Cache- und gefrorene Bibliotheken.
1455391364	Sie sind dabei, einen Dienst zu löschen\r\n\r\nWenn Sie sicher sind, dass Sie nicht bereuen werden, klicken Sie auf Ja. Der Dienst wird dauerhaft gelöscht.
1456306038	\\Downloaded Installations
1458229637	_del
1459181097	Добавляет в контекстное меню файлов и папок пункт владельца объекта. Требуется, когда Система не позволяет производить какие-либо изменения.\r\n\r\nЕсли нужно, чтобы пункт отображался не постоянно, поставьте галочку на (Shift + ПКМ) – это позволит вызывать пункт только по Shift + правая кнопка мыши.
1459386834	NormalReboot
1459561733	sc stop "{0}" & sc config "{1}" start= demand
1460004178	Video-Hinweis
1460036790	OptLaptop
1460064152	SettingsItemlabel01
1460868982	fWrap
1461243386	ContextMenu2
1463046869	* | Remove-AppxPackage
1463079445	Скриншот сохранён на Рабочий стол.
1463176949	ie4uinit-show.log
1463502666	AboutHeader2
1464122578	StartupError
1464605838	MultipleProgramCopies
1464610098	.lnk
1464637364	OptLaptop
1465157267	Я не використовую паролі при вході до облікового запису Windows
1466447992	Файл реестру.reg
1466953957	Clear-RecycleBin -Force
1467298111	LanmanWorkstation
1467318499	OptOldDriverRemove1
1467696984	<Enabled>false</Enabled>
1467806432	SOFTWARE\\Classes\\SystemFileAssociations\\
1468107660	checkboxcleaner12
1468184963	BrokenShortcutFound1
1468295110	Отключение сетевого доступа к доменам сбора данных
1468330601	API Key
1469558558	CreateSymbolicLink
1469575556	Wenn Sie das Glück haben und Sie kennen solchen Player wie PotPlayer und anderen großartigen Playern, dann deaktivieren Sie diese scheiße mit Namen Windows Media.
1469741153	Enter your previous activation code\r\nyou received to the specified e-mail.
1469921934	Toggle11
1470019026	Video tutorials
1471076798	Будильники и часы
1471118979	" /q /f
1471144698	interface15
1471160799	Блокування\r\nДозволяє блокувати запуск виконуваних файлів. Якщо ви введете, наприклад, iTunesHelper.exe, то навіть після оновлення iTunes, процес iTunesHelper.exe ніколи не зможе з'явитися у Диспетчері завдань.
1471466793	служба-pushtoinstall-windows
1471554443	! ! !
1471861180	Speichern
1473435572	Software\\Microsoft\\Internet Explorer\\Main
1473476786	HKLM\\Software\\Policies\\Microsoft\\Windows\\DataCollection!**del.AllowTelemetry
1473714197	EnableSmartScreen
1474258332	Очистка кэша установок Windows
1474804115	Очистит в реестре журналы использования компьютера, удалит неверные записи, ошибки реестра, а также произведёт ремонт классов и расширений. Все эти операции уменьшат размер реестра, а также ускорят работу компьютера за счёт отсутствия бессмысленного чтения несуществующих данных.
1475466272	Der Status konnte aufgrund einer veralteten Version von .NET Framework auf Ihrem Computer nicht gesichert werden. Bitte aktualisieren Sie .NET Framework, um zurück zu gelangen.
1475521350	Данный пункт отключит бессмысленную службу Темы. Если вы уже настроили тему и вас устраивают звуки и курсоры, служба вам не нужна. Обои можно будет менять в любом случае.
1475622078	\\Code Cache
1476050762	Враховуючи, що у вас ноутбук, можливо, не варто робити стиснення вище рівня Ноутбук. Деякі користувачі ноутбуків (менше 1%, але тим не менше) мали проблеми з деякими драйверами після більш сильного стиснення.\r\n\r\nВи впевнені, що хочете змінити ступінь стиснення?
1476825411	съёмных устройств –
1477023547	Встановити авторські чорні курсори
1477150650	\nex 
1477182893	imageres.dll,228
1477543710	Google
1477678497	\\.VirtualBox
1478744336	веб-клиент
1479171655	Изображения
1479213960	%windir%\\system32\\SecurityHealthSystray.exe
1479408968	{0}
1479430920	PenService
1480062085	модули-ключей-ipsec
1480409796	\\Uninstall Information
1480445506	Ich verwende kein Passwort, wenn ich mich beim Windows-Konto anmelde
1480473216	Люди
1480570308	If you don't use Clouds via WebDAV or don't know what WebDAV is, you can safely check this item.\r\n\r\nGoogle Drive and other Cloud clients will work anyway.
1480669189	Removing useless Microsoft system folders.
1480710232	Confidentiality13
1481166619	служба-управления-корпоративными-entappsvc
1482444826	Die Dienstkonfiguration bleibt unverändert.
1483509677	Hier können Sie eine Konfiguration anwenden, damit bei der fünfmalige Drücken der Taste Shift keine Benachrichtigung und die Anhaftung der Umschaltung kommen.
1483963340	OptStartClear
1483987613	Настройки
1484198901	Diese Schaltfläche stellt die ursprüngliche Größe des Ordners WinSxS wieder her.
1484920292	...
1485461728	. 
1485789312	ExportExtsDone
1486937710	\\temp
1486997799	\\0012ee47-9041-4b5d-9b77-535fba8b1442\\6738e2c4-e8a5-4a42-b16a-e040e769756e
1487189494	SkyDrive
1488845482	Reset all prompts and warnings
1488992173	Якщо вам пощастило бути знайомим з PotPlayer та іншими чудовими плеєрами, варто відключити непорозуміння під назвою Windows Media.
1489200075	 
1489344164	2022
1490177579	дней
1491902646	Confidentiality5
1491926564	Advanced
1491981763	Icon
1492915198	Неочікувана помилка
1493622814	MixedReality_text
1494538895	StartupAddItem
1494922862	Skype_text
1495338149	EnterYourEmail
1496251799	\\DefaultIcon
1497294932	explorer
1497697842	Прибрати дублікати дисків
1498118020	SOFTWARE\\Classes\\WMP11.AssocFile.MOV\\shell\\Enqueue
1498268406	serv12
1498366095	Dim
1498693466	20
1499895446	публикация-ресурсов-обнаружения-fdrespub
1500521835	DaysLabel
1500527981	Serv21
1501246866	Katalog:
1501369960	Check35
1501607273	\\Internet Settings\\Zones\\3
1501680963	ReleaseId
1502121070	Manufacturer
1502413093	Я не использую пароли при входе в учётную запись Windows
1502591968	(minimieren)
1503081379	StartupOpenDialog
1503302276	TermService
1503345828	Datei ist zu Groß
1503735044	OptDoesntNeed
1503978115	ru-
1506330222	UninstallString
1507073145	%systemroot%\\Blank.ico,0
1507280244	x86
1508311286	Viewer_del
1508661211	AboutButton
1508677393	System16
1508701666	credentialenrollmentmanagerusersvc
1508759237	CloseCleaner
1510007536	CertPropSvc
1510956241	GB
1511596178	Serv20
1512224154	\\shell\\open\\command
1512466640	RAM-Reinigung Widget
1512759351	Ссылка на скриншот результатов сканирования скопирована в буфер.
1513006438	xpress16k
1513825425	This is the Win 10 Tweaker settings file from
1513880149	\\USOShared\\Logs
1513936852	Ваш Ryzen может работать быстрее на текущей Windows 11, если применить отключение бестолкового TPM-хранилища. Прирост составит не менее 3%.
1513961125	Check56
1513964955	UnistoreSvc
1514074399	The activation code you've entered doesn't match the specified e-mail.\r\n\r\nProceed to checkout?
1515661147	RestoreSystem7
1515766272	BingWeather_text
1516460909	EnterOldPCID1
1516646090	AarSvc
1517016955	Ви дійсно хочете безповоротно видалити
1517507886	узел-службы-диагностики
1518689093	CaptionWidth
1519483777	Getstarted_
1520676179	Dienstverwaltung in Windows
1520766736	AboutDonate1
1521022283	ItemName
1521149189	Clearing Windows Defender cache
1521253557	kill
1522008360	ButtonBack
1522368674	4096
1522502989	OptReplaced
1522734981	AppsAlreadyRemoved
1523347496	WOW6432Node\\
1523751424	NormalReboot;SafeMode;SafeModeCMD;SafeModeNetwork
1524520498	Confidentiality3
1525384121	CursorBlinkRate
1526335581	contextmenu14
1526742906	I don't change the Internet configs, it is already working
1527236707	Если вы знакомы с VirtualBox, то отношения с виртуализацией от Microsoft вам точно не захочется заводить.
1527653323	ReacivationQT0
1528099623	\\NVIDIA Corporation\\NVIDIA Broadcast
1528220988	В указанной папке нет драйверов.
1528241211	Параметри Windows
1528301898	Entfernt das Limit aus der Pfadlänge des Explorers
1528431354	HKLM\\Software\\Policies\\Microsoft\\Windows\\DeviceInstall\\Settings!DisableSendGenericDriverNotFoundToWER
1528464256	Name
1529504952	Copy
1529788048	OptTip1
1530574815	({0} build {1})
1530967700	checkBoxCleaner14
1531715551	RegRegistry
1532270708	:F
1532550629	10
1532595857	*\\AppxManifest.xml' -DisableDevelopmentMode
1532862987	\\Microsoft\\Windows\\Temporary Internet Files
1533201810	≡
1534097099	Правило успешно удалено
1534789319	Безопасный режим с поддержкой командной строки
1534974597	\\Music\\iTunes\\Album Artwork\\Cache
1535116734	SysInfoConnected78
1535368241	OptWaitCompress
1536615686	Alle Tray-Symbole anzeigen
1536726084	Software\\Win 10 Tweaker
1536823588	HKLM\\Software\\Policies\\Microsoft\\Windows\\AppCompat!DisableInventory
1536845738	OptWaitRestore
1536889661	SOFTWARE\\Classes\\AudioCD\\shell\\play
1536922025	Software\\Classes\\CLSID\\{20D04FE0-3AEA-1069-A2D8-08002B30309D}\\shell\\RegRegistry
1537018596	UBPM
1537067663	Get-AppxPackage *
1537912899	URL protocol
1537921920	system8
1538675178	redist
1538845737	chrome
1539188796	Directory\\shell\\
1539647581	ВиджетСвернуть
1540444513	\\CentBrowser\\User Data
1541399135	APISaved
1541557573	RestoreContextMenu1
1543222195	Alle Änderungen, die Win 10 Tweaker angewendet hat, zurückstellen
1543319699	Bei der Erreichung von 90%
1543918455	мусора
1544015121	Ich konfiguriere das Internet nicht neu, es ist bereits konfiguriert und funktioniert
1544082156	обнаружил недостающие библиотеки DirectX. Если хотите их скачать, просто нажмите на это уведомление.
1544223023	2
1544657909	serv18
1544753502	64
1545097133	Вам лучше не применять эту категорию, т.к. на вашей Windows 7 без службы Темы всё будет выглядеть крайне убого.
1545418859	Я не использую локальную сеть (ни проводную, ни беспроводную)
1545636557	Це ваше перше включення нейромережі на цій Windows. Штучному інтелекту Win 10 Tweaker необхідно навчитися, щоб самому визначати каталоги зі сміттям. Навчання може зайняти кілька хвилин.\r\n\r\nПриступаємо?
1546355894	ShowRecent
1546482044	OptTip2
1546897331	LegacyDisable
1547538035	This tweak will disable autorun for removable media (flash drives, removable disks and other devices) that Windows Explorer instantly tries to open when connected using the potentially dangerous autorun.inf file. This tweak will not allow viruses to crawl into the system and run their scripts.
1548090149	Duplikate werden ersetzt...
1549136753	StartupBlueWorking
1549574513	sc create delusb binpath= "reg delete HKLM\\SYSTEM\\CurrentControlSet\\Enum\\USBSTOR\\
1551222343	Schließen
1551266390	Remove language popup bar (right side)
1552579986	Verdana
1552594471	panelmenu7
1552902677	Microsoft ночами не спит, думает: есть чё продиагностировать, а если найду?
1552983587	Automatisch reinigen...
1553708724	CreateRestorePoint
1554259883	Upon reaching 60%
1554404146	Serv14
1554688194	First Run AppsVisited
1554798383	Check22
1554866196	Provider Name
1556069045	\\DCBC2A71-70D8-4DAN-EHR8-E0D61DEA3FDF.ini
1556207231	Control Panel\\International
1556336164	Ви дійсно хочете перемістити цей файл у кошик?
1556435327	Add Cleaner to the Recycle Bin context menu
1556941018	Mail and Calendar
1557881256	\\3D Objects
1557930276	.exe
1558242634	WOW6432Node\\
1559084492	Manufacturer
1559544250	Check42
1559759620	Sie können Computerressourcen ziemlich gut freigeben, indem Sie die Dienste deaktivieren, die Fehler erfassen und behandeln.
1560950234	RestoreContextMenu6
1561555168	IE10TourShownTime
1561621774	checkBoxCleaner14
1561803581	vmictimesync
1562072577	TipAutorunsWin10
1562193597	ВиджетChoice1
1562657385	Schau mal das neueste Video mit den Entwicklungsnotizen an\r\nYoutube
1562667830	SilentInstalledAppsEnabled
1565142384	Сценарій Windows.cmd
1565296781	Upon reaching 90%
1566155952	MenuLabel6
1566921742	ApplyButton7
1566944083	Removing all diagnostic reports.
1566952217	Удаляем?
1567041175	Schwach
1568745782	interface7
1568972845	https://www.google.com/favicon.ico
1569898438	wlpasvc
1569980163	OptAskRestore
1570763419	Circular Kernel Context Logger
1572074086	SysInfoLaptop
1572365362	Ваш колишній код активації:
1572789261	If you don't use LAN, this item can immediately disable a bunch of services that periodically run in the background.
1573997150	GetProHeader
1574582733	Software\\Microsoft\\Windows\\CurrentVersion
1575645120	Check57
1576017306	" ""
1577592457	_usb1
1577923265	Upload.ee
1579309566	MenuItem3
1579384139	logs
1579689545	This tweak removes «3D objects» folder from «Users» folder.
1579789450	regfile\\
1579915600	Movies and TV
1580134159	Block
1580134760	Очистит кэш эскизов (превьюшек) проводника Windows (во всех папках), а также устарелую информацию живых плиток родного Меню Пуск. Потребуется Выход / перезапуск Проводника.
1580264246	Запускать проверку битых ярлыков при старте программы
1580680972	StartupConfirm2
1580897823	&resource=
1580904579	Добавляет пункт, позволяющий Копировать в буфер само изображение, а не файл.
1580928852	Cleaned2
1581071233	Filename:
1582176047	serv20
1583179836	StorSvc
1583306464	SkinPopupDemo
1584443249	Confidentiality15
1585535180	Segoe UI Semilight
1586130457	Scan-Ergebnis .png
1586244948	RestorePointType
1588062829	З огляду на, що у вас настільний ПК і ви не використовуєте біометрію для ідентифікації на комп'ютері, можна видалити невикористовувані драйвери та модулі біометрії, натиснувши Застосувати.
1588168012	Shift8
1588584151	CLSID\\{7AD84985-87B4-4a16-BE58-8B72A5B390F7}\\InProcServer32
1589143195	ОЗП:
1589197919	удалено
1590140174	Этот твик позволит запомнить вид открытых папок, чтобы восстановить их после Выхода или Перезагрузки.
1590450336	VirusTotalClean
1590474618	Вам нужен свой API-ключ
1591248225	\\Explorer\\CommandStore\\shell\\Personalize
1591764998	VirusTotalImgBBCopy
1593097389	ByteSize
1593139876	\\wbem\\Logs
1593195075	Автоматически проверять обновления
1593265651	SaveCleanerCheks
1593289924	ToggleEnabled
1593427471	checkboxcleaner14
1594597993	Все обнаруженные битые ярлыки были удалены.
1594992255	OptOldDriversDeleted3
1595595095	Завантаження
1595960795	Confidentiality7
1596171771	Confidentiality11
1596715598	Calibri
1596852867	\\Explorer\\CommandStore\\shell\\NormalReboot
1597496866	Gruppenrichtlinien-Editor
1597625939	Paint_text
1598105334	P9RdrService
1598134812	SOFTWARE\\WOW6432Node\\Microsoft\\Windows\\CurrentVersion\\Run
1598549383	Без изменений
1598843061	store
1599214462	Removing the history of USB drives connected to the computer. It is useful for those who don't want to leave a mark and don't like that the flash drive's letter is remembered and doesn't wanna be unremembered, but you need it.\r\nCleaning doesn't affect other USB devices. Only flash drives and external drives.
1599301170	Изменить в Paint 3D / Print 3D
1599423198	Feedback_
1599709091	BlockerPanel
1599781261	Objekte, die Sie hier sehen, werden bei jedem Start des Computers gestartet
1599900922	Середнє
1600351082	UsoSvc
1600701891	fonfile\\
1601273388	CreateSymbolicLink
1602112326	Wecsvc
1602333065	checkboxcleaner1
1602364507	Додає до контекстного меню на робочому столі пункт, що дозволяє запускати Командне вікно.
1602957412	PersonalJPEG
1603376198	Розблокувати класичний «Перегляд фотографій Windows»
1604082103	Restore previous versions
1604449330	ServAI
1604614339	SettingsButton
1604696160	checkBoxCleaner16
1605130847	NumberOfSIUFInPeriod
1605144528	PromotedIconCache
1605456086	xbox
1605796634	Directory\\shell\\runas
1605931816	Вам потрібен свій API-ключ
1606450880	Are you sure you want to permanently remove
1606814902	ApplyButton
1607633340	JPEGImportQuality
1608091319	Shade
1608403677	PathName
1609678828	ContextMenu15
1610622930	Ram70
1610727054	AllowTelemetry
1611552976	AllowExperimentation
1611630879	contextmenu17
1612061245	\\config\\systemprofile\\AppData\\Local\\Microsoft\\CLR_v4.0\\UsageLogs
1612458989	\\Shutdown\\command
1612631244	Personal11RyzenPerfomance
1612751501	\\GameDVR
1613969480	MenuLabel10
1614363742	Відновити всі програми
1614494285	I don't use Windows localizations, except for the existing ones
1614584513	PersonalNotebookWiFi
1614602854	_ram1
1614610945	AD000000000000000000000063040000
1614619036	So beheben Sie das zufällige Ausschalten von Numlock (Zahlen auf der Tastatur rechts),\r\naktivieren Sie diese Konfiguration.
1614652879	HKLM\\SOFTWARE\\Policies\\Microsoft\\Windows\\WDI\\{9c5a40da-b965-4fc3-8781-88dd50a6299d}\\!ScenarioExecutionEnabled
1614923433	506
1614984066	Die Optimierung wird empfohlen, nachdem alle Treiber aktualisiert und die Programme konfiguriert wurden.
1615467568	BthAvctpSvc
1615795901	\\catroot2\\edbres00002.jrs
1616229927	\\Microsoft\\CLR_v4.0_32
1616283188	Перемикач вимкнено
1617764925	.3ds
1617938880	AnimationsShiftKey
1618048328	DisplayName
1618092978	Удаление слишком интуитивного префикса-постфикса для ярлыков.
1618119869	Software\\Classes\\CLSID\\{20D04FE0-3AEA-1069-A2D8-08002B30309D}
1619052604	Registrierungsdatei .reg
1619260506	ThreadingModel
1619650522	Durch Anwenden dieser Tweak deaktivieren Sie nicht nur die angegebene Funktionalität, sondern blockieren auch eine Menge Microsoft-Spione gleichzeitig.
1619787076	.bmp
1619913623	Відкривати .nfo та невідомі файли Блокнотом
1620072679	Reboot;
1621765407	Das Data-Mining-Tool
1622354155	CDPSvc
1623344346	Get Lifetime Pro
1623603258	\\WindowsStore\\WindowsUpdate
1624079222	GeneratedBy
1624919503	TipSystemInfo
1625000407	Control Panel\\Colors
1625105590	Your previous activation code:
1625140922	Подождите, идёт поиск дубликатов...
1625260154	Wählen Sie ein Objekt aus, das Sie zum Autostart hinzufügen möchten
1626159527	mspaint
1626520441	Trained
1626799750	Deaktivieren Teredo, ISATAP и IPv6
1626810197	@=
1627222000	*
1628030047	Это уменьшит размер кнопок\r\nСвернуть / Развернуть / Закрыть\r\nв окнах на 20%.
1628446773	Check33
1628563350	PersonalRestore
1628576860	Software\\Classes\\SystemFileAssociations\\
1628819736	\\shell
1630308412	Serv11
1630979490	SuppressionPolicy
1631257995	Dim
1631518169	hours
1632256189	perceptionsimulation
1633314414	TypeOverlay
1637312933	Добавить пункт «Загрузить на Upload.ee» (файлообменник)
1638629360	Очищення кешу установок Windows
1639333784	StartupYellowTip7
1639468015	Löschen alle temporären Dateien in allen temporären Verzeichnissen
1639577463	DaysLabel
1640474520	PleaseWaitVT
1640843512	Upload.ee
1640868782	\\BitLockerDiscoveryVolumeContents
1641045461	служба-имитации-восприятия-windows
1641682493	Documents
1642034719	" & del "
1642164806	Interface1
1642612847	Очищено
1642629029	EmptyThisFolder
1644282804	0000
1644366000	SettingsButton
1645173670	NoDriversFound
1645431726	LaunchTo
1646272882	Choose compression method first
1647713387	system6
1648811884	YouNeedAPI
1648958779	confidentiality5
1649088866	SuperButtonBlock
1649166769	Запускать очистку оперативной памяти вместе с Windows
1649456164	CreateSymbolicLink
1649557776	*\\Shell\\
1651444926	checkBoxCleaner1
1651451431	p2psvc
1651562011	Додасть на Робочий стіл значок, а не ярлик «Комп'ютер».
1652005533	Закрити
1653374495	Feedback_del
1654451136	SettingsItemlabel08
1654641017	LanmanWorkstation
1654982010	Serv13
1655062023	CleanerException1
1655114863	Löschen alle Systemsprachen, die nicht vom System verwendet werden
1655346138	Close
1656455371	Видалити сміттєві пункти контекстного меню
1656677642	/c chcp 65001 & schtasks /TN \\Microsoft\\Windows\\Maintenance\\WinSAT
1656799891	Видалення всіх системних мов, що не використовуються системою
1657083076	Logout;
1657656464	SuperButtonClose
1657916747	\\Steam\\tenfoot\\config\\images\\web
1658343947	ServTooltipEmpty
1658691658	SettingsItemlabel04
1659637287	RemoveAllPermanently1
1660082502	fdPHost
1660332709	OptOldDriversDeleted3
1660403289	serv23
1660435653	{0} {1} / {2}
1660750480	\\Internet Settings\\Zones\\1
1660969788	AppModel
1661092917	DisableInventory
1661565017	contextMenuStrip1
1662817984	\\Run
1663275809	-210
1663993664	PenService_
1664134234	interface17
1664157530	ContextMenu10
1664740138	HeaderPanel
1665134400	HKLM\\Software\\Policies\\Microsoft\\SQMClient\\Windows!CEIPEnable
1665488034	SettingsItemlabel05
1665993589	SysInfoOS
1666112750	PushToInstall
1667021610	PimIndexMaintenanceSvc_
1667176531	-270
1667334991	\\Microsoft\\CLR_v4.0
1667399719	Generated by
1667456356	Очистит кэш от файлов установок NVIDIA (папку Installer2) и кэш установок (MSOCache) от Microsoft Office.\r\n\r\nЕсли вы часто переустанавливаете Office и вместе с дровами от NVIDIA ставите дополнительный хлам, то Вам не рекомендуется этот пункт.
1667544817	Ускорение частоты мерцания курсора
1669169054	System Information
1669174117	Löschen?
1669256203	Win 10 Tweaker определил, что вы не используете локальную сеть, а значит «Сеть» в Проводнике для вас бессмысленна. Нажмите Применить, чтобы избавиться от ненужного пункта.
1669730959	\\Policies\\System
1670070581	Немає доступу до мережі.\r\nПеревірте підключення до інтернету.
1670422793	DisableWebSearch
1670841297	</title><style>
1671475020	Serv2
1671563529	true
1672252387	ApplyButton8
1672294692	powershell
1672748179	Einfrieren
1673843797	AppMgmt
1674176188	System16
1674355694	HKLM\\Software\\Policies\\Microsoft\\Internet Explorer\\SQM!DisableCustomerImprovementProgram
1674379967	localserver32
1674591475	Disabled
1674784005	Im Kompatibilitätsmodus mit Windows 8.1 gestartet
1674838562	Pro version Funktionen:\r\n• Systemoptimierung (Komprimieren, Reinigung, Duplikaten Ersatz)\r\n• Reinigung den RAM-Speicher des Computers per Schlüssel/kill\r\n• Export und Import Einstellungen (inkl. stillen Import)\r\n• Export und Import von Treiber (inkl. der Liste den Programmen)\r\n• Export und Import von Dateiendungen (auf sauberes Windows)\r\n• Persönliche Empfehlungen (beschleunigung, fixes, fehlerbehebung)\r\n• Überwachung der Relevanz der Benutzer-APIs\r\n• Dateien nach Viren prüfen und vieles mehr
1675405587	DiskManagement
1675585036	\\Microsoft\\Windows
1676030303	imageres.dll,235
1676084423	TipCleaner
1676509072	Deaktivieren den Netzwerkzugriff auf die Domänen der Datenerhebung
1676655019	Header
1676707203	PersonalDay
1677829636	OptCanCompress
1677895219	\\DefaultIcon
1678216809	Відключення перевірки звернень через Зворотній зв'язок
1678823232	Во многих программах присутствуют всплывающие подсказки старого образца уродливого жёлтого цвета. Эта настройка изменит цвет на бледно-бледно еле заметный голубой.
1679623244	Cleaned1
1679648512	Column1
1680041838	\\explorer\\Shell Icons
1680434936	system8
1680896985	\\shellex\\ContextMenuHandlers\\ModernSharing
1680910666	C:\\
1681132399	, true
1681756674	Shutdown;
1681766359	\\Opera Software\\Opera Stable\\Cache
1681887202	WMessageDontShowAgain
1682146322	Tips
1682511918	Serv8
1682781221	Check72
1683605544	Löschen Browser-Cache nur. Einstellungen, Cookies, Verlauf und Passwörter sind nicht betroffen.
1683633263	powershell.exe /command schtasks /change /tn '\\Microsoft\\Windows\\UpdateOrchestrator\\Schedule Scan Static Task' /enable; schtasks /change /tn '\\Microsoft\\Windows\\UpdateOrchestrator\\Schedule Scan' /enable
1683696338	расширяемый-протокол-проверки-eap
1683802984	isable
1683871389	Your Windows by default excludes the ability to launch Command Prompt from a folder. By applying this recommendation, you can return it.
1684386066	\\Reboot
1684421787	TipVirusTotal
1685037247	SELECT * FROM WmiMonitorID
1685189286	OptOldDriversDeleted2
1685216493	NormalReboot
1685851660	Vorherige Version wiederherstellen
1686927879	служба-лицензий-клиента-clipsvc
1688461828	PcaSvc
1688652946	Українська
1689332531	BlockexeAlreadyExists
1689875250	SmartScreenEnabled
1689978292	Windows Store
1690020342	Auf das Gerät übertragen
1690771657	YouTubeMiniLabel4
1691024233	Scenarios\\HypervisorEnforcedCodeIntegrity
1692154227	:F
1692741829	\\DriverStore\\Temp
1692835644	Ein erklärendes Video zum Programm
1693174438	SuperButton1
1693678903	Кількість видалених копій та дублікатів:
1693713196	PlayButton
1694355803	LastCleanup1
1694998573	fonfile\\
1695146114	Это файл настроек Win 10 Tweaker от
1695539533	DupesDetected
1695547259	SafeModeCMD
1696286751	VirusTotalFilesError
1696384255	brndlog.txt
1697251866	Interface17
1698541299	Cleaned1
1698857093	WiaRpc
1698911086	Spooler
1699513654	https://win10tweaker.ru
1700895719	Briefcase
1700960447	MainPanel9
1701556746	Я не использую Облаки через WebDAV / не знаю, что это
1701864014	OptCleanedUp
1702587854	GodMode;
1702847126	Удаление всех системных языков, не используемых системой
1703046800	This tweak disables notification about launching executable files.
1703128292	Очистить кеш від файлів установок NVIDIA (папку Installer2) та кеш установок (MSOCache) від Microsoft Office.\r\n\r\nЯкщо ви часто перевстановлюєте Office та разом із дровами від NVIDIA ставите додатковий мотлох, то вам не рекомендується цей пункт.
1703466369	ProductName
1704329206	Serv9
1704503788	Встановити авторські сині папки
1705345800	Активована довічна Pro-версія\r\nКод активації:
1705554334	Anwenden
1705887330	Reboot;
1706032696	OptPleaseWaitCleaner
1706106632	YouHaveLatestVersion
1706147504	Скопировано
1707260800	subcommands
1707875967	HKLM\\SOFTWARE\\Policies\\Microsoft\\AppV\\CEIP!CEIPEnable
1707912879	Start_TrackDocs
1708401437	Start Page
1708698552	TipOptimization
1708891701	*.txt
1709323268	В фоновом режиме был обнаружен битый ярлык:
1709635626	Auto Update
1709823304	Приховані / тихі ключі Win 10 Tweaker
1709944984	О программе
1709987289	TapiSrv
1710947852	Confidentiality5
1711037774	NeuralNetworkTrained
1711398455	SOFTWARE\\Microsoft\\Speech_OneCore\\Preferences
1711784019	photoviewer
1712031250	Check38
1712130638	.dae
1712300792	SysInfoMilliseconds
1712482850	\\Personalize
1712759206	BrokenShortcutFound1
1712762841	Segoe UI
1713074383	Win10HomeSuggestion
1713623586	SOFTWARE\\Microsoft\\PolicyManager\\current\\device\\Bluetooth
1713930735	powershell.exe /command reg add 'HKLM\\SOFTWARE\\Microsoft\\Windows NT\\CurrentVersion\\Image File Execution Options\\MsMpEng.exe' /v Debugger /d 
1714373180	Ram80
1714487908	\\Microsoft\\Internet Explorer
1714840033	Ваша система может быть сжата.
1716117241	OptUnavailable
1716601277	StartupSupportedTypes
1716746915	The drivers have been successfully saved to:
1717355956	SOFTWARE\\Microsoft\\Windows\\CurrentVersion\\Policies\\Explorer
1717441923	,
1717792268	HKLM\\Software\\Policies\\Microsoft\\Windows\\AdvertisingInfo!DisabledByGroupPolicy
1718137345	control.exe /name Microsoft.AdministrativeTools
1718443431	NewVersionAvailable
1718500068	.nfo files by default open by the System Information window. This tweak changes the default application for this type to Notepad so that you can read the real information inside the file. You could also «Edit» unknown files with Notepad.
1719553179	.jpeg
1719700503	vmictimesync
1719960986	Beim Start des Programms auf fehlerhafte Verknüpfungen prüfen
1719988348	Deaktivieren verdeckte Systemüberwachung
1720002029	Диспетчер пристроїв
1720830360	Ich erlaube keine Fernbedienung meines Computers
1720841239	_
1721169240	Broken shortcuts have been successfully detected.
1721917373	Служб, готовых к отключению:
1721960950	\\Policies\\Attachments
1723798225	HKLM\\SOFTWARE\\Policies\\Microsoft\\Windows\\Windows Search!AllowCloudSearch
1723941574	ServReset2
1724591151	\\InProcServer32
1725798445	Скріншот збережений на Робочий стіл.
1725991880	Column3
1726481844	Выполняю
1726841781	StartupShortcut3
1727257742	PersonalApplied
1727372839	Serv11
1727405389	NetworkError
1727567847	about
1727799033	VirusTotalDetectionRatio
1728169116	and folder
1729340645	WalletService
1730154527	7
1730338750	Ваша система може бути стиснена.
1730671551	свободного места
1730755651	Connection error
1730755957	SOFTWARE\\Policies\\Microsoft\\Windows\\AppCompat
1732491000	Свернуть
1732541474	.
1732566909	*-*
1733313154	Häkchen der Reinigung wurden in den Datei Win 10 Tweaker.ini\r\ngespeichert
1733408921	System10
1733631637	Выберите папку для сканирования:
1734343173	Хочете видалити без можливості відновлення?\r\n\r\nЯкщо натиснете Так, програма буде видалена назавжди.\r\nЯкщо натиснете Ні, програму можна буде повернути.
1734445971	Здесь вы можете сконфигурировать службы Windows, в зависимости от характера использования компьютера.\r\n\r\nПо завершении конфигурации нажмите кнопку Применить.\r\n\r\nВ любой момент можно откатить состояние служб на то состояние, которое было до конфигурации.
1734712982	служба-восприятия-windows
1735077680	Фільми й ТВ
1735171825	\\Microsoft\\EdgeWebView
1735213470	OptTip3
1736601293	PnPCapabilities
1737206251	ActivateLink
1737514137	Software\\Valve\\Steam
1737804169	PersonalDoNothing
1737970844	panelVT
1738584122	\\Explorer
1738719778	Here you can see objects, that run with Windows every time you turn on the computer.\r\n\r\nWhen you hover mouse over the object you'll see the full path.
1739042310	{B4BFCC3A-DB2C-424C-B029-7FE99A87C641}
1739833459	Win + E opens «This PC»
1739918181	compact /compactos:never
1740628162	DevicePasswordLessBuildVersion
1741002259	Segoe UI (TrueType)
1741347694	\\Adobe\\Flash Player\\NativeCache
1742057886	FDResPub
1742324412	Shift + ПКМ
1742373176	Programme und Komponenten
1742519420	факс
1742783335	Службы
1743052301	PersonalWarning
1743215230	\\imageres.dll_bak
1744057200	{0} {1} ({2} {3})
1744178023	Interface4
1744837818	Загрузить на ImgBB
1744940255	verbunden–
1744953936	Введіть свій колишній код активації,\r\nякий ви отримували на вказаний e-mail.
1745311894	Löschen alle Dateien aller vorhandenen Diagnosen in Windows
1745557542	"
1746026452	Fügt Punkt «Hash abrufen» von Dateien ein
1746468897	З огляду на те, що ви використовуєте твік Нормальні шрифти, ви можете застосувати цю рекомендацію, щоб додатково бачити день тижня у треї (там, де годинник).
1746558607	RemovePermanently2
1746624703	Apply this configuration to disable annoying complete computer setup every time you turn it on.
1746662880	Если вы уже настроили интернет, локальную сеть, выставили DNS, если нужно, и провели прочие настройки сети, то вам не нужны постоянно работающие службы.
1747168414	StartupService
1747561777	Disabling of Microsoft experimental interventions
1747761566	Отримати Hash
1748027597	windowsupdate
1749627751	DiskManagement
1749708131	Я не використовую Теми Windows / використовую, але не змінюю
1750614277	EFS
1751462402	Disabling user behavior recording
1751923249	SOFTWARE\\
1752068887	checkAll5
1752093160	Kompression auswählen:
1752246889	windowsupdate;
1753212989	Последняя очистка: 
1753288589	\\Display\\command
1753883485	Automatisch alle Antispyware aktualisieren. Alle
1753913305	leveldb
1753965489	VirusTotalLargeFile
1753993883	Confidentiality12
1755032650	\\HandwritingErrorReports
1755292824	The shortcut on this object is placed here:
1755345008	DisabledByUser
1755470010	\\Shutdown
1755527279	System1
1755774743	"(.*?)":{"detected":(.*?),"result":(.*?),"update":(.*?),"version":(.*?)}
1756542256	ExportExtsAsk
1757025778	serv9
1757279800	Імпорт налаштувань Win 10 Tweaker
1757713785	2
1758338352	Последнее сканирование:
1758809196	Закрепить на начальном экране
1759705150	In Anbetracht der Tatsache, dass Sie die Optimierung für normale Schriftarten verwenden, können Sie diese Empfehlung anwenden, um zusätzlich den Wochentag in der Taskleiste anzuzeigen (wo sich die Uhr befindet).
1759752267	YouHaveLatestVersion
1760082562	.bat;.exe;.reg;.vbs;.chm;.msi;.js;.cmd
1760309662	Cleaned up: 
1762451339	Serv9
1763169408	Очистить тільки кеш браузерів. Налаштування, куки, історія та паролі не будуть зачіпатися.
1763716897	RestoreInterface17
1764013129	InstallDate
1764235775	HKLM\\Software\\Policies\\Microsoft\\PCHealth\\ErrorReporting\\DW!DWNoFileCollection
1764268139	Apply
1764350679	Ваша Windows початково занижує якість шпалер, які ви встановлюєте.\r\nВи можете відключити цю ведмежу послугу натисканням Застосувати.
1764425213	serv15
1766007341	First Run Autorun Service Remover
1766013201	Serv10
1766061747	вільного місця
1766102202	Would you like to copy this error and share with the developer?
1766175021	cmd.exe /c takeown /f "%1" && icacls "%1" /grant 
1766191203	Ich verwende keine Windows-Verwaltungstools
1766344932	\\Microsoft\\Windows\\WebCache\\WebCacheV01.dat
1766455709	LargeSystemCache
1767188893	UptimeSeconds
1767379807	Device Manager
1767501251	ShellHWDetection
1767631338	HeaderPanel
1767683522	VirusTotalPNGClipboard
1767701626	OptOldDriverRemove2
1767782536	\\DeliveryOptimization
1768231739	This tweak adds domain addresses to hosts and Windows Firewall, where Microsoft sends data of user activity.\r\n\r\nHosts is a system file, that allows to redirect network addresses to another ones. This tweak redirects such spy network addresses to nowhere.
1768250034	checkboxcleaner6
1769471156	Form1
1769822992	Beenden und deaktivieren UAC (Benutzerkonten-Steuerung)
1770843622	OptOldDriversDeleted4
1771223828	Ця дія не можна буде скасована.\r\nПродовжуємо?
1771280751	DisplayName
1771769449	schtasks /delete /tn "
1771922152	Mixed Reality
1773017722	Добавить пункт «Удалить содержимое папки»
1773488237	Serv15
1774307437	Sketch
1774803239	\\Run
1775597817	Check3
1775611498	MenuLabel8
1776117188	Clearing cache of NVIDIA installation folder (Installer2) and Microsoft office (MSOCache).\r\n\r\nIf you frequently reinstall Microsoft Office and NVIDIA drivers, don't use this tweak.
1776595098	Налаштування збережені поруч із Win 10 Tweaker.\r\n\r\nНалаштування включають у собі всі застосовані на цьому комп'ютері твіки, а також відключені служби.
1777294552	.reg\\ShellNew
1777731162	-
1778341909	SettingsItemlabel08
1778850507	служба-диспетчер-печати-spooler
1779766802	StartupGrayTip
1780114513	StartupScheduler
1780200245	Optimization
1780256245	Normale Schriftarten und Darstellung
1780264973	Entwicklungshinweise zum Win 10 Tweaker
1780907439	WebClient
1781601349	serv25
1781985762	Here you can see objects, that run with Windows every time you turn on the computer
1782022355	If you don't like the volume of all programs going down when using the microphone, use this recommendation to disable this disservice.
1782998232	AllowExperimentation
1783353606	(chosen)
1783560913	VirusTotalImgBBCopy
1783597531	progressBar2
1784209471	Вы уверены, что хотите восстановить службы на то состояние, которое было до применения конфигурации в программе?
1785872897	4
1786790231	Check9
1787208964	YouTubeHeader
1787390859	Додає пункт, який дозволяє отримати Hash (контрольну суму) будь-якого файлу.
1787492909	Bei der Erreichung von 50%
1787632243	OptStartClear
1787892363	OptClicktoNavigate
1788001468	ShowRecent
1788349179	OSE.EXE
1788898147	Будь ласка, зачекайте
1789087375	isable
1789384672	Serv4
1789469411	Перезавантаження
1789652950	Экспорт драйверов
1789819359	*.lnk
1789887405	расширения-и-уведомления-printnotify
1790295636	PersonalNumLock
1790872892	Wenn Sie kein Passwort, PIN-Codes, Fingerabdrücke und Windows Hello verwenden, können Sie den Basisdienst deaktivieren, der für die Autorisierung von Windows verantwortlich ist.
1791136837	DesktopBackground\\Shell\\cmd
1792497357	Ви використовуєте інший браузер як основний, натиснувши Застосувати можна позбутися вбудованого Edge разом з його службами, шпигунами і планувальниками (Активація Xbox буде недоступна).
1793448868	Hotkey
1793967754	MenuLabel3
1794160741	PersonalNC
1794565672	Недостаточно места на системном диске, чтобы вернуть файл гибернации.
1795400903	Ram700
1796043350	This tweak disables all types of geolocation services.
1796056662	OptSearching
1797244313	Löschen Windows Update-Cache.
1797701650	ToastEnabled
1797806775	і папки
1797996326	SettingsItemlabel02
1798376289	MB
1798399720	*\\shell\\runas
1798574274	serv24
1798945787	interface3
1799050155	Sketch_text
1799215623	HKLM\\Software\\Policies\\Microsoft\\Windows\\WindowsUpdate\\AU!**del.ScheduledInstallTime
1799420732	Einstellen die schwarzen Cursor des Entwicklers
1799525383	0d,
1799674871	TipVirusTotal
1799920047	Alles kopieren
1801189535	SysInfoMilliseconds
1801229990	GetHelp_text
1801393213	" /disable
1801416083	MainPanel7
1801539145	PersonalMTIA
1801549019	\\shellex\\ContextMenuHandlers\\ModernSharing
1801757205	People_
1802121551	Show folder merge conflicts
1802553731	Kaufen Pro
1803015507	SettingsItemlabel07
1804230154	Treatment
1805427402	Disabling data collection in Task Scheduler
1806755483	SOFTWARE\\Classes\\SystemFileAssociations\\image\\shell\\edit\\command
1807375780	HKLM\\Software\\Policies\\Microsoft\\Windows\\Maps!AutoDownloadAndUpdateMapData
1807463673	SensrSvc
1809280066	служба-доступа-к-данным-пользователя
1810003846	StartupForCurrent
1811340410	Якщо ви вже налаштували інтернет, локальну мережу, виставили DNS, якщо потрібно та провели інші налаштування мережі, то вам не потрібні постійно працюючі служби.
1811797454	ProtectionDetection
1812625193	PreventHandwritingErrorReports
1813689777	Відображати порожні диски
1814329978	ToggleDisabled
1815082824	Times New Roman
1815206952	BcastDVRUserService
1815360397	Serv6
1816807891	cmd.exe /c ren C:\\Windows\\system32\\upfc.bak upfc.exe
1816946987	cmd.exe /c takeown /f "%1" /r /d y && icacls "%1" /grant 
1818078274	Видалення всіх існуючих системних звітів
1818154821	OptWait
1820474320	Ram50
1821199769	System.Net.Sockets.SocketException
1822389191	exefile\\shell\\Firewall_Allow
1822815828	muiverb
1824303221	GetHelp_
1824311815	GetProHeader
1824858834	StartupYellowTip7
1825028799	Fügt ein Element hinzu, mit dem Sie genau das Bild in die Zwischenablage kopieren können, keine Datei.
1825366876	Toggle10
1825952134	Circle
1826054670	Разовый доступ позволит сделать вас владельцем тех мусорных файлов и папок, на которые нужны особые права доступа.\r\n\r\nТребуется один раз, поэтому галочка на этом пункте всегда снята, по умолчанию.
1827640559	contextmenu7
1827753833	Ви дійсно хочете скасувати стиснення?
1829479714	checkBoxCleaner13
1829558158	Портфель
1829571714	Data mining tool
1829620260	Get-AppxPackage -AllUsers | where-object {$_.name –like '*
1830182333	Add item «Upload on Upload.ee» to files context menu
1830324706	I don't allow remote control of my computer
1830690513	contextmenu8
1831156231	Додати пункт «Завантажити на Upload.ee» (файлообмінник)
1831660351	ToggleEnabled
1831813054	checkBoxCleaner11
1831881680	проводная-автонастройка
1832254917	Netlogon
1832421023	Скинути
1832442942	ms-settings:display
1832850267	Win10HomeSuggestion
1832953691	StartupForAll
1833722639	DevQueryBroker
1834163152	HideMergeConflicts
1834855446	Install author's black cursors
1835154342	InterfaceFolder
1835219788	MoUsoCoreWorker.exe
1835345938	system11
1835769947	Reinigung und Reparatur der Systemregistrierung
1837522285	ExportFileNotification
1838272751	OneSyncSvc_
1838331834	{ACD2BEB0-17F5-4FF1-8A1C-60606069FB98}
1838402207	Резервная копия системы
1838460155	Serv19
1839078308	VacSvc
1840157860	В «Планировщике заданий» есть целый ряд служб, которые после своей работы собирают данные о своей работе и отправляют их в Microsoft. Данный твик остановит и отключит это поведение.
1840255622	Interface10
1841191580	Die Reinigung des Betriebssystems von veralteten Treibern, Duplikaten von dieser Treiber sowie deren Backups.
1841427967	Wenn Sie nicht möchten, dass die Lautstärke aller Programme bei Verwendung des Mikrofons abnimmt, verwenden Sie diese Empfehlung, um diesen Dienst zu deaktivieren.
1841448240	OptConfirmDelete
1841841474	.cab
1843512227	* | Remove-AppxPackage; Get-AppxProvisionedPackage –online | where-object {$_.packagename -like '*
1843621675	Segoe UI Bold (TrueType)
1843653575	SomethingWentWrong
1844220252	is in
1844739938	AppsCantBeRestored
1844889624	*
1845325818	сервер
1845673731	_7 ExportDriversIcon
1845903608	Schließen
1847208427	system5
1847307346	checkBoxCleaner18
1847394647	PersonalBIO
1848002768	System7
1848429930	_2 RestoreSystemIcon
1849042490	У зазначеній папці немає драйверів.
1849652569	Serv25
1849939536	\\Adobe\\Flash Player\\AssetCache
1850746523	адаптер-производительности-wmi
1850771370	N/A
1851377636	CloseButton
1852048139	Enabled_old
1852233329	SuggestionsURL_JSON
1852272804	ContextMenu4
1852338430	запомнил галочки Очистки\r\nв файл Win 10 Tweaker.ini
1852362703	SettingsItemlabel11
1852581160	Fügt Punkt «Ordnerinhalt löschen» ein
1852672855	Добавляет в контекстное меню файлов пункт, позволяющий загружать любые файлы на файлообменник с помещением прямой ссылки на файл в буфер обмена.
1853102703	MainPanel2
1854000190	CPU:
1854218038	PersonalUP
1854393083	0
1854547003	Check3
1855235095	При достижении 50%
1855561980	YouTubeMiniLabel2
1856063426	This object is a service
1856429708	checker4
1856541560	Видалення мертвонароджених папок Windows
1857614071	Confidentiality4
1858031188	WrongEmailPcid
1859076567	Deaktivieren der Datenerfassung für installierte Anwendungen
1861236608	Удалит содержимое временных папок, кэш установок Internet Explorer, кэш инсталляций онлайн-загрузчиков, сами загрузчики из временных каталогов Internet Explorer, а также ярлыки из «Области навигации».
1861315257	Photos_
1861346925	\\Explorer\\HideDesktopIcons\\NewStartPanel
1861601150	explorer
1862570050	MessagingService
1862867927	]
1863007134	Очистить кеш від встановлених ігор на системному диску, очистить кеш Steam (якщо є), очистить кеш відеокарт NVIDIA / AMD / Intel.
1863425743	https://www.bing.com
1863594564	OptRestore1
1863996392	MixedReality_
1864048350	CleanerLogQT
1865082912	CheckForUpdates
1865778334	BrokenShortcutFound2
1865896259	TipAutorunsWin10
1866473756	%SystemRoot%\\system32\\mmc.exe /s %SystemRoot%\\system32\\devmgmt.msc
1866571260	fWrap
1866918971	{1CF1260C-4DD0-4ebb-811F-33C572699FDE}
1867055271	Diagtrack-Listener
1867173754	buyknow
1867809401	SOFTWARE\\Classes\\Directory\\background\\shell\\cmd
1868152576	Check36
1868205808	Копировать в буфер
1868230081	GeneratedBy
1868259082	p2pimsvc
1868560022	SubCommands
1869442956	System5
1869773055	\\Microsoft\\Windows\\RetailDemo\\OfflineContent
1870393379	Möchten Sie wirklich alle Änderungen, die Win 10 Tweaker angewendet hat, zurückstellen?
1870519529	Icon
1871493262	24
1871930571	Ihr Windows reserviert ein paar GB freien Speicherplatz auf dem Systemlaufwerk für seine eigenen Anforderungen. Um den reservierten Speicher zu deaktivieren, klicken einfach auf Übernehmen.
1872458403	StickyNotes_text
1874508709	\\Uploadee.exe
1876265259	serv25
1876533371	sc config seclogon start= demand
1876987755	Добавляет в контекстное меню изображений пункт, позволяющий загружать JPG, PNG, GIF, BMP на хостинг изображений ImgBB.com\r\n\r\nПосле загрузки ссылка копируется в буфер обмена.
1877044392	Serv7
1877695132	RAMCleanMode2
1878185532	:F
1878923984	WdiSystemHost
1878937392	Інформація про автозавантаження недоступна, бо\r\nзахист на Вашому комп'ютері блокує роботу\r\nWin 10 Tweaker. Призупиніть антивірусні\r\nпрограми, або додайте Win 10 Tweaker\r\nу список виключень у своєму антивірусі.
1879272180	Remove annoying shortcut prefix and postfix from shortcuts.
1879666442	Програми та засоби
1880494061	Стандартный монитор
1880551366	CloseButton
1880723078	WindowsAlarms_text
1881436256	Add item «Get Hash» (checksum) to files context menu.
1881775079	Hash abrufen
1882295760	ServStepsLabel2
1882685676	Control Panel\\Keyboard
1883976056	Entfrosten
1884166311	SOFTWARE\\Microsoft\\Windows\\CurrentVersion\\BackgroundAccessApplications\\Microsoft.549981C3F5F10_8wekyb3d8bbwe
1884187336	{1A68CF90-753A-4523-A4A4-40CAB4BC6EFF}
1884250411	days
1884351846	ServReset1
1884518523	MinimizeButton
1884889545	tip3
1884891760	Камера
1886198525	schtasks /change /tn "\\Microsoft\\Windows\\Windows Error Reporting\\QueueReporting" /disable
1886231577	Check74
1887236307	If you don't have a printer, you don't need print services.
1887636129	Win 10 Tweaker
1888784975	Less an hour remaining...
1889381191	Serv4
1889558582	NgcSvc
1889599625	Datenträgerverwaltung
1890338832	Закрепить на панели быстрого доступа
1891008534	RAMCleanMode2
1891077707	OptRestore1
1891562545	Wenden Sie die Konfiguration von Entwickler an, um die Größe und Anzahl vom System generierten Berichte zu minimieren. Dies verlängert die Lebensdauer Ihrer Festplatte / SSD erheblich.
1892246675	ie4uinit.exe
1892871315	ServBonus2
1893124335	(історія версій)
1894581757	" /f
1894664923	Microsoft Print
1895685243	OptUnavailable
1895925883	XboxNetApiSvc
1896071496	SYSTEM\\CurrentControlSet\\Enum\\USBSTOR
1897262892	NeuralNetworkTrained
1898486605	Схоже, що ви або недавно робили очищення, або система занадто свіжа.\r\nСпробуйте пізніше.
1898932804	OptReplace
1899006953	Оптимизация
1899189224	confidentiality16
1899595178	Fügt verlangsamte Animation der Fenster hinzu, dabei Shift gedrückt halten
1899761756	^("[a-z]|[a-z]):.[^:]*(\\.exe|\\.dll|\\.ico|\\.png).?[^:]*$
1899963708	Automatically check for updates
1900731548	imageres.dll,101
1900939450	StartupSupportedTypes
1901645171	PersonalUP
1901792456	Разовий доступ дозволить зробити вас власником тих сміттєвих файлів і папок, на які потрібні особливі права доступу.\r\n\r\nНеобхідно один раз, тому галочка на цьому пункті завжди початково знята.
1901831264	of junk files
1902232790	Reboot
1902333987	LeftMenu2
1902571830	checkboxcleaner12
1902775509	User Choice set via Windows User Experience
1903438779	TweakAppliedNot
1903495416	\\Default\\Service Worker
1903640139	interface7
1904166353	\\Windows Search
1904283216	system3
1904573409	powercfg -h off
1904678534	Стиснута папка
1905124026	tw*
1905183841	contextmenu11
1906360884	Ihre E-Mail-Adresse:
1907698662	Очищення системних журналів Windows
1908085951	SYSTEM\\CurrentControlSet\\Control\\Session Manager\\Memory Management
1908742091	cmd.exe /c del /q /f 
1908779148	InstallerCore
1908794419	Освобождено:
1908976690	_9 WidgetIcon
1910707754	(обрати)
1911058828	Запускать трей-виджет очистки оперативной памяти вместе с Windows
1912261181	OfficeHub_text
1912414910	Удаляет из контекстного меню Создать пункты:\r\n\r\n• Точечный рисунок\r\n• Контакт\r\n• Документ в формате RTF\r\n• Сжатая ZIP-папка\r\n• Портфель\r\n\r\nПортфель удаляется навсегда.
1912453436	BingWeather_del
1913219615	contextmenu14
1913967409	AMD
1914382696	Правила не існує
1914424746	cmd.exe /c schtasks /change /tn "\\Microsoft\\Windows\\WaaSMedic\\PerformRemediation" /disable
1915743214	OptOldDriverRemove1
1916586445	YouTubeMainLabel4
1916832368	To be able to view the contents of msi packages using the context menu (Extract),\r\nApply this configuration.
1917601550	HKLM\\Software\\Policies\\Microsoft\\SQMClient!**del.CorporateSQMURL
1918966807	 
1919563141	Confidentiality7
1919623327	wird nicht mehr gelöscht.\r\n\r\nAlle Ausnahmen werden in Win 10 Tweaker.ini gespeichert
1919805598	SOFTWARE\\Wow6432Node\\Classes\\CLSID\\{F02C1A0D-BE21-4350-88B0-7367FC96EF3C}\\ShellFolder
1920989751	FlagUkrainian
1921043128	confidentiality8
1921447678	\\GameDVR
1921768549	Upon reaching 30%
1922057686	DelegateExecute
1922451948	служба-наблюдения-за-датчиками
1923047102	Leute
1923082556	[HKEY_CURRENT_USER\\
1923137168	checkBoxCleaner18
1923527429	are currently active
1923707321	cmd
1924778806	Rich Text Document
1924962075	MD5: 
1926130661	Удаление префикса «Ярлык для...» / постфикса «– Ярлык»
1926517361	Clear system repository (WinSxS) from old updates and component copies. Doesn't affect the current updates.
1926599639	RestoreConfidentiality13
1926625290	\\Download
1926755377	ContextMenu5
1927102731	serv7
1928507840	*.log
1928814117	Here you can configure Windows services based on your computer usage.\r\n\r\nAfter completing the configuration, click the Apply button.\r\n\r\nAt any time, you can roll back the state of services to the previous one before the configuration.
1929306425	R.I.P.
1929410793	Dieser Tweak deaktiviert die meisten Protokolle wie Teredo-, ISATAP- und IPv6.\r\n\r\nEs wird nicht empfohlen, dieser Tweak auf einem Arbeitscomputer zu verwenden (in den Firmen).
1930676999	Ram
1931699593	Software\\Classes\\CLSID\\{20D04FE0-3AEA-1069-A2D8-08002B30309D}\\shell\\SerServices
1931885686	Управління службами в Windows
1933070784	SOFTWARE\\Policies\\Microsoft\\Windows\\HandwritingErrorReports
1933091809	This tweak disables memory diagnostics.
1933468928	FirewallName
1933670083	96
1934016680	Сделать cmd, PowerShell и Контекстное меню менее страшными
1935343446	serv32
1935367719	AnimationsShiftKey
1935371314	RAM Cleaner Tray
1935735856	ServTooltip
1936725114	ScanWithAntiVirus
1936918597	Ram70
1937004765	system17
1937915182	netsh interface teredo set state default &netsh interface isatap set state default &netsh int ipv6 isatap set state default &netsh int ipv6 6to4 set state default &netsh interface IPV6 set global randomizeidentifier=enabled &netsh interface IPV6 set privacy state=enabled
1938547078	GoToWebSite
1938711389	CopyToClipboard
1938729349	XblGameSave
1939926597	Accelerate previews appearance of taskbar items
1940267412	NeuralNetworkTrained
1940372813	Videoform
1941280397	PersonalFSCapture
1941567036	Counter3
1941697123	Unwiderrufliche Löschung
1941739335	CleanerException3
1942207328	служба-завершения-работы-hyper-v
1942512067	днів
1943337408	Я не використовую Історію файлів Windows / не знаю що це
1944060665	Прибрати затримку появи контекстного меню
1945708635	StartupShortcut2
1945789545	Display.PhysX
1945802892	OneNote_del
1945886637	Install author's blue folders
1945969020	; 
1945975638	Запускати додатково нейромережеве очищення комп'ютера
1947090803	NetTcpPortSharing
1947867541	Header
1948604776	\\Drivers
1949246125	Перевірка на віруси за допомогою API-ключа
1949271618	\\shell\\
1949295851	DPS
1949745512	SOFTWARE\\Policies\\Microsoft\\Windows\\AppCompat
1949867522	Skript Windows.cmd
1951065186	Serv5
1951089459	\\Policies\\Attachments
1952069034	serv8
1952179882	Communications_
1952358171	Отключение и полное выпиливание шпионских модулей от Microsoft
1952447382	Drive
1952785975	Этот твик уже применён
1952842612	\\Default\\Cache
1952963977	serv19
1953372380	RemoveAllAppsDone
1953386061	RAMCleanerMM
1953724981	Wenden Sie das an, wenn Sie den Ordner Temp in das Stammverzeichnis des Laufwerks verschieben möchten.\r\nNach der Anwendung muss man neu starten.
1954145987	Zusammen mit Windows eine benutzerdefinierte Reinigung starten
1954269116	\\Locktime\\NetLimiter\\4\\logs
1954649079	PC works:
1954660668	Language
1954798040	Видалить історію підключених до комп'ютера USB-накопичувачів. Корисно для тих, хто не хоче залишати сліди та кому не подобається, що буква флешки запам'яталась і розпам'ятовуватись не хоче, а вам потрібно.\r\nОчищення не зачіпає інші USB-пристрої. Тільки флешки та зовнішні диски.
1955076333	Lifetime Pro has been activated\r\nActivation code is:
1955864479	Disable annoying warning when running any executable files
1955871054	Link
1956216691	Замінено дублікатів:
1957252302	AppModel
1959879497	ScDeviceEnum
1960033226	MainPanel10Line2
1960803145	PrintNotify
1961114660	serv28
1961155703	\\SoftwareDistribution\\DataStore\\Logs
1961272055	\\Explorer\\StartupApproved\\Run32
1961656923	\\NVIDIA\\GLCache
1961875380	Телеметрія – це опція, яка збирає інформацію про вашу поведінку та відправляє її в компанію Microsoft, нібито для того, щоб поліпшити свої майбутні продукти.\r\n\r\nДаний твік відключить всі типи телеметрії Windows, Microsoft Office, Visual Studio.
1962309273	Uploader{0}
1962729477	Microsoft хотела бы знать, как часто вы обращаетесь в поддержку. Данный твик отключит эту проверку.
1963302009	0
1963484280	SystemStateBeforeW10T
1963562183	serv25
1963741807	#.##
1964291267	Отключённых служб:
1964915983	Полное выпиливание OneDrive со всеми его следами в системе
1965202622	Beim Anwenden dieser Tweak wird der Verwendungsverlauf für Dateien und Ordner, für die Symbolleiste und das Startmenü für den Schnellzugriff deaktiviert.\r\n\r\nDieser Verlauf beinhaltet:\r\n\r\n• Kürzlich verwendete Dateien\r\n• Kürzlich geöffnete Dateien ins Startmenü\r\n• Häufig verwendete Dateien
1965260321	Завершить
1965300529	This tweak inverts Command Prompt background from white to black and backward. Also adds to Command Prompt and PowerShell 5% of transparency.\r\n\r\nThis tweak changes context menu view, by changing big arrows with thin ones, and bold separating lines with nice tiny strips.
1965503051	schtasks /change /tn "\\Microsoft\\Windows\\MemoryDiagnostic\\ProcessMemoryDiagnosticEvents" /disable &schtasks /change /tn "\\Microsoft\\Windows\\MemoryDiagnostic\\RunFullMemoryDiagnostic" /disable
1966856552	Apply this configuration on your laptop to keep Wi-Fi connection stable. This tweak will prevent random Wi-Fi shutdown, which ostensibly saves energy.
1967597118	ShowHideSysFldrs
1968408572	This tweak will disable usage history for files and folders for the Quick Access Toolbar and Start Menu.\r\n\r\nThis history includes:\r\n\r\n• Recently used files\r\n• Recently opened Start files\r\n• Frequently used files
1968661444	Interface16
1968685717	win10tweaker.
1968790900	Drop Files Here
1970413557	AboutVersionLabel
1970616872	EnableVirtualizationBasedSecurity
1971424019	Import Drivers
1971527685	schtasks /create /xml "
1972959388	Check63
1974238378	Ноутбук
1974365372	RestoreContextMenu3
1975031304	SuperButtonClose
1975531718	linkmenu2
1975743527	Laptop
1975781925	interface3
1976265239	RAMContextMenuMinimize
1976965502	associators of {{{0}}} where AssocClass = Win32_LogicalDiskToPartition
1977039076	exefile\\shell\\Firewall_Block\\command
1978321658	Очистка и ремонт системного реестра
1978946374	LeftMenu7
1979221023	Я не нуждаюсь в фоновой диагностике компьютера
1979278498	Данная программа прописана в «Планировщике заданий»
1979423092	_____________________________________________________________________________
1979651735	contextmenu12
1979996762	FontSmoothingType
1980013535	Software\\Classes\\Local Settings\\Software\\Microsoft\\Windows\\Shell\\MuiCache
1980065719	OptOldDriverRemove2
1980246969	SOFTWARE\\WOW6432Node\\Microsoft\\VSCommon\\16.0\\SQM
1980887192	SystemFileAssociations\\image\\shell\\print
1981985524	SysInfo6
1982694670	01MD5
1982746854	Информация о ноутбуке
1983131673	AppCaptureEnabled
1983626575	Check71
1983904517	Если у вас нет сканера – вам не нужны службы сканера.
1984569277	.cmd\\ShellNew
1985024228	Відключення ведення запису поведінки користувача
1985376440	255 255 225
1986121291	Debugger
1986122914	BthAvctpSvc
1986281975	Фотографии
1986290066	Остановить и отключить UAC (Контроль учётных записей)
1986894898	У багатьох програмах присутні підказки старого зразка потворного жовтого кольору. Це налаштування змінить колір на блідо-блідо ледве помітний блакитний.
1987201189	Отключение проверки обращений через Обратную связь
1988099856	Start
1988362336	Ram90
1988689537	control.exe
1989358556	checkBoxCleaner11
1989844918	\\Minidump
1989853009	\\Default\\Code Cache\\js
1989853185	microsoft.
1990233084	serv12
1991717498	\\NVIDIA\\OptixCache
1992482136	HasLUAShield
1992573191	lmhosts
1995112468	2
1995215455	cmd.exe /c schtasks /change /tn "\\Microsoft\\Windows\\WaaSMedic\\PerformRemediation" /enable
1995351245	Removing useless NVIDIA / AMD / INTEL driver installation folders.
1995574957	Check80
1995579989	\\GodMode
1996412703	textBox1
1996995077	I don't use USB modems or USB routers
1997114987	 task
1997509249	При досягненні 40%
1998104580	Virus Scanner
1999432416	Прибавилось
2000192342	HKLM\\Software\\Policies\\Microsoft\\Windows\\WindowsUpdate\\AU!NoAutoUpdate
2000395454	checkBoxCleaner14
2000574202	:F /t
2000582293	Reinigung starten 
2000681753	Даний пункт містить у собі наступні служби:
2000889407	SYSTEM\\CurrentControlSet\\Control\\WMI\\Autologger\\Diagtrack-Listener
2001444446	Letzte Reinigung: 
2001749852	CopyImageToClipboard
2001931090	%systemdrive%\\Temp
2002217418	Disable Microsoft's data encryption suite if you don't use encryption.\r\n\r\nThere are more reliable and correct tools for strong encryption than what Microsoft offers.
2002365777	MainPanel8
2002382355	checkAll
2002488906	.cmd\\ShellNew
2003085497	" && Timeout /t 1 && "
2003317237	confidentiality10
2005037064	Ram30
2005133008	SysInfoConnectionError
2005801297	Back
2005857934	compact /c /i /a /f /q /s /exe:lzx "%systemroot%\\winsxs\\*.*"
2005898389	Перейти на сайт програми
2006382440	Показывать все значки в трее
2006694798	ContextMenu4
2007319514	SettingsItemlabel01
2008106154	*
2008881304	netsh advfirewall firewall delete rule name="Win 10 Tweaker – Cortana 🔎"
2009396604	Sie haben einen ausreichend leistungsstarken PC, um den Bildvorschau-Cache zu vergrößern. Auf diese Weise wird der Cache nicht zu oft überschrieben (damit die Festplatte / SSD nicht schädigen).
2009399494	Ram20
2009404695	Karten
2009473858	Entfernt alle Diagnoseberichte der Windows-Diagnosen.
2009747205	Отключение определения местоположения пользователя
2010231186	\\Performance\\WinSAT
2010832643	ttffile\\
2011149757	*\\shell\\runas
2011277858	Fügt die Fähigkeit zum Erstellen hinzu:\r\n\r\n• Skript Windows.cmd\r\n• Registry .reg-Datei\r\n• Skript VBScript.vbs-Datei\r\n\r\nim Kontextmenü des beliebigen Ordners, einschließlich des Desktops.
2011327759	http://www.google.com/search?hl=ru&q=
2011965580	You can clear RAM with the middle mouse button in the floating Widget and Tray.
2012528893	checkBoxCleaner3
2012749181	Serv22
2012959547	Entfernt die Verzögerung im Erscheinungsbild des Kontextmenüs
2014510425	BTAGService
2014639881	YouTubeMiniLabel2
2014916976	This file have never been checked at VirusTotal, so about a minute is needed for file to be checked by half a hundred of antiviruses.\r\n\r\nIt's not recommended to check files too much frequently.
2015261638	ServYes
2015805364	X8
2015902987	Windows-Dienste in dieser Kategorie \r\nsind auf Ihrem Computer nicht gefunden
2017647054	Скидання конфігурації
2017829168	Registrierungs-Editor
2017958397	;
2018008640	Добавить на Рабочий стол значок Компьютер, а не ярлык
2018342476	Відключення всіх видів телеметрії Windows, Office, Visual Studio
2018439980	I don't use a printer, neither virtual, nor networked, nor local
2018704871	{0}\\steamapps\\libraryfolders.vdf
2019140717	RestoreServices
2020078496	Photos
2021506457	Counter1
2022469250	checkBoxCleaner16
2023011857	schtasks /change /tn Microsoft\\Windows\\Wininet\\CacheTask /disable & schtasks /delete /tn MicrosoftEdgeUpdateTaskMachineCore /f & schtasks /delete /tn MicrosoftEdgeUpdateTaskMachineUA /f & sc delete MicrosoftEdgeElevationService & sc delete edgeupdate & sc delete edgeupdatem
2023588595	contextmenu8
2024384323	Get Help
2024411685	Очистка ОЗУ
2025053616	CleanerSavedMarks
2025143993	By default, the ability to boot to Safe Mode is disabled in Windows\r\nusing the F8 key. You can fix it easily here by Apply.
2025255891	Ihr Betriebssystem benötigt keine Komprimierung
2026668998	\\LocalLow\\Temp
2027848138	VirusTotalResults
2028456236	TipAutorunsWin7
2028872962	Якщо ви не користуєтеся Metro програмами, включаючи Пошту, Калькулятор і сам Магазин Windows, сміливо відключайте величезний комплекс служб.\r\n\r\nВАЖЛИВО розуміти, що управління програмами (видалення, встановлення, оновлення) стане повністю недоступне. Тому попередньо відвідайте категорію Програми у Win 10 Tweaker.
2028955920	\n\n
2029070113	Якщо ви не знаєте, що таке Кіоск Windows і не використовуєте свій комп'ютер як рекламний щит, обирайте цей пункт.
2029165880	Serv12
2029696944	email
2030304459	.ico
2031319642	" "
2032204532	Segoe UI Semilight
2032478869	DevicePasswordLessBuildVersion
2032724890	\\NormalReboot
2032787965	interface13
2033684065	ImportFileDialog
2034054020	AboutIcon
2035145841	Отмечая данный пункт, вы продлите срок службы своего HDD / SSD от беспощадного индексирования службой поиска.\r\n\r\nОднако, если вы используете Историю отдельных файлов для их отката, оставьте этот пункт.\r\n\r\nРекомендуется всё же применить пункт, чтобы продлить срок службы HDD / SSD.
2035685808	Icon
2036369554	LastBootUpTime
2036499310	contextmenu10
2037422779	Serv24
2037544144	interface8
2038143816	Adding to This PC context menu links:\r\n\r\n• Administrative Tools\r\n• Safe Mode\r\n• Device Manager\r\n• Control Panel\r\n• Programs and Features\r\n• Local Group Policy Editor\r\n• Registry Editor\r\n• Services\r\n• Disk Management
2038217983	Keyboard Layout\\Toggle
2038868418	OneNote
2039273024	Interface
2040872448	SysInfoMonitor
2041861911	Interface17
2041876426	DropFileHereVT
2042083361	RasAuto
2042245040	Відпустіть
2042356540	171C2A
2042738875	Software\\Classes\\CLSID\\{20D04FE0-3AEA-1069-A2D8-08002B30309D}\\shell\\AdministrativeTools
2042819785	Disable quick access history
2043267895	Sketch_del
2043559782	ram
2043892611	MaxSize
2044620949	I don't use LAN (neither wired, nor wireless)
2044710524	\\Explorer\\StartupApproved\\Run
2044857699	AgreementText
2045085127	На основе вашего выбора средство интеллектуального анализа обнаружило, что дополнительно можно отключить следующие службы:
2045251961	\\diagnosticshub.standardcollector.service
2045410366	NetSetupSvc
2045954501	XboxGipSvc
2045998435	\\config\\systemprofile\\AppData\\LocalLow\\Microsoft\\CryptnetUrlCache\\MetaData
2046334464	DescriptionSuperexe
2046911823	OptNodupes
2046994587	Applied
2047244881	служба-датчиков
2048291342	\\Microsoft\\Search\\Data\\Applications\\Windows
2048635638	Додати пункт «Отримати Hash» для файлів
2049751487	SettingsItemlabel01
2050068787	ExportExtsDone
2050217674	Check31
2050585567	Sie benötigen Ihren API-Schlüssel
2051417326	Стиснення операційної системи для економії місця.
2052898809	Загрузки
2053047888	sc config "{0}" start= auto
2053275775	ConsentUxUserSvc
2053614695	Erhöhen den Dateisystem-Cache
2053941537	VirusTotalWait
2053965970	\\DiagTrack
2054590686	Arial
2055043310	\t
2055061248	ContextMenu2
2055186948	ContextMenu12
2055788130	Програми не можуть бути відновлені
2056577792	Win 10 Tweaker развивается в ногу с обновлениями Windows, следовательно, некоторые твики могут устареть из-за методов их применения. На вашем компьютере обнаружено несколько таких. Во избежание конфликтов Win 10 Tweaker откатил их. Всё, что вам нужно – просто применить их снова.
2056829376	Win 10 Tweaker – Антишпион 🕵
2057298286	HKEY_LOCAL_MACHINE\\SOFTWARE\\Microsoft\\Windows\\CurrentVersion\\Run
2057821082	is running in Windows 8.1 compatibility mode
2058501070	PersonalBIO
2058664058	System12
2058755708	link
2058784255	Beenden und deaktivieren Windows Defender und SmartScreen
2059210902	Ich benutze den Microsoft Store und seine Apps nicht
2060440316	Win 10 Tweaker determined that you aren't using a local network, which means that «Network» item is useless for your Explorer. Click Apply to get rid of it.
2060942214	ZuneMusic_text
2061842589	FlagRussian
2061860067	PersonalShift5
2062131726	Der Tweak deaktiviert:\r\n • SmartScreen-Anforderung\r\n • Preset-Anfrage\r\n • Nachrichten über Daniela Katzenberger :-)\r\n • Erster Gruß\r\n\r\nLegt Standardsuchmaschine Google fest und ersetzt die Bing-Suche auf Google in der Adressleiste und Suchen.
2062278901	Входящая скорость:
2062686275	SysInfoPC
2063164128	WindowsCamera_text
2063475686	MsMpEng.exe
2063906167	Почати стиснення
2063977227	MSIextract
2064033502	WSearch
2065341691	Shift4
2065651229	SafeModeNetwork
2065804958	Dieses Element - "Entfernen" (Verbergen) aus dem\r\nComputer:\r\n\r\n• Video\r\n• Dokumente\r\n• Downloads\r\n• Bilder\r\n• Musik\r\n• Desktop
2066447583	SysInfoLaptop
2067347745	ServStepsLabel1
2067538947	Експорт розширень
2067684003	\\WinSxS\\Temp
2067728022	DODownloadMode
2068360903	OptLaptopWarning
2068673261	Пользователи\\
2069063522	Click to navigate to the file
2069186392	Код активации, который вы указали не соответствует указанному e-mail.\r\n\r\nПереходим к оплате?
2069428064	SOFTWARE\\Policies\\Microsoft\\Windows\\AppCompat
2069561304	Зробити скрол-бар (смугу прокрутки) тонше
2070403316	Erweiterungen anzeigen
2070616265	SysInfoUSB
2070865365	Activate Pro Version
2071341095	Увеличить кэш файловой системы
2071641035	In diesem Ordner gibt es keine Treiber.
2071748420	checkboxcleaner11
2071979112	OfficeHub_text
2072623386	RAMContextMenuMinimize
2072688114	Error in AdjustTokenPrivileges: 
2072793297	contextmenu16
2073908143	OptUnavailable
2074038473	293440
2074264535	Konfiguration zurücksetzen?
2074433176	Serv23
2075225916	wmiApSrv
2075925683	SeRestorePrivilege
2076352124	AgreeButton
2076378589	RestoreInterface8
2076404308	Можете Применить эту конфигурацию, чтобы полностью отключить Центр уведомлений и больше никогда не видеть ни одного уведомления от этого Центра.
2076923621	VirusTotalSave
2077971846	Software\\Microsoft\\Windows\\CurrentVersion\\Explorer\\FileExts\\
2078483585	Run broken shortcuts check on the program start
2079305841	Check9
2079716908	=
2080056730	schtasks /change /tn "\\Microsoft\\Windows\\WindowsUpdate\\Scheduled Start" /enable & schtasks /change /tn "\\Microsoft\\Windows\\InstallService\\ScanForUpdates" /enable & schtasks /change /tn "\\Microsoft\\Windows\\InstallService\\ScanForUpdatesAsUser" /enable & schtasks /change /tn "\\Microsoft\\Windows\\InstallService\\SmartRetry" /enable & schtasks /change /tn "\\Microsoft\\Windows\\InstallService\\WakeUpAndContinueUpdates" /enable & schtasks /change /tn "\\Microsoft\\Windows\\InstallService\\WakeUpAndScanForUpdates" /enable
2080464962	schtasks /change /tn "\\Microsoft\\Windows\\Management\\Provisioning\\Cellular" /enable &schtasks /change /tn "\\Microsoft\\Windows\\Management\\Provisioning\\Logon" /enable
2081057371	XblGameSave
2081271949	Этот твик не применён
2081558588	Um mehrere Dateien gleichzeitig zu prüfen, packen Sie sie in ein Archiv.
2081939525	"positives":(.*?),
2081989374	<link>(.*?)</link>
2083276184	Я не використовую корпоративні інструменти управління Windows
2083393844	PersonalF8
2083402883	Segoe UI Light (TrueType)
2083495548	OptDragText
2083770813	Icon
2084655703	Список установленных программ
2084979696	rd "%userprofile%\\OneDrive" /s /q
2086234357	Without changes
2086769975	Serv20
2086980341	Öffnen .nfo und unbekannte Dateien im Textdokument
2087274023	SOFTWARE\\Classes\\WMP11.AssocFile.M4A\\shell\\Enqueue
2087316169	SysInfo9
2088693039	*'} | Remove-AppxProvisionedPackage –online; Get-AppxPackage -AllUsers | where-object {$_.name –like '*store*'} | Remove-AppxPackage;
2089457634	Create these shortcuts on Desktop:\r\n• Restart\r\n• Refresh\r\n\r\nRefresh is the author's script that correctly updates the Explorer shell without restarting it. Unlike standard Refresh function, this script also updates shortcuts cache and the cache of icons by type of extensions.
2089772697	Möchten Sie es löschen?
2089868464	BrokenShortcutDeleted
2090122341	Если вам не нравится, что громкость всех программ снижается при использовании микрофона, примените эту рекомендацию, чтобы отключить эту медвежью услугу.
2090252428	InstalledPrograms
2090339964	SEMgrSvc
2090397646	Clearing is in progress:
2090877144	Software\\Microsoft\\Internet Explorer\\SearchScopes
2090890783	GetEnvironmentVariable
2091853937	\\tracing
2092227174	RAM Cache Cleaner
2092774463	Die .nfo-Dateien werden in Windows als System-Datendatei geöffnet. Mit diesem Tweak können Sie den .nfo-Datein im Textdokument öffnen, um Sie die echten Informationen in der Datei lesen zu können. Unbekannte Dateitypen können im Textdokument der Punkt «Bearbeiten» im Kontextmenü geöffnet werden.
2092883911	Coffee
2093376008	Ця кнопка відновить оригінальний розмір всіх системних файлів
2093863497	Відключення експериментальних втручань з боку Microsoft
2093920134	Select file for scanning
2094020182	WindowsSettings
2094065772	Цей твік відключає діагностику оперативної пам'яті Вашого комп'ютера.
2094135409	ServTooltipEmpty
2094365266	ShiftCheck
2095535740	Confidentiality16
2097046401	Interface7
2097507350	AllowSpeechModelUpdate
2097563987	Internetzugang verbieten
2099113640	serv14
2099674731	Deaktiviert
2100254376	This 32-bit program runs on all PC accounts.
2100846881	PersonalShift5
2101016707	HARDWARE\\DESCRIPTION\\System\\CentralProcessor\\0
2101237142	This tweak stops and uninstalls OneDrive and all its tracks in the system drive.\r\n\r\nNOTE this: due to this process, Microsoft deletes all data you've synced to OneDrive.
2101419413	\\Chromium\\User Data
2102096313	ServAppsNotVisited1
2102099536	\\imgurUp.exe
2102685899	Очищення кешу встановлених ігор, Steam, Origin, відеокарт NVIDIA та AMD
2102718263	Logout
2102782991	Entfernt sinnlose, totgeborene Ordner von Microsoft.
2103060668	SaveCleanerCheks
2103939515	R.I.P.
2104317687	Сохранить
2104366233	Check61
2104725264	Пошта та Календар
2104777448	StartupSupportedTypes
2105402164	linkmenu2
2105689653	About
2106287571	PersonalFSCapture
2106378298	Nein
2106561318	Windows-Einstellungen
2107373009	$servs = @(
2107888721	checkBoxCleaner10
2108013232	Suche nach Musik im Internet
2109462818	ChangeLog
2109627351	Верно
2109654283	RestoreSystem17
2109669401	Serv15
2109970409	); foreach ($serv in $servs) { stop-service $serv; reg add "HKEY_LOCAL_MACHINE\\SYSTEM\\CurrentControlSet\\Services\\$serv" /v Start /t reg_dword /d "4" /f }
2110014060	"scan_date":(.*?),
2110269805	\\Shell\\3D Edit\\command
2110436900	MS Sans Serif
2111467846	SYSTEM\\CurrentControlSet\\Control\\WMI\\Autologger\\Diagtrack-Listener
2111753443	system4
2112091769	Удалит папки инсталляций драйверов NVIDIA / AMD / Intel и прочие.
2112253292	\\Vivaldi\\User Data
2112881186	Застосовуючи цей пункт, ви не просто відключаєте вказаний функціонал, але й блокуєте відразу тонну шпигунів від Microsoft.
2113374728	Screenshot auf dem Desktop gespeichert.
2113841549	HKLM\\Software\\Policies\\Microsoft\\Windows\\WindowsUpdate\\AU!**del.ScheduledInstallSecondWeek
2115319717	Serv23
2116718901	Don't close the program until the success notification appears.
2116759669	Home
2116832488	Very High
2116952763	Запускать пользовательскую очистку вместе с Windows
2116993806	\\LocalLow\\Microsoft\\Windows\\AppCache
2117193865	imageres.dll,242
2117859590	...
2118188419	Normale Farb-Tooltip
2118380002	.cmd
2118402257	Serv29
2119139984	/english /online /get-reservedstoragestate
2119250284	ModelDownloadAllowed
2120187358	UninstallString
2120988937	Вы ввели некорректный e-mail
2120994345	Netlogon
2121384606	serv4
2122127964	PersonalF8
2122358950	Version : 
2123432025	GetHelp_text
2123715644	ChooseCompression
2123764190	{3dfdf296-dbec-4fb4-81d1-6a3438bcf4de}
2123780372	Serv19
2124202946	Dieser Tweak ist noch nicht angewendet
2124301399	wscsvc
2125075006	Entfernen Sie doppelte Discs
2125116049	System Information
2125493070	Данный твик удаляет ваш рекламный идентификатор и возможность вообще показывать вам рекламу.
2125576630	\\Origin\\support
2125597655	\\Internet Settings
2126356615	Serv29
2127475960	Check8
2128172539	2
2128360850	Specify the drivers directory you wish to install:
2129064104	SettingsHeader
2129309000	47556D
2131615275	CopyAll
2131848972	Інформація про цей настільний комп'ютер
2132421046	If you like Win 10 Tweaker, you can buy me a cup of coffee ☕️
2132586592	ALG
2132618956	w10t
2132830967	Даний твік видалить геть два шпигунських модулі Microsoft, які покликані збирати інформацію про ваші дії та бездіяльность під час роботи комп'ютеру.
2134509656	Skype_del
2134686659	Deaktivieren der Sammlung/Verarbeitung den Daten im Windows-Ereignisprotokoll
2135045445	contextmenu1
2135092385	Disabling hidden system monitoring
2135493813	политика-удаления-смарт-карт
2136580733	PersonalDay
2136962965	2
2137562264	*\\Shell\\
2138026776	Хочете його видалити?
2138304868	Запустити повторне навчання нейромережі?\r\nЯкщо ви оберете Ні, буде використано попереднє навчання.
2138666999	PlayButton
2138808125	Cleaned1
2138825216	Система
2139269186	Win 10 Tweaker hat festgestellt, dass Sie FastStone Capture haben. Sie können es als Standard-Bildeditor festlegen (Rechtsklick auf Bilder - Bearbeiten).
2140614290	It's not recommended to run multiple copies of the program at the same time
2140963447	Unwiderrufliche Löschung
2141076339	ContextMenu13
2143162147	</span></a><br>
2143202602	Служб, готових до відключення:
2143275421	Add slow animation effect to windows while Shift is pressed
2143382250	email
2144931482	AssignedAccessManagerSvc
2145020483	Classic Tahoma fonts instead of new Segoe UI
2145749276	TermService
2145913731	DisableUAR
2146169454	Vollständiges Ausschneiden von OneDrive mit allen Spuren im System
2146814302	SettingsItemlabel03
2147011466	Apps wurden bereits gelöscht
